:020000041000EA
:10000000002008205B0100101B0100101D010010E2
:100010001101001011010010110100101101001058
:100020001901001019010010190100101F01001022
:10003000110100101901001021010010230100100E
:100040001101001011010010110100101101001028
:100050001101001011010010110100101101001018
:100060001101001011010010110100101101001008
:1000700011010010110100101101001011010010F8
:1000800011010010110100101101001011010010E8
:1000900011010010110100101101001011010010D8
:1000A00011010010110100101101001011010010C8
:1000B00011010010110100101101001011010010B8
:1000C00011010010110100101101001011010010A8
:1000D0001101001011010010110100101101001098
:1000E0001101001011010010110100101101001088
:1000F0001101001011010010110100101101001078
:100100001101001011010010110100101101001067
:10011000EFF30580103800BE00BE00BE00BE00BE7A
:1001200000BE00BEF2EB88713497001054970010A7
:100130009C01001090A31AE7D3DEFFFF42012110BB
:10014000FF010000A4A60000793512AB00201E4973
:10015000086006C881F3088810474FF050400068D7
:1001600008B10020F3E70DA40ECC002902D000F066
:1001700012F8F9E71549164A002000E001C1914242
:10018000FCD114498847144988471449884700BE60
:10019000FDE701C901C29A42FBD370475497001092
:1001A0001001002098110020DCA70010000008209A
:1001B00000000820DCA70010001008200010082014
:1001C000000000007047000008ED00E098110020DA
:1001D0005C480120655A0010E10100105D5A0010D2
:1001E0002DE9F04F0B20AFB003F0DEF8012206211D
:1001F000594803F05BF805F043FD4FF46C02574992
:10020000574800F077FB00238046564ACDE91F335C
:10021000CDE92133544C511E02F6C3252393C2F17C
:1002200001025018A4FB0063DB0803EB830303EB1C
:100230008303C01A0B288CBF5023B02301F8013F61
:100240008D42EED1494E4FF0000C3746484D24AC5C
:100250000FCD0FC42B6806F5407E23604FF00003DE
:100260005FFA8CF262F3070362F30F23BA7027F888
:10027000033B77450CF1010CF0D1FF234FF0FF3227
:1002800086F82F30A6F82D20B8F1000F40F02C8210
:10029000C246CDF8208001F023FA002800F05282F7
:1002A00024AA1FABBAF1000F08BF13464FF0000B92
:1002B000304A0C93304BD146D84508BF1A462F4BD5
:1002C0000E922F4A5E46DA4508BF1A46C2462D4DA9
:1002D0000D92CDF824B001F057FAC107044605D5B8
:1002E000FF2300201A460C9901F05AFAA20700F1E8
:1002F000D081630700F1C68101F03EFA224B0A90DB
:100300009F6ABB1B002B45DA099BFB1A002BE2DB23
:1003100029A801F093FA052002F0C2FF0A9B524679
:1003200000931A4BA3FB00312D9B194806932C9B7D
:10033000890C05932B9B04932A9B0393299B02937F
:10034000074B5B6801934B4605F022FD07F57423CC
:1003500003F510730993BEE7008C86470000101068
:10036000083A0120743D01201F85EB51243A0120F9
:1003700040900010688D0010888D0010BC8D00101A
:10038000A48D0010EC90001000000B4083DE1B4396
:10039000008E001012A801F0D1F904460028B3D055
:1003A000089B002B00F08A814FF47A430090019360
:1003B000BA4A0823BA4817A900F00AFC002800F03E
:1003C0007D8141F2084E5222B64B12F0800F18BFC9
:1003D0003F22AEF5206C05EBC208002218F8016B35
:1003E00004EB0C0126FA02F010F0010F0CBF002004
:1003F0000F200132082A01F8010BF3D10CF5A07C83
:10040000E645EAD113F8012F22B10EF1080EBEF530
:10041000AA5FDAD142F6080E0E9A1346127812F04D
:10042000800F18BF3F22AEF5206C05EBC2080022FA
:1004300018F8016B04EB0C0126FA02F010F0010F22
:100440000CBF00200F200132082A01F8010BF3D164
:100450000CF5A07CF445EAD113F8012F22B10CF180
:10046000080EBEF5255FDAD143F6084E41228E4BC9
:1004700012F0800F18BF3F22AEF5206C05EBC208CA
:10048000002218F8016B04EB0C0126FA02F010F0C0
:10049000010F0CBF00200F200132082A01F8010BC8
:1004A000F3D10CF5A07CE645EAD113F8012F22B177
:1004B0000EF1080EBEF5755FDAD145F2080E452241
:1004C00045F24018794BCDF82C9012F0800F18BFF0
:1004D0003F22AEF5206C05EBC209002219F8016B32
:1004E00004EB0C0126FA02F010F0010F0CBF002003
:1004F0000F200132082A01F8010BF3D10CF5A07C82
:10050000E645EAD113F8012F1AB10EF1080EC645DF
:10051000DBD146F2084E46F240580D9ADDF82C9099
:1005200013461278CDF82C9012F0800F18BF3F229E
:10053000AEF5206C05EBC209002219F8016B04EB43
:100540000C0126FA02F010F0010F0CBF00200F2062
:100550000132082A01F8010BF3D10CF5A07CE64525
:10056000EAD113F8012F1AB10EF1080EC645DBD1FE
:100570000C264FF0000804F554437C33DDF82C9032
:100580000B9304F56D438833CDE90F39CDF844B0B2
:1005900043460421464A29A805F01AFA0A9BC8EBEB
:1005A000081923FA08F313F0010F14BF4FF00F0BD3
:1005B0004FF0200B0F9B03EB49090B9B334418466C
:1005C0001822594608F022F900F5A0739945F6D192
:1005D0009DF8A4205AB329AB06F56649A9F56541F3
:1005E000F839B1F5A07F22D812F0800F18BF3F2252
:1005F000A9F5206E05EBC20B00221BF801CB04EB22
:100600000E012CFA02F010F0010F0CBF00200F2099
:100610000132082A01F8010BF3D10EF5A07EF14555
:10062000EAD113F8012F09F10809002AD6D108F1FF
:100630000108B8F10A0F06F11E06A9D1DDE9109BE9
:100640004FF496724FF00F311A4BA3FB0B035B096B
:1006500002FB13B303F5164203F52043224423445F
:10066000116051609160D16002F5A0729342F7D1A0
:100670001149129807F5024601F06EF80BF1010BD3
:10068000353641E6FF2324A91A46002001F088F8F8
:1006900032E6002001F0AEF82BE600BF481D012035
:1006A000083A0120D08C0010F08C0010108D001042
:1006B000FC8D0010B5814E1B243A0120601E04F50C
:1006C0007B46ABEB00003F3604F23F11A1F5A0736F
:1006D000C21803F8012F8B42FAD101F5A071B14283
:1006E000A0F13F00F2D16CE61C491D4813AA00F0AE
:1006F00001FA18B1139BB3F5407F26D01949184869
:1007000017AA00F0F7F9089030B14FF60823179AAE
:10071000D01A434243410893134911481BAA00F0E1
:10072000E9F9824600283FF4B6AD00221B9B1BA9C5
:100730000B4800F00DFA1B9A01461FA800F0BAFA08
:100740008246A8E5094801F043FE0193084A0023C8
:1007500013A90096024800F03BFACFE72C8D001059
:10076000083A01203C8D00104C8D0010DC8D0010EB
:10077000481D012020B3D0F800C0BCF1000F1ED0EE
:10078000E9B1D1F800C0944519D3ACEB0202934211
:1007900015D84A68C3689A4211D888689B1A98424B
:1007A0000DD8CCF30B034FEA1C3C002B18BF0CF107
:1007B000010CACEB0000B0FA80F04009704700205B
:1007C000704700BFA9B184464FF0FF320A4800B518
:1007D0000CEB010E08211CF8013B5A4042F30003C8
:1007E0000340013983EA5202F8D1F445F2D1D043F3
:1007F00000BD0846704700BF2083B8ED2DE9F84FD3
:1008000000EB010981451E4672D91746002502F109
:10081000FF3804784FEA141ABAF10F0F3CD000F1F8
:10082000010BA9EB0B03534545D3731B534542D32F
:1008300078195246594608F055F90BEB0A0048451D
:10084000554423D0A9EB0003012B34DD3BF80A10FB
:1008500089B38D422FD304F00F040F2C2ED0043413
:10086000731B9C4227D80230013C08EB050207EBC2
:10087000050EA2EB010CA6441CF8013F02F8013F53
:100880007245F9D1013525448145C2D8701BB0FAB3
:1008900080F04009BDE8F88F431C08E056450AD3B4
:1008A0001A7801338A42924405D8FF2A1ED199450D
:1008B000A6EB0A01F2D10020BDE8F88F1323023025
:1008C00008E09E42F7D302780130A2421344F2D8E6
:1008D000FF2A04D18145A6EB0304F2D1EBE7721B9A
:1008E0009A42E8D3002BCFD05C1EBEE79B4698E728
:1008F0000025CBE710B109B13F2A01D8002070478D
:1009000003464FF0000C2DE9F04F084685B0154620
:100910000C460E4608227449C3F800C0C3F804C050
:10092000C3F808C0C3F80CC0C3F810C0C3F814C0A3
:10093000C3F818C0009307F029FF10B9A268012A74
:1009400003D0002005B0BDE8F08FE268B2F5805F0B
:10095000F7D122696548A2F140018142F1D8954260
:10096000EFD3E0694028ECD161486469A0FB010144
:10097000B4EB911F2746E4D804EB84010901346AE3
:100980004031A142A046DCD19442DAD8B569111BAE
:10099000B5EB111F0195D4D8716A0C468B4608EB54
:1009A0000511A142CDD19442CBD8A4F1400106F16A
:1009B00040000292FFF706FFB16A06F14005884247
:1009C000BFD12C20029A009B315804300029B8D1A5
:1009D0004028F9D1284602930D46DA468946034657
:1009E0000092BD4260D01A78002AAAD03822002195
:1009F0001846039308F02CF80028A2D0039B9A6CA9
:100A0000002A9ED1D86C00289BD1DA6B914598D1F1
:100A1000D3F838E0D3F840C0CEF30B014FEA1E32D2
:100A2000814218BF013262458BD1019A4A4588D371
:100A3000A2EB0902944584D852467446E24606EB7E
:100A4000080101EB0911504547D0D1F800C06245BB
:100A50007FF477AF4A68002A3FF473AFC0EB0053CE
:100A600004EB0333B3F5805F28BF4FF48053D1F814
:100A700008E09E457FF465AFCB68012B3FF661AF80
:100A800043B396457FF65DAF009B6345FFF459AFD6
:100A9000A3EB0C039A423FF654AF62440332103189
:100AA00022F003020130CEE7DDE901038145009A1F
:100AB0007FF447AF92457FF444AF40220120C3E961
:100AC000006A9D60C3F80C90C3F81480C3F818B096
:100AD0001A6137E79645D7D033E7039B92468144A6
:100AE000013550337DE700BF54900010C0FFEB008C
:100AF000CDCCCCCC40B32DE9F04104680CB301B3AC
:100B0000FAB187680FB3036990460E4600251C446E
:100B100003E0BD4204F1500413D03146204607F0F3
:100B2000B9FE01350028F4D1A06BE16B226C636C37
:100B3000C8F80000C8E901120120C8F80C30BDE86F
:100B4000F0810020BDE8F08170473846FAE700BF29
:100B50002DE9F04182B0044615460193FFF70AFEE5
:100B600080B3019B4BB34FF0000C49682668626963
:100B700001EB153106EB01116446C5F30B0011447E
:100B800007E042451ED1BD4294BFAC44BC4463451E
:100B900014D98646C868A3EB0C0504EB0C0860B9B1
:100BA0008A687245A2EB0E0707D90A6810317244B1
:100BB0003244002CE5D11446E5E70024204602B07B
:100BC000BDE8F0810446204602B0BDE8F08100BFD8
:100BD0002DE9F04F1F4685B0DDF83C9090464B461E
:100BE0003A468346FFF7C6FD002850D00E9B002BE7
:100BF00058D00546B9F1000F4AD008F10903CDE9F4
:100C000002304346B8461F460191019BDBF80000C5
:100C10005E68DBF8143006EB183603EB0613C518D4
:100C2000AA68C8F30B0A924531D2C3581844EB683E
:100C3000B3B167B33B7A13B13B685B452CD04FF03F
:100C40000003029A3B72AB6869681446FFF7D6FD51
:100C5000E8B14FF00103C7E900B63B72AA6820462D
:100C6000A2EB0A024A4528BF4A46144600EB0A0195
:100C70000E9807F037FF0E9BB9EB040923440E933F
:100C8000A044C2D1039D284605B0BDE8F08F0025E1
:100C9000284605B0BDE8F08F7B68B342CFD107F19D
:100CA0000904DCE7B9FA89F56D09284605B0BDE805
:100CB000F08F00BF2DE9F04F89B028B121B10B2A88
:100CC00002D90B78522B04D00024204609B0BDE88D
:100CD000F08F4B784C1C492BF6D114F8013F462B72
:100CE000F2D16378462BEFD10B7A572BECD14B7AAC
:100CF000412BE9D18B7A562BE6D1CB7A452BE3D128
:100D0000002482460C234FF0FF3B2646A046A14616
:100D1000254627461046CDE90244CDE90444069411
:100D200001940EE0642A4FD0632A5FD04C2A74D01D
:100D30000CF1010C08332CF0010C63449842C0F014
:100D40009680A0EB030CBCF1070F40F2908001EB02
:100D5000030EACF10802DEF804C06245C0F08780E3
:100D6000CA5C662ADED19EF801200EF101046D2ACC
:100D7000DED114F8012F742ADAD16278202AD7D173
:100D8000BCF10F0FA0D9BEF80820012A9CD1BEF8F3
:100D90000A20012A98D1BEF81640082C01D0102C48
:100DA00092D1BEF81420C4F3C707B2EBD40F8BD195
:100DB00042F61132DEF80C50954203D045F2226221
:100DC000954281D10126B3E79EF801200EF101047E
:100DD000612AADD114F8012F742AA9D162780EF1DD
:100DE000080E612A04BFF046E146A1E79EF8012003
:100DF000752A9DD19EF80220652A99D19EF803207C
:100E0000202A95D1BCF11B0F92D9DEF80820002AC8
:100E10008ED0DEF8202093468AE79EF801200EF15E
:100E20000104492A84D114F8012F532A80D1627811
:100E3000542A7FF47DAFBCF1170F7FF679AF9EF88F
:100E40001C206D2A7FF474AF9EF81D20612A7FF468
:100E50006FAF9EF81E20722A7FF46AAF9EF81F20A3
:100E60006B2A7FF465AFDEF81820019260E7344604
:100E7000002E3FF429AFB8F1000F3FF425AFB9F1D0
:100E8000000F3FF421AFBBF1FF3FFFF61DAFB9FBF1
:100E9000F7F207FB1293002B7FF416AFBBF1FF3F75
:100EA0000BD05A457FF610AF019B33B1A2EB0B027A
:100EB0009A42FFF409AF03EB0B0204955546CDE9C6
:100EC00002820DF1080CCDF814B0BCE80F000FC57C
:100ED0008DF81870DCF800302B60F6E6072951D841
:100EE000002A4FD02DE9F041146886B0002C46D07E
:100EF000D2F804C0BCF1000F41D042F61134D2F850
:100F000008E0A64503D045F22264A64537D192F801
:100F100010E00EF1FF3EBEF1010F30D8D2F80CE028
:100F2000BEF1FF3F2BDB01D0F44528D9944601EBFD
:100F3000C10101AC00EB81071D46BCE80F000FC4E6
:100F4000DCF80030242200213846236007F05EFCE4
:100F5000BE4626680C9CFF2D28BFFF250DF1040C12
:100F6000FF2CBCE80F0028BFFF24AEE80F004FF0B5
:100F70000102CEF80060BD83FC8387F8202006B014
:100F8000BDE8F081704700BF072906D8002301EBB8
:100F9000C10100EB810080F820307047002A65D045
:100FA0002DE9F04F07464FF0000945F221606FF040
:100FB0007F088D1E83B005EB42032D4C019307F58E
:100FC000907E3B464FF0000C03E09A61243373455A
:100FD00036D093F82020002AF8D093F810A01A6891
:100FE000BAF1010F59693DD032F91120002AB8BF7A
:100FF000FF324FEA222AB3F81EB09A8B9E685A44F9
:101000000AFB02F284FB02BA9244D217C2EB2A2AEC
:101010009A69D44432448242D7D9A2F5AC42223AEA
:101020000131C3E905125A689142CFD1DA682433FD
:10103000002AACBF43F8102C03F8049C7345C8D1B8
:10104000C445B8BFC446BCF17F0FA8BF4FF07F0CAA
:10105000019B0CF1800C25F802CFAB42B1D103B05B
:10106000BDE8F08F525CA2F1800AC4E7704700BF70
:10107000818080804FF0A04101230F4A10B4146892
:10108000D1F80C04A340034206D04FF0000C0B48EB
:10109000C1F80C3480F800C04FF0A0410123506823
:1010A000D1F80C2483401A4204D00020034AC1F82E
:1010B0000C34507010BC7047B81000203013012061
:1010C00030B51F4B1F4C9A6A236885B0D31A002B8A
:1010D0002ADB1D480DF10E01019201F0DFF8019AA3
:1010E00002F51C52103208B3BDF80E301749C3F395
:1010F0000903ADF80E30C1E89F3F1548BDF80EC09A
:1011000001680B0C1B0443EA0C032CEA010E43EAB2
:101110000E4350E800EF8E4503D1C0E8E53F002DB7
:10112000F7D17146EDD1226005B030BD094B53E8CF
:10113000000F013043E800010029F4D0F7E700BFB9
:1011400000000B40FC390120C83101204C4801202F
:101150004C3D0120643D01202DE9F04F4FF0020984
:10116000644EDFF8B081644C644F83B0356818F882
:10117000053003F0FF01002B5FD123687F2B5FD97F
:10118000012D5AD8DFF890B15BF82530002B54DBE5
:1011900018F80530002B50D1DFF880A1584BDAF851
:1011A000001058484FF4807200EB410103EB05201A
:1011B00007F098FC0346EFF3108172B601224FF05E
:1011C000800C5BF8250008F80520DBF800204FEACA
:1011D000801E0EF1A04E920102F1A042CEF8003026
:1011E000CEF808C013695A0107D4DBF804309B011C
:1011F00003F1A0431B695B015FD581F31088DAF826
:101200000020B2F5607F02F1800308BF002322684E
:10121000CAF80030803A2260326882F001023260FF
:1012200057E8003F013347E80032002AF8D1B9F10E
:10123000010F02D04FF0010998E703B0BDE8F08F2D
:10124000DFF8DCB0DBF80030D3E8CF0F0122002854
:10125000FAD1C3E8402F0028F6D1BFF35F8F226890
:101260007F2A42D8CDE90059DFF8B8A0254DDAF839
:101270000010C2F18002C1F580639A4228BF1A466D
:101280009146214805EB4101FFF788FEDAF800306E
:101290004B44B3F5806F08BF0023CAF800302368C1
:1012A00009EB03027F2A2260E1D9DDE9005900231E
:1012B000DBF80020C2E88F3F62E7144B1A7842B98E
:1012C00001224FF0A04502FA00F0C5F850041A7050
:1012D00093E70F4A52E800CF0CF1010C42E800C03E
:1012E0000028F7D15BF82500EAE7DBF80030C3E817
:1012F0008F1F45E7441D0120341B01205C3D012068
:10130000401B012034130120D8380120514801200E
:10131000603D012030130120B8100020381B01204F
:101320002C1301203C1B01202DE9F04FCC4985B046
:10133000CC4807F015F80321142000F0F3FF032137
:10134000152000F0EFFF00220121142001F008F821
:1013500000220121152001F003F800232122C149B8
:10136000C14800F019FF002800F06681012001F05B
:10137000DDF80024BD4BBE4A0344F02100944FF435
:10138000A07013602346224600F04EFB204600F07A
:10139000FBFA21464FF42072B64807F037FA21468F
:1013A0002046F0234FF4A07200F01AFBF02400F066
:1013B00085FA4FF42071AF4800F056FA013CF8D19D
:1013C00000F0A0FAFF2000F0DFFAAB4DAB49AC4AC9
:1013D000AC4B0D2014601C602C600C6000F0D2FF40
:1013E0000D234FF0010242EC443044EC4030042124
:1013F0000C2000F097FF0623DFF8D082A24D0520D5
:101400002C60C8F8003001F04BFF10220346214643
:101410009E48FF26E3FB020100239D4A07F014FCCF
:10142000D8F800302D6803EB83039B0003F1804262
:1014300002F10C0302F52822146003F528299460B8
:10144000D460166150601460D9F8002003F5292398
:10145000002D40F0FB8082F0800292B21A600120E1
:1014600006F028FE8B4C01252060012006F022FEAC
:1014700002464FF0A04E4FF0000C6260D8F80070AA
:101480002468854B203703EA443B03EA423343EAAE
:10149000474323F4F0334BEA474B43EA44332BF4FE
:1014A000F03743F0150303937C4EDFF824A27C4B06
:1014B00047EA42370EEB841B47F0150705FA04F4A0
:1014C00086F800C0CBF80030CBF8049003F58073A9
:1014D000CBF808C0CBF81070CEF80C44CAF804441E
:1014E0000EEB821486F801C02360039B05FA02F21A
:1014F000C4F804900A20C4F808C06A492361CEF8F1
:101500000C24CAF8042401F089F829460A2001F0C5
:1015100043F8D8F8003003EB83039B0003F18043CA
:1015200003F52822126803F5292325EA02021A602E
:10153000FFF712FE4FF47A7001F0F2FD0D2345EC37
:101540004030594A594B926A1A60FFF7B9FD584B1F
:10155000C3E8AF5FDFF87C81DFF87C91554C454EE6
:10156000A8F54177D9E8AF3F022B60D10323C9E842
:10157000AF3F514A514912F8023C12F8030C9B0844
:10158000C0085B0143EAC02312F8010C033243EAAE
:10159000D0035BBA904521F8023FECD1C8234FF449
:1015A000A0721421002000F01BFA4FF0000A00F096
:1015B00085F9DFF828B12368534544D0404BBAF190
:1015C000000F0CBF304618465B46821E0BF5A07B11
:1015D00013F8011F3B4D9B4535F8111022F8021FEF
:1015E000F6D14FF42071C4F800A000F03DF9FFF7E8
:1015F000B3FDFFF765FDBB458AF0010ADBD1236827
:10160000012B04D800F03EF94FF0FF33236000F0C7
:1016100079F94FF0FF3323600023C9E8AF3F2A492F
:1016200051E8003F013341E80032002AF8D1FFF7CA
:1016300047FDFFF791FD95E71D4B0222C3E8AF2F51
:1016400005B0BDE8F08F00F01DF9B7E782F40002A5
:101650006FF30F02012D1A6008BF09F10209FEE6BF
:10166000801A060080110020C8310120D411012009
:101670002C130120D4310120381B01203C1B0120F8
:10168000341B0120441D01202813012000112B00D0
:1016900000225600B8100020FFFF01FC301301208B
:1016A000401B01207510001000000B40FC39012088
:1016B000543D0120C0100020E70D0120D636012046
:1016C00054340120D8360120583D0120401D01200E
:1016D00000200050E7100120E0130020E313002059
:1016E0001349D1E8AF0F28B1A0F10100B0FA80F0A2
:1016F0004009704708B50F4806F0B8FCDFF838C05D
:101700000B49DCF8282002F5371202F5D86204E014
:10171000DCF828309B1A834208DAD1E8AF0F0028A2
:10172000F6D0A0F10100B0FA80F0400908BD00BF7A
:10173000543D01202913001000000B40054BD3E855
:10174000AF2F2AB90121C3E8AF1F0260181D7047EF
:1017500000207047E013002010B5064C4FF4407293
:1017600004F57A40043007F0BDF90223C4E8AF3F26
:1017700010BD00BFE0130020024BD3E89F0F80B2E2
:10178000704700BF4C480120044BD3E8EF0F82B2F2
:10179000C3E8E12F0029F8D1000C70474C3D01202F
:1017A000072820D8F9B130B5104C83B09C46256885
:1017B00013460A460146D5E8CF0F5FF0010E002818
:1017C000F9D1C5E840EF0028F5D1BFF35F8F084895
:1017D000CDF800C0FFF782FB00232268C2E88F3FEC
:1017E000012003B030BD0020704700BF2C13012042
:1017F000D8380120072801D90020704708B50D4BC3
:1018000001461A68D2E8CFCF0120BCF1000FF9D110
:10181000C2E84C0FBCF1000FF4D1BFF35F8F064854
:10182000FFF7B2FB034B00221B68C3E88F2F012098
:1018300008BD00BF2C130120D8380120094BD3E884
:10184000AF1F1A1D0160D2E8AF1F03F1080241600B
:10185000D2E8AF2F0C338260D3E8AF2F0023C0E96A
:1018600003237047583D0120054B1A78920102F17D
:10187000A04213695B01FCD49160D063704700BF44
:10188000574801200A4B1A78920102F1A0421369CD
:101890005B01FCD40122074B07491B780968183308
:1018A0009A404B681342FCD0012001F039BC00BFC4
:1018B0005748012059480120503D012010B51C22F5
:1018C00082B04FF0000343EC40201B2243EC402049
:1018D0002C230B4A8DF807301278920102F1A042B6
:1018E00013695B01FCD401240DF107039460D363F9
:1018F000FFF7C8FF1C2344EC403002B010BD00BF0E
:101900005748012008B5FFF7BDFF1B234FF0010228
:1019100042EC403008BD00BFF0B583B01C264FF04C
:1019200000038DF807000C46154643EC40601B226F
:1019300043EC4020134E3078800100F1A040036951
:101940005A01FCD401270DF107038760C363FFF739
:1019500099FF04B135B91B234FF0010242EC40302E
:1019600003B0F0BD1C2347EC40303278920102F105
:10197000A04213695B01FCD49560D463FFF782FF3A
:10198000E9E700BF5748012007EE900A9FED0F7A64
:10199000F8EE677AC7EE877A08B517EE900A0C4919
:1019A00002F020FD9FED0B7A06EE900AF6EE007A2B
:1019B000E6EE877AFCEEE77A17EE901A064B074AB6
:1019C0001B6F4B409BB2136708BD00BF00007F43F5
:1019D0003333334000FF7F4700800A4000900A40C5
:1019E00010B58E4602F1FF3C013B82B08444734443
:1019F0009CFA9CFC9EFA9EFE5BBA694644BA04229D
:101A00002A20ADF802C0ADF804E0ADF80630ADF81C
:101A10000040FFF781FF04222B200DEB0201FFF7AE
:101A20007BFF02B010BD00BF2DE9F04FA1B0C24C4A
:101A3000049306469DF8A830C0480D4610219146F3
:101A40000393206006F088FD0121206806F068FD00
:101A5000DFF818B3BA498BF80000206806F0A0FD43
:101A60002168B84F01F12F4101F56001090D0631E0
:101A70003870C9B21E2000F055FC05211F2000F06F
:101A800051FC1F234FF0010242EC44304FF020087C
:101A90002168404601F12F4101F56001090D063131
:101AA000C9B208F1010800F03DFCB8F1280FEFD1F0
:101AB0004FF001089BF80010082320222068CDF881
:101AC000008006F089FDCDF800801E2243469BF879
:101AD0000010206806F080FD4FF480339A499B4A3D
:101AE0001B93CDE91E123B78994A05201D9203EB0A
:101AF0000802DB0143EA02331C9301F0D1FB07EE3D
:101B0000100A9FED946AB8EE477ADFED936AC7EE4C
:101B1000067A77EEA67ABCEEE77A17EE103A9AB21A
:101B2000002A00F0BE8107EE102AB8EE477ADFEDFA
:101B30008B6A77EEC77A67EEA67AFCEEE77ACDED90
:101B4000057A9DF814301B0243EA02433A780127D4
:101B50009BF800101B9320681BAB06F083FD2268E6
:101B60009BF80030116807FA03F30B431360384603
:101B700006F0A0FA4FF0000A23689BF800B003F1CA
:101B80002F4101F56001C2B2090D0BEBC1045103F5
:101B9000DFF8DC8121F4FC010BF1040B41EA444144
:101BA000920102F1A04288F8000041F0110103EB1C
:101BB0008B00C2F800A04FF01F0C5060C2F808A0C4
:101BC000116147EC40C005211C2000F0ABFB1C223A
:101BD00047EC442005211B2000F0A4FB4FF01B0B19
:101BE00047EC44B04FF6FF7C10235D4C0421C4F851
:101BF00074C01A20C4F864A0C4F86CA0C4F870A023
:101C0000C4F874C0A366676600F08CFB216F55486A
:101C100089B201671C228DF85C704AEC40204AECC6
:101C200040B098F80020920102F1A042176917F025
:101C30008067FBD1012317AC9360D463FFF722FECA
:101C40004FF01B0B012343EC40B0962001F0A4F9A8
:101C5000039B012B14BF052306238DF83730352352
:101C60008DF85C301C2347EC403047EC40B098F8CE
:101C70000020920102F1A042176917F08067FBD1A2
:101C80004FF0010AC2F808A0D463FFF7FBFD1B2345
:101C90004AEC40303A2052460DF13701FFF73CFE46
:101CA00033238DF84830304B0522B22011A911930F
:101CB000FFF732FE2C235246C02006A98DF81830BB
:101CC000FFF72AFEC220524607A98DF81CA0FFF795
:101CD00023FE12235246C32008A98DF82030FFF7B7
:101CE0001BFE20235246C42009A98DF82430FFF79B
:101CF00013FE4AF2A4130222D0200FA9ADF83C3003
:101D0000FFF70AFE0F235246C6200AA98DF8283095
:101D1000FFF702FE4FF440430222B02010A9ADF8B5
:101D20004030FFF7F9FDF02E00F0E380B6F5A07F1C
:101D300000F0B9801EE000BF503D0120000030508F
:101D4000609000105848012000788020E287FFFF53
:101D5000000006500024F44B0000003B00008043CC
:101D600000800A4000900A400C0C003359480120C2
:101D7000574801200EAB03930DF14C0A21231C227E
:101D80008DF85C304FF0000343EC40201B2243EC05
:101D9000402098F80020920102F1A042136913F04C
:101DA0008063FBD101279760D4639B46FFF76AFDF0
:101DB0001B2347EC403011228DF85C201C224BEC99
:101DC00040204BEC403098F80020920102F1A042F4
:101DD000136913F08063FBD101279760D4639B469E
:101DE000FFF750FD1B2347EC403029228DF85C2083
:101DF0001C224BEC40204BEC403098F80020920124
:101E000002F1A042136913F08063FBD14FF0010B84
:101E1000C2F808B0D4639846FFF734FD1B234BEC9F
:101E20004030642001F0B8F809F0FD035B452B4613
:101E30001CBF35461E46F02DCDF84C80CDF85C8099
:101E40008DF8388000F09A80872D43D0B5F5A07FBB
:101E500000F0BA804346424641464046ADF84C0049
:101E6000ADF84E10ADF85C20514604222A20ADF8A2
:101E70005E30FFF751FD214604222B20FFF74CFD79
:101E8000012203993620FFF747FD322001F084F844
:101E90009E4B9F4A1B6FDB439BB2136721B0BDE88B
:101EA000F08F134650E6F02D7FF464AF3523524691
:101EB000B7200DA98DF83430FFF72EFD1F238DF8C4
:101EC00038300EAB52461946BB200393914FFFF7B3
:101ED00023FD36E0F02EBDD1B9F1010F00F0E58011
:101EE00041F201734FF420524FF43A414FF45050F5
:101EF000B4E7F02D00F0A880872D7FF43BAF524669
:101F0000C3200BA98DF82C70FFF706FD75235246F0
:101F1000B7200CA98DF83030FFF7FEFC3D23524668
:101F2000BB200DA98DF83430FFF7F6FCA1238DF806
:101F300038300EAB52461946D6200393FFF7ECFC1F
:101F4000754F0DF14C0CE24697E80F00ACE8070026
:101F50005146ACF800300E22E020FFF7DDFCA4462D
:101F600007F1100B9BE80F00ACE807000E2221469A
:101F7000E120ACF80030FFF7CFFCFFE6F02E36D0C2
:101F8000872E12D0B6F5A07F50D109F1FF39B9F1F3
:101F9000010F8CBF0020C02042468DF8380043F668
:101FA00001734FF46F41404658E7B9F1000F5FD11C
:101FB0004FF43B434FF4545270218DF838104FF4D6
:101FC000205041F2017149E7F02E7FF443AF09F14F
:101FD000FF39B9F1010F8CBF7020B02042468DF857
:101FE00038004FF46F4343F60171404636E7049BD7
:101FF00053B1B9F1020F46D0B9F1030F6AD0B9F16C
:10200000010F5ED0454B0AE0B9F1020F44D0B9F19F
:10201000030F72D0B9F1010F65D04FF46F03EF22B7
:1020200017930423ADF84E208DF83830BDF84C00DE
:10203000BDF84E10BDF85C20BDF85E8040BA49BACC
:1020400052BA98FA98F309E714235246B7200DA91B
:102050008DF83430FFF760FC37238DF838300EAB45
:1020600052461946BB2003932D4FFFF755FC68E7F6
:10207000B9F1020F4FF43A434FF4505201D1B0215D
:102080009BE7702199E7EF22C4232449ADF84E2045
:1020900017918DF83830C9E7EF22C4232149ADF8F4
:1020A0004E2017918DF83830C0E7C02541F20173FA
:1020B0004FF420524FF43B414FF454508DF83850B8
:1020C000CCE6EF2264231549ADF85E2013918DF81C
:1020D0003830ABE7EF22A0231049ADF85E20139112
:1020E0008DF83830A2E74FF46F02EF23642113928A
:1020F0008DF83810ADF85E3098E7EF22A02309493B
:10210000ADF85E2013918DF838308FE700800A40DB
:1021100000900A408C900010AC900010280017012D
:102120006C90001050003F01002310B59C46012424
:10213000DFF860E0417984B041FA03F2D20705D4B8
:102140001EF8032004FA02F24CEA020C0133042BBD
:10215000F2D10368D3B102464FF0000E0224117988
:102160008DF80DC018464FEA1C2C032303AACDF8A6
:1021700000E08DF80EC08DF80C4006F01DF9A0F1BE
:102180000300B0FA80F0400904B010BD184604B056
:1021900010BD00BFD89000102DE9F04385B0002895
:1021A00074D0002972D0A2F1210C5FFA8CFCBCF132
:1021B000060F6BD8552424FA0CF414F0010465D0F2
:1021C000984643F606730546ADF80C304FF0000311
:1021D000016000266B71F9232A7108468DF80E30D4
:1021E000114691460323009603AA06F0E5F8074638
:1021F000286800284AD043F60473ADF80C30F82361
:10220000009629798DF80E3003AA032306F0D4F83E
:102210000328296828D1032F26D1002936D0084663
:102220004CF202010023ADF80C10062100938DF84A
:102230000E103B46297903AA06F0BEF8032825D1E3
:10224000B8F1000F23D0A9F12302D2B2042A4FF033
:10225000010302D810498A5C934028466B7105B08F
:10226000BDE8F043FFF760BF81B14CF202034FF0CD
:10227000000C06240846ADF80C302979032303AA84
:10228000CDF800C08DF80E4006F096F800242046E8
:1022900005B0BDE8F08300BFCC900010C8B1C1B15B
:1022A0004FF0000370B5026884B08DF80B306AB14E
:1022B00001230D46014606460979104600930DF1AB
:1022C0000B0206F079F80128044604D0002004B07F
:1022D00070BD0020704700220092022331793068DF
:1022E00003AA06F077F80228F0D100221146BDF8C3
:1022F0000CE0DFF82CC01CF8010B04FA02F30B43CE
:1023000004FA00F01EEA000F9BB202F1010218BFAE
:1023100019460A2AEFD10120298004B070BD00BF00
:10232000E09000104FF4807C0C4B00B553F8202057
:1023300003EB8003C00082F0400200F1804003F50F
:10234000805E02F0C00200F5203003F54053CEF865
:1023500000204160C3F800C000BD00BF04800340FE
:10236000DFF81CC0C90041EA82015CF820200CEBB8
:102370008003514003F5805301F00C011960704750
:10238000048003404FF0000300B543EC440043ECED
:1023900040004FF0050E4FF4807C0C4BC20053F808
:1023A000201003EB800081F0400102F1804303F52F
:1023B000203301F0C00200F5805100F540500A6062
:1023C000C3F804E0C0F800C000BD00BF04800340B3
:1023D0000FB400B5084883B003F064FC049B3BB124
:1023E00005A91846019103F01DFB044803F05AFCAF
:1023F000012003F02FFB00BF788E0010748E0010B8
:10240000EFF3108072B6064BD3E8CF1F01220029EC
:10241000FAD1C3E8412F0029F6D1BFF35F8F70478F
:10242000DF1101200023034AC2E88F3F80F31088A8
:10243000704700BFDF11012070B51646EFF310841E
:1024400072B6DFF848E0DEE8CF2F0123002AFAD188
:10245000CEE8423F002AF6D1BFF35F8F012301F09F
:10246000070CCA0803FA0CF310F802C01CEA0305B3
:1024700008D14CEA030C00F802C0CEE88F5F84F369
:10248000108870BD3046FFF7A3FF00BFDF110120A9
:10249000F8B50F461946EFF3108672B61C4DD5E815
:1024A000CF4F0123002CFAD1C5E8443F002CF6D1D0
:1024B000BFF35F8F8A421BD8012402E001329142B0
:1024C00022D3D30810F803E002F0070C04FA0CFC46
:1024D0001EEA0C0FF2D14EEA0C0E00F803E0104693
:1024E0000023C5E88F3F86F31088984207DBF8BDCC
:1024F0000023C5E88F3F86F310884FF0FF30002F90
:10250000F5D00698FFF764FF4FF0FF30E8E700BF13
:10251000DF110120044A1078431CDBB2182B28BFBE
:1025200010231370704700BFC410002000B5DFF8FF
:102530001CC083B001461F231822CDF800C00248FA
:10254000FFF7A6FF03B000BD5C2D0120888E0010B0
:102550004FF0E022936843F000539360704700BF50
:102560000021044B03F12002C3E88F1F0133934283
:10257000FAD17047D41101204FF08030044B054947
:102580001A4604338B421060FAD162B6704700BF1E
:1025900000E400E034E400E0012300F01F02934077
:1025A000400941B1800000F1604000F56140C0F891
:1025B000803103607047024A203042F82030704773
:1025C00000E100E00123064A410952F8212000F011
:1025D0001F008340134214BF01200020704700BF3A
:1025E00000E100E001224309034900F01F0082409E
:1025F000403341F82320704700E100E0054A1030E5
:102600009268054B52F82000C01A47288CBF002062
:102610000120704700ED00E0C810002008B5EFF37E
:10262000108E72B6134BD3E8CFCF0122BCF1000F4E
:10263000F9D1C3E84C2FBCF1000FF4D1BFF35F8F89
:102640000D4A10309268DFF834C052F820206245FD
:1026500001D091420BD1084A926842F82010BFF392
:102660005F8F0022C3E88F2F8EF3108808BD00F023
:1026700085FF00BFDD11012000ED00E01101001019
:102680002DE9F84F8B461146EFF3108872B6664F6E
:10269000D7E8CF2F0123002AFAD1C7E8423F002A0A
:1026A000F6D1BFF35F8F614B93F90040002CC0F26D
:1026B000B88000F110055E4804EB440900EB890284
:1026C00096794FEA89091E705A4B9B6853F825602A
:1026D000331A472B35D826F0010E9EF807308B426F
:1026E00009D86FE00CEB4C0300EB830393F807A0D1
:1026F0008A4551D99E469EF906C0BCF1000FF1DA19
:102700004BF601590EF1040A131FA3EB0A03C3F39E
:102710004A036FEAC3436FEAD3438EF80640DFF8FB
:1027200020A104EB440400EB8402AEF8043040F82E
:1027300024A0A2F8049082F806C0D171C2F808B0B3
:102740001DE03D4B9E426CD13C4BD17109F1020121
:102750000144043B5B1AC3F34A036FEAC3434FF4DB
:1027600021416FEAD34320F809105380FF214BF633
:102770000153C2F808B09171938042F001062D4BCD
:102780009B6843F82560BFF35F8F0023C7E88F3F46
:1027900088F31088BDE8F88FF2466FF00703A3EBCB
:1027A00009033AF8049F1B1A49F30A0909F10209BF
:1027B0000AEB49099944C9F34A096FEAC9496FEA22
:1027C000D949A1E76FF00703D1711C4909F102044F
:1027D00004440439091BA3EB0903C1F34A011B1A82
:1027E0006FEAC1417344C3F34A036FEAC3436FEA1C
:1027F000D1414FF421466FEAD3435180104920F86C
:10280000096093804AF6AA2473461B1A5B415C4315
:10281000240DC2F808B0947142F00106CEF8001001
:10282000ADE700F0ABFE00BFDD11012052480120F2
:10283000C810002000ED00E0110100101011002070
:1028400001488047F0B50446EFF30581C9B2EFF3C4
:10285000108572B6DFF890E0DEE8CF2F0123002A62
:10286000FAD1CEE8423F002AF6D1BFF35F8FDFF8FE
:102870007CC044F00106DCF808204AF6AA2352F88E
:10288000217016482246121A524153431B0DB7427B
:102890005BB213D00146002291F906C00C319C4571
:1028A00012D00132062AF7D10D4A00211078137098
:1028B000A071CEE88F1F85F31088F0BDDCF80820EA
:1028C000084842F82100EFE7FF2102EB420200EB4B
:1028D000820291714BF601519180E5E7C81000200A
:1028E0005248012011010010DD11012000ED00E02F
:1028F00000B5DFF824C083B0014605230022CDF8DF
:1029000000C00448FFF7C4FD0028A8BFC0F1330091
:1029100003B000BD5A480120A48E0010014B0B44A7
:1029200003607047D411012070B5114C114DAC42B9
:102930001CD2FF260BE0FFF7EDFD01462046FFF716
:10294000EDFFA680BFF35F8F0834AC420ED2236840
:10295000002BF0D1FFF7DEFD01462046FFF7DEFF3A
:102960002671BFF35F8F0834AC42F0D370BD00BF57
:10297000881100209811002010B50446FFF7CAFD09
:1029800001462046FFF7CAFFFF232371BFF35F8F85
:1029900010BD00BF10B504460120FFF7C7FD034B73
:1029A00003442360BFF35F8F10BD00BFD41101202B
:1029B000024B0B440360BFF35F8F7047D4110120BB
:1029C00040BF0020002170472DE9F04F85B0EFF3A4
:1029D0000583DBB2103B9A081ABF012299499A4934
:1029E00003F0030A00910121984B0AEB820253F88D
:1029F0002240009B01FA0AF203F5415304F1080B4F
:102A000001925A60B4F90860DDE90003002EC36347
:102A100072DAA3881B0400F11B812369EFF3108293
:102A200072B6D3E8CF0F01210028FAD1C3E8401FC6
:102A30000028F6D1BFF35F8F4FF6FF76A088002104
:102A4000236900B2A680C3E88F1F82F310888842F2
:102A500028DB0546A6466769BEF9083005EB450642
:102A6000002BDC4607EBC60213DBD2E90240A94685
:102A700004E037F938309446002B09DB03EB4308B8
:102A800007EBC802D2E90251AC4270EB0101F0DA67
:102A90004D46ACF8005037F9365027F83630002D47
:102AA000DADA7446B4F90830002BC0F2D1806269DA
:102AB000009D03EB430302EBC30305EB8A00A96A05
:102AC0009E680269A6EB010C521A9445DF6805D393
:102AD00001232A6A03FA0AF3134200D10661A3799B
:102AE000002B49D1009800F009FBB042B94189DAC6
:102AF00040BF05B0BDE8F08FD4F8149006EB46084F
:102B000009EBC807BB68FD68029300F0F7FA029B67
:102B10009842A9412BDBD7E90431022B6BD07A888C
:102B2000B4F9080092B242EA0040984702460B46C8
:102B300052EA030165D0002B80F2AA800299B1EB22
:102B4000020C65EB030E39F93830C7E902CE002BD1
:102B50000DDB606903EB430200EBC202D2E90271B4
:102B6000BC457EEB01054FEA430280F29D80A388BD
:102B700018047FF552AF95E74FF0000884F80680FF
:102B8000B4F90830591CADD0DC46CDF808A002E0FD
:102B90005A1CAC462CD0626903EB430102EBC10521
:102BA000B5F802E018461EF4004F32F93130EFD08C
:102BB0002569ACF80030EFF3108E72B6D5E8CFAFD0
:102BC0005FF00109BAF1000FF8D1C5E84A9FBAF1E8
:102BD000000FF3D1BFF35F8FB4F80290256922F89C
:102BE00031906080C5E88F8F8EF310885A1CD2D147
:102BF000DDF808A076E708460B690391984700289E
:102C000039D139F8383023812369EFF3108272B655
:102C1000D3E8CF0F01210028FAD1C3E8401F0028D4
:102C2000F6D1BFF35F8F6388216929F8383000231C
:102C30006680C1E88F3F82F31088A38818047FF56F
:102C4000ECAE2FE700800B4000000B40243D01203C
:102C5000009C204600F052FA00F1004204EB8A008A
:102C6000A36A0169C91AD31A8B4208D2026140BF14
:102C700005B0BDE8F08F0399D1E9002358E701239F
:102C8000216A03FA0AF30B427FF432AF0261EEE7E6
:102C90000098CDE9022300F031FA029A039B10EB71
:102CA000020C43EB010E4EE7254625F8083F06E0EF
:102CB00003EB430200EBC202D2E902715A00BC45A9
:102CC0007EEB01011A4405DB30F9323000EBC2051E
:102CD000002BEDDA29F838302E80A38818047FF510
:102CE0009CAEDFE610B51E4C82B023690BB102B07A
:102CF00010BD03211B48019300F0EEF91948E06074
:102D0000FFF708FC4FF0030C174984F800C001449A
:102D10004FF050404FF6FF724FF00F0C21611349F6
:102D2000019BA16000686169A280A4F802C0607084
:102D300021F813200C33C02B02F10102F8D10C4B07
:102D4000084ADC600824032014620A49FFF766FC85
:102D500001210320FFF720FC074A146402B010BDD4
:102D60002811002000000B40D4110120FFFF1000AB
:102D7000243D0120C929001000200B400048704765
:102D800028110020F0B516461F4602690346EFF3EE
:102D9000108072B6D2E8CF4F0121002CFAD1C2E8E0
:102DA000441F002CF6D1BFF35F8FB3F902101D69E9
:102DB000002945DBD3F814E001EB41023EF8324034
:102DC0000EEBC20C5C800024C5E88F4F80F31088A6
:102DD00005983546CCF8100006983E46CCF814000D
:102DE000BCF80200CCE902560130C0F30E00012805
:102DF00038BF0120ACF8020040EA0140D3F810C00F
:102E0000EFF3108572B6DCE8CF7F0126002FFAD1F0
:102E1000CCE8476F002FF6D1BFF35F8FB3F804C043
:102E20002EF832C099801A69C2E88F4F85F3108856
:102E300001211C78DA68A14002F501535960F0BD08
:102E40000023C5E88F3F80F310884FF0FF30F0BDBE
:102E5000F0B583B09DF828400746DDE9085654B91F
:102E6000CDE9002300F052F9009A019B824263EB06
:102E70000101A14207DB3846CDE9085603B0BDE8A1
:102E8000F040FFF77FBF204603B0F0BD0346408906
:102E9000B0EB214F3ADD58690A1402EB420210B53B
:102EA000D3F810C000EBC200EFF3108E72B6DCE86E
:102EB000CF4F0122002CFAD1CCE8442F002CF6D1C0
:102EC000BFF35F8F428889B292B28A4207D0002254
:102ED0001B69C3E88F2F8EF31088002010BD6FEAA6
:102EE00042426FEA524242800121002218699971E0
:102EF000C0E88F2F8EF3108893F800C0DA68084678
:102F000002F5015301FA0CF1596010BD0020704721
:102F100040787047F0B5841F61F10006A04271EB64
:102F2000060338BF002483B038BF264605460F4647
:102F300000F0ECF8201A66EB0101012871F10001A4
:102F400006DA2846394603B0BDE8F04000F020B963
:102F500000F0DCF8844266EB010100290ADB002165
:102F60000A4B224600930A4833460191FFF70AFFB5
:102F70000130E6D0074A536A9E4204D8916AA142C2
:102F8000DFD29E42DDD120BFF5E700BFC12900108E
:102F90002811002000000B4010B5044600F0B6F8E0
:102FA0004FF47A734FF0FF3C6FF00042E4FB0301F3
:102FB000BDE81040844572EB01033CBF60461146FA
:102FC000FFF7A8BFEFF30582D2B27AB13F4A536A46
:102FD0008B4209D314BF01230023926A824234BF7B
:102FE000184643F0010070470020704770B5384B19
:102FF00084B0DD68064628461C78CDE9021200F050
:103000007DF804F1040C55F82CC0029BACEB000CCD
:10301000301A63EB0101604571F10001039A1ADB7C
:103020002A4A516A994207D3926AB24201D299421E
:1030300002D0012004B070BD20BF244A516A9942D9
:103040002DD314BF01200020936AB34228BF40F063
:10305000010004B070BDCDE9022300F057F8039BD6
:10306000864263EB01010029029A1BDB19491848CB
:10307000CDE9001232460293FFF784FE011E029B47
:1030800010DD124A506A984219D220BF10480293AC
:10309000FFF7FCFE0D4A029B516A9942D1D20020F3
:1030A00004B070BD094A506A9842F8D3C01A18BFDC
:1030B0000120936AB34228BF40F00100C9E7926A39
:1030C000B242E3D29842E1D1DFE700BF00000B40FB
:1030D00028110020C129001010B4054B054C064AE8
:1030E000A04214BF1846581C10BCFFF7A5B900BF7A
:1030F000602D012000800B40C08E00100346416A05
:103100000A46986A596A8A42FAD17047034B596A4B
:103110000A46986A596A9142FAD1704700000B40FA
:1031200000281A4A05DB916A936A5B1A9842FBD819
:103130007047536A1946D2F828C0536A8B42F9D1B6
:1031400010EB0C0053F100034FF0000228BF0122E6
:1031500092B90E4A526A934203D90C494A6A9A427A
:10316000FCD39A4207D1094A02E0516A994202D13E
:10317000916A8142F9D37047044B5B6A5A1C08BFBD
:103180001846F0D04FF0FF331846E6E700000B403A
:10319000074A536A9942FCD8994207D1044B02E08E
:1031A0005A6A914202D19A6A9042F9D8704700BF98
:1031B00000000B4000EB400C4FEA8C0C0CF1804CF3
:1031C00070B50CF5803C049C1E46DCF80430A3422C
:1031D00038BF2346A0F10404E4B238BFCCF8043071
:1031E000012C2DD94FF40065274B0CF5405ECEF82D
:1031F000005053F820E0BEF1000F16D1DCF800E0DB
:10320000012C8EEA421202F0E0020CF5805ECEF84C
:1032100000202AD94FF4006243F820600CF50053D7
:103220001A60049BCCF8043070BD5D69B5FBFEFEEE
:103230000EF1010E0EEB4E0EBEF1030EFCD2DDE7D9
:103240000129CFD103240CF540531C60DCF8083071
:10325000DB07FBD5DCF800300CF5805E83EA421317
:1032600003F0E003CEF80030074B0122DCF8004009
:103270004C4004F00304CEF8004002FA01F1DCF8FF
:1032800008200A42FBD0C5E7682D01204FF4803C9E
:1032900000B583B0CDF800C0FFF78CFF03B000BDD0
:1032A000014B53F820007047682D0120F0B54FF412
:1032B0008034174601220E46054683B0114605208C
:1032C000124B0094FFF776FF334607FB06F62A46BB
:1032D00001210F48009700F01FF8B5FBF6F500221A
:1032E000022104200B4B0094FFF764FF2B460022C1
:1032F000012105200094FFF75DFF02220021062036
:10330000024B0094FFF756FF03B0F0BD006CDC02E7
:1033100000000540001BB70010B5029C8E464FEA26
:10332000043C4CEA034C1C4BB3FBF1F30168B2FBC9
:10333000F3F4002920DB194A194B904214BF4FF4D3
:1033400080424FF4004217491A6003F580531A6017
:103350008B6832EA0303FBD1212200F5405304338A
:10336000C0F800E084601A600268002AFCDA0822D3
:10337000C0F80CC01A6010BD036803F03F0373452A
:10338000D9D18368C3F30B03A342D4D1C36803F438
:10339000EE236345CFD110BD001BB7000080054070
:1033A00000200240000002400A4B0B490B4A5960C2
:1033B000D3681904FCD40A4BD26843EA00130949C4
:1033C000534009481940054AC160D3681B04FCD426
:1033D000704700BF002010400020FE5A000010403F
:1033E0000000FE5AF001FE5A001010404FF0804CD1
:1033F000214B00B5C3F800C0002839D0DFF888C0E1
:10340000A3F54053C3F81CC0DFF880C040F00100B2
:1034100080EA0C0CC3F820C0596298624FF0804ECD
:103420004FF0E061144B1548DFF864C0C3F800E0CA
:10343000C0F808C019602AB94FF00042A3F58053C4
:103440001A6000BD4FF47A7303FB02F2B2F1807F81
:103450002ABF6FF07F4313461A464FF08041DFF8D2
:1034600034C00748CCF80030064B4260196000BDFC
:10347000034BD861D2E700BF00B00D4000A001406F
:1034800000800D4000A00D40D3C007B02D3FF84F85
:10349000F3FFFF01D4360120012300EB4000800040
:1034A00000F1804000F5841041600360704700BF68
:1034B00010B5002482B00B46E48A002141E800F1F7
:1034C000CDE900034B0254BF1021042144F25220E5
:1034D000A047DDE9002386460A214FF48170F446B7
:1034E00002B0BDE8104060470023DB8A002242E8BA
:1034F00000F2520201D4102118470421184700BFDE
:1035000008B503460846191E02DB1AB140F0300028
:10351000FFF7CEFF40F02000FAE700BF034AD2F8E1
:103520002838002BFBD0BFF35F8F704700000E40A0
:103530000021044B044ABFF35F8F43F8041B9342FE
:10354000F9D170470C080E402C080E404FF42A6C3D
:103550004FF48D70054A064B0649C2F800C0D06092
:1035600019605368002BFCDA704700BF00800440EC
:1035700000A0044000B0FA00704700BF08B5014841
:10358000FEF726FFE48E001038B5054C054DAC4221
:1035900004D254F8043B9847AC42FAD338BD00BF7C
:1035A000888C0010CC8C001038B5054C054DAC4211
:1035B00004D254F8043B9847AC42FAD338BD00BF5C
:1035C000B48C0010CC8C00100648DFF828C0064BE5
:1035D000064A0749C0F800C01A608B6832EA030344
:1035E000FBD170470020024000300240F6FFF30399
:1035F000000002407F3BEFEF044BDB6CB3F5004F64
:1036000003D14FF48022024BDA647047000011505E
:10361000002011504FF0E022044BD2F8881D0B43DC
:10362000C2F8883D10EE3004704700BF030330003D
:103630006FF06041044B054A19609368DB4333F037
:103640006043FAD1704700BF0030024000000240E2
:1036500010B545F25320FFF747FFBDE81040034681
:103660000420184710B545F25320FFF73DFFBDE891
:103670001040034601201847FEF772BF70B50D4990
:103680000D4C0E4D641AA608442E324628BF442223
:103690002846920005F026FA432E08D82B1F084929
:1036A000234405F5867243F8041F9342FBD1054B72
:1036B0009D6070BD0000001010010010000000208F
:1036C0001101001000ED00E0002370B52B4C82B01A
:1036D000C4F88430FFF73AFF0122294BDA63636CA8
:1036E000012BFCD10321264A244B11639C6B012C36
:1036F000FCD10226052521460523224A22480096B0
:10370000FFF70AFE21462B46204A21480095FFF785
:1037100003FE0022042031461E4BFFF7B7FD214671
:10372000284600221C4BFFF7B1FD0022082011465D
:103730001A4BFFF7ABFD002209201146174BFFF78C
:10374000A5FD002206201146134BFFF79FFD002226
:10375000114B07201146FFF799FD0420FFF7A0FD4C
:1037600000240F4BA3FB0035AD0CE0B22946013419
:10377000FFF792FE062CF8D102B070BD00000140A8
:1037800000300140002F685900000540008C86473A
:1037900000800540001BB70080D1F008006CDC02FF
:1037A00083DE1B4386B003B451FC0804CDE902015B
:1037B00051FC0904CDE9040151EC0A04CDE90601EC
:1037C00003BCF047BDE800504EEC00C4BDE800501B
:1037D0004EEC01C4BDE800504EEC02C400BD000038
:1037E00000B5FFF7DFFF02E010FE30F4F8D441EC43
:1037F000100443EC112400EE010410EE010480EEED
:10380000200451EC1004704700B5FFF7CBFF02E035
:1038100010FE30F4F8D441EC100443EC112400EE17
:10382000010410EE210480EE200451EC30047047B6
:1038300000B5FFF7B7FF02E010FE30F4F8D410B582
:1038400041EC100443EC112451EC040453EC052426
:10385000A0FB024C5FF0000EE0FB03CEE1FB02CECA
:103860004CEC20440024E1FB03E444EC30E480EE23
:10387000200451EC500410BD00B5FFF793FF02E0A7
:1038800010FE30F4F8D441EC100443EC112451EC58
:103890002104A0FB01126FEA820252FB100052FBCE
:1038A00012F252FB1000A0EBD07C53EC04245CFB22
:1038B00013F153EC1524A1FB022001FB030053EC90
:1038C0004424A2EB000050FB1CF24FEA111312EB50
:1038D000017043EBE27140EA515020EA915020F030
:1038E000070053EC7524A0FB023C53EC752400FB4D
:1038F00003CC01FB02CC53EC0424ACEB824C40EA39
:103900005C70A0F1010041EC400480EE200451EC19
:103910007004704700B5FFF745FF02E010FE30F479
:10392000F8D441EC100480EE220410EEB20470478B
:1039300000B5FFF737FF02E010FE30F4F8D440EC9A
:10394000700400EE010410EE210480EE200451EC1E
:103950003004704700B5FFF725FF02E010FE30F499
:10396000F8D440EC600400EE010410EE210480EE77
:10397000200451EC3004704700B5FFF713FF02E05C
:1039800010FE30F4F8D441EC800400EE010410EE97
:10399000010480EE400410EE1304704700B5FFF7F9
:1039A00001FF02E010FE30F4F8D441EC800400EE98
:1039B000010410EE010480EE400410EE3304704761
:1039C00000B5FFF7EFFE02E010FE30F4F8D441EC52
:1039D000100443EC112400EE010410EE3004C0F397
:1039E0000070704700B5FFF7DDFE02E010FE30F416
:1039F000F8D443EC102441EC110400EE010410EE65
:103A000030F48CBF01200020704700BF00B5FFF7E5
:103A1000C9FE02E010FE30F4F8D443EC102441EC6F
:103A2000110400EE010410EE30F42CBF0120002040
:103A3000704700BF00B5FFF7B5FE02E010FE30F49E
:103A4000F8D441EC100443EC112400EE010410EE14
:103A500030F42CBF01200020704700BF00B5FFF7F5
:103A6000A1FE02E010FE30F4F8D441EC100443EC67
:103A7000112400EE010410EE30F48CBF0120002070
:103A8000704700BF404261EB410140F2F334B1FAAC
:103A900081F20C2A0CD2153211FA02F3C2F1200283
:103AA000D04021FA02F12244584141EB02517047C3
:103AB00069B1C2F12B0230FA02F3C2F12002914047
:103AC00090401943A4EB020201EB02517047010040
:103AD0004FF00000A4F12004D9D17047012767F30B
:103AE0001F5117FA03F817D0A0FB080701FB087154
:103AF000A1FB06785FEAD8469219A6FB047806FB7C
:103B00000588090351EA1051D7EB003061EB080139
:103B1000A94238BF70470BE00C33012717FA03F8AE
:103B20000FD0A0FB080701FB0871A94238BF7047FE
:103B300008BFA04238BF7047001B61EB050101328E
:103B4000704703F1200311FA03F6D3F12003D840A4
:103B5000D940304370470000000000000000000022
:103B60000453B1086018850FC8E5F22A6E07271EB6
:103B70000D12B2210412572F12557CBCDA30723F5D
:103B800017A717A55531994E9D0DBF0AEEE0AB5F03
:103B9000E3EF6D9C7636AD6F697BCCE33D62BD7E15
:103BA000F0810682F3FA428F37D5B78A5313C89E45
:103BB0007FABB320491570AF00000000000000008B
:103BC000025E88155580FF00907806B1A602FE01BE
:103BD000DC4E21F0EB88FB027A7C801F1615F8037F
:103BE0003C5DA9D110A9F304AA466CF5C146EE05C7
:103BF000FF65E4EB09F0E70613C00C9EC3A6E007DF
:103C0000E1BFEC91C46CD808D5AF5EFFDC43CF09AF
:103C1000466A72E4D72DC50A237E6E197B2CBA0B37
:103C2000BFF571648741AE0C61DFB88CB86EA10D31
:103C300009A9856DC5B5930E3153B1086018850F7C
:103C40003071E498359875105915550580FF0F00AF
:103C500009C3EB8F80FB2F00B1910E9A82F34F00C6
:103C60001FE7FD2287E76F00C3A09A298FD78F0037
:103C70004F4366AC9BC3AF00412A83A9ADABCF00D5
:103C80004FB7B41EC68FEF00B6815F09E66F0F0114
:103C9000678589660E4C2F011A52DA3240244F0193
:103CA000483A9B6A7CF86E01FF81B709C4C88E014F
:103CB0009C8DBC0B1895AE017010DA6B795DCE014E
:103CC0003A3BE224E921EE0138739533427FECA0C0
:103CD0003114FAF5BD8689916B02FAE6E0F2918320
:103CE000E682120713A85177212621686AB2736A07
:103CF0009D0DBF0AEEE0AB5F19B4E0B71CB66A5485
:103D00009596E53DEF07A548D1CBE555DC0E4E3C39
:103D1000CE68ADE839B5A432CB3CFA96D9569A288C
:103D2000C9B21CA1F9FCAE21864B6BE58AD2F01614
:103D30000453B1086018850F02C00C9EC3A6E007AB
:103D40000000000000000000AC79CFD1F71772B17D
:103D5000293BAAB84FEAC12040F00040490043F196
:103D6000200340F20001C3F6F071C3F10B0320FA07
:103D700003F038BF7047404261F1000170475FEACD
:103D8000D17CC1F30A53A3F2FF330C2B62DA13F197
:103D9000200FDFDD2DE9F0413C4C70CC4FF00002EC
:103DA000FFF79CFE1CF0010F04D06FEA0202201AFC
:103DB00065EB010102F2FE3C40F2FE739C455CD2D1
:103DC0000A0F334B03EBC2030CCB02F03F0545F067
:103DD0004005801A99410A0E2E4B03EBC20318CB03
:103DE00002F580725543C01AA1414A0D2A4B03EBDC
:103DF000C20318CB124402F5805205FB0255C01ACB
:103E0000A1418A0252EA905242F1000282FB02343E
:103E10005B0D53EAC423C01841EB545184FB0234B8
:103E20004FF0553383FB043454FB11F304EB93043C
:103E300010EB440241EBE473E900A1FB0240C1FB3B
:103E40000301400A50EBC1504FEA512151EB0C5194
:103E5000BDE8F081B3F5806F07D150EA01320CBFA5
:103E600021EAE17141F400217047002000211CF09B
:103E7000010F08BFC7F6F07170474FF000004FF018
:103E80000001A8BFC7F6F071BDE8F081483D001001
:103E9000583B0010B83B0010483C001040F20001B5
:103EA000CFF6F0710020704750EA013218BF41F49C
:103EB000002170477FEAA65540F019814FF48054E5
:103EC00020E18CEA11331B0640F0EE80BCF1000FBC
:103ED00067D1C90451EA5031C004B1FA81F4202CF1
:103EE0004BD20125A540A0FB052301FB0533A0FB18
:103EF00003C5A1FB02C6E1FB6356B2EB152263F1D9
:103F00000003B2EB066273EB1623A0FB06C7A1FB0E
:103F100005C8E1FB66784FF05535A7FB05C65FF095
:103F2000000CE8FB056C16EB0C064CF1000C12EBD8
:103F3000963243F1000312EB8C4243EB9C3358FB67
:103F400011F55FF0333755FB11F656FB17F8A5EB6B
:103F5000581756FB11F5C2F6802656FB15F507EBF0
:103F60001537B2EB472063EBD751C4F58064A4F159
:103F70001504FFF78CFDBDE8F081B0FA80F410FA6B
:103F800004F1A0FB01234FF00000B0EB132061F11E
:103F90000001C4F58064A4F13504FFF778FDBDE8A5
:103FA000F081890451EA90318004404261EB410183
:103FB000B1FA81F4202C4ED2013C0125A540A0FB92
:103FC000052301FB0533A0FB03C5A1FB02C6E1FBF2
:103FD000635612EB152243F1000312EB066253EB1A
:103FE0001623A0FB06C7A1FB05C8E1FB66784FF0CE
:103FF0005535A7FB05C65FF0000CE8FB056C16EB1A
:104000000C064CF1000C12EB963243F1000312EB5C
:104010008C4243EB9C3358FB11F55FF0333755FB73
:1040200011F656FB17F805EB581756FB11F5C2F6BB
:10403000802656FB15F507EB153712EB472043EBAF
:10404000D751C4F58064A4F11504FFF720FD41F0B9
:104050000041BDE8F081B0FA80F410FA04F1A0FB51
:1040600001234FEA1320C4F58064A4F13504FFF75F
:104070000EFD91F00041BDE8F0815FEA410CBFF414
:104080000DAF5FEA5C5C3FF409AFACF2FF3CBCF5FE
:10409000806F3FF409AF012262F31F512DE9F04117
:1040A000BCEBEC7F3FF40DAF0C0C4E4D05EBC405A3
:1040B00095E80C0002F03F0505F14005A5FB000660
:1040C00005FB01616FEAE14404F01F04464D05EB76
:1040D000C40560CD521943EB060304F58074A4FBBC
:1040E000000604FB01667FEA26643FF4E3AE3F4D21
:1040F00005EBC40522CD521843EB050341F201053F
:1041000005EB44046404A4FB0050C4EBC401E4FBCD
:10411000060180EAE17481EAE175A5FB0567A4FB6D
:1041200005487F084FEA360616EB080647F10007F8
:104130008C0254EA905444F10004801B61EB0701A7
:1041400054FB14F555FB14F655FB15F74FF0553499
:1041500056FB14F6B6EB173610EB860041EBA67152
:10416000101A63EB0101224A24CA1CF1010C0BDD79
:10417000A2FB0C230024E5FB0C34121A8B4164F1E2
:1041800000045FF080410CE0DCF1000CA2FB0C238A
:104190000024E5FB0C3482184B4144F100045FF02D
:1041A00040414CB91C0013000022B1F100711CB950
:1041B0001C000023B1F10071B4FA84F5A5F11D06CD
:1041C000A1EB0651AC4013FA05F0C5F12005EB4018
:1041D0001C43EA401043C00A50EB445041EBD42149
:1041E000BDE8F081483C0010B83B0010483C00108E
:1041F000483D0010012956D001EBD1725210012A1E
:1042000007EE100A0B4645D0F0B50029B8BF0331C0
:10421000891001290C4685B062D01946002BB8BF21
:10422000D91DC91001290D4642D01946002BB8BF2F
:1042300003F10F01091101290E4654D01946002B34
:10424000B8BF03F11F01491101290F4651D019468A
:10425000002BB8BF03F13F018911CDE90223019082
:10426000FFF7C8FFDDE9022307EE900A17F0010F00
:1042700067EEA77A9DED017A38D1F60767EEA77A47
:1042800001D567EE877AED0767EEA77A12D567EE5C
:10429000877A0FE067EE077ADB0748BF67EE877A19
:1042A00017EE900A704707EE900A17EE900A7047D3
:1042B000F0EE477AE00767EEA77A01D567EE877AD6
:1042C00067EEA77AD10748BF67EE877ADA0767EE0D
:1042D000A77A01D567EE877A17EE900A05B0F0BD90
:1042E000F0EE477AECE7F0EE477ACCE767EE877AB4
:1042F000C3E7F0EE477AC0E710B5021E0C4682B065
:1043000014DAC1F3C7537F3B172B0CD80120C3F13C
:10431000170C00FA0CF00138084204D17BB321FAE3
:104320000CF1CB072BD402F10042104607EE904A65
:10433000FDEEE77A12F0FF4317EE901A05D0B3F1C5
:10434000FF4F02D0C2F3160313B381B301F1200370
:10435000402B30D904F074FCFFF78FFE02460B4669
:104360002046CDE9002304F06BFCDDE90023FFF7D4
:1043700063FAFFF704FDFFF7D1FA02B010BD214642
:1043800002F10040FFF7B8FF00F1004002B010BD9D
:10439000D20D7F3A01F3080101FB02F303F17F0222
:1043A000002A1DDDFE2A0DDD4FF0FF40E5E74FF04E
:1043B0007E5002B010BD002908DB02B0BDE81040FD
:1043C000FFF718BFDB0503F17E50D6E707EE100AB2
:1043D000F7EE007AC7EE877A494217EE900AECE7CB
:1043E0000020CAE707EE900AB7EE007AF4EE477AAB
:1043F000F1EE10FA2DD011F0FF420B4626D0FFEE61
:10440000006AF4EE667AF1EE10FA10B582B021D1AE
:10441000B2F1FF4F63D0CA0DFF2A3FD0594812F0C6
:10442000FF020CD07F3A5DD4162A08DC4FF0010C55
:10443000C2F117020CFA02F2013A1A4252D117EEF7
:10444000900A02B0BDE81040FFF756BF17EE100A01
:104450007047704710F0FF4F15D100294FEAD15235
:1044600026DB7F3A172A20D80121C2F117008140AC
:104470000139194219D11AB123FA00F0C10714D534
:1044800017EE900A08E04FEAD05CBCF1FF0F42D172
:10449000002B0ADB4FF0FF4002B010BD40F27F1C42
:1044A0005FFA8CFCBCF17E0FF4D8002002B010BD86
:1044B000D2B27F3A172AEDD80121C2F1170C01FAC6
:1044C0000CF101391942E5D122B123FA0CFC1CF0A0
:1044D000010FDFD000F0004040F0FF40DCE717EEB6
:1044E000100AD9E70028D5DB17EE900A0C4604F035
:1044F000A7FBFFF7C2FD02460B462046CDE900238D
:1045000004F09EFBDDE90023FFF796F9FFF737FC87
:10451000FFF704FAC0E740F2FF1EF4454FEAD3521A
:104520000AD0FF2ABCD072457FF479AF5FFA8CFCC9
:10453000BCF17E0FAED9B8E7002B10DB7F3A172A0B
:10454000A8D80121C2F11700814001391942A1D137
:104550001AB123FA00F0C2079CD50B489CE7D2B2EF
:104560007F3A172AA1D80121C2F1170081400139F1
:1045700019429AD11AB123FA00F0C30795D54FF02A
:10458000004089E7000080BF000080FF9A4238BFEA
:1045900088547047704700BF2DE9F04F83B00F4635
:1045A0001146DDE90EB292079846DDE90C93064606
:1045B00029D00D469BB109EB030405EB040A0195D4
:1045C0000D460D93AAEB040214F8010D434639463B
:1045D000B047A145F6D129460D9B019D1D440F9B77
:1045E0009B070CD56C1AA34509D92A464346394680
:1045F00020200134B0475C4505F10105F5D328467C
:1046000003B0BDE8F08F5B4515D28A461C4689464B
:10461000ABEB03050D4452464346394620200AF1D0
:10462000010AB047AA45F6D149462346DDF8309045
:10463000002CC0D1E3E70D46002BBCD1DFE700BF63
:104640002DE9F04F0F460F9906469DF82C008D0777
:104650009046DDE90CA299468346099CDDF828C006
:104660000E9B49D4002B42D1944545D201F001055F
:1046700004F1FF3E3020E64405E00CF1010C6245F8
:104680000EF8010F02D9BCF1200FF6D1002D00F079
:104690008780634530D9601E4FF0300E604405E0DE
:1046A0000CF1010C9C4500F801EF25D0BCF1200F66
:1046B000F6D1CD060ED5480551D4624564D0634588
:1046C00062D0BAF1100F4DD0BAF1020F55D0BCF143
:1046D000200F2DD12022CDE90B310A924B464246C4
:1046E000394630460994BDE8F04FFFF755BF11F049
:1046F00001052ED19445BBD3CD061ED54805E0D487
:10470000BCF1000FD9D1BAF1100F5FD0BAF1020F8E
:1047100074D030224FF0010C2270BBF1000F12D187
:10472000480742D52B2204F80C200CF10102D2E7F5
:1047300062460CF1010C3020A054BCF1200FC9D00E
:10474000BBF1000FECD02D2204F80C200CF101027B
:10475000C1E798B3944503F1FF3389D399E7BAF1E0
:10476000100FB7D18D063DD5BCF1200FB2D0582225
:1047700004F80C200CF1010CA9E7BCF1200FA9D022
:1047800062460CF1010C08E0BCF10102BBD0BAF1A9
:10479000100F35D0BAF1020FCDD16220A05496E7A8
:1047A000CD06CAD5480588D58BE70A0749BF202220
:1047B000624604F80C200CF101028CE711F00C0F9A
:1047C00000D0013B9445FFF453AF62E78A0613D44F
:1047D0007822227030224FF0020C6270BBF1000F81
:1047E0009ED0B0E7BCF1200F3FF474AF782204F8FC
:1047F0000C200CF1010C6AE75822EAE76222E8E794
:104800008D06ACF1020004D54FF0580E04F800E01C
:1048100091E74FF0780E04F800E08CE72DE9F04FB7
:1048200091B0DDF868E099460F4690469DF86C60BF
:104830001C9BDDF87CC0BEF1000F04D11CF4806F1E
:1048400032D12CF0100C1CF0200F14BF4124612435
:104850000022A4F10A05834608AC02E0202A86461D
:104860000ED0BEFBF3F003FB10E1092994BF3031F9
:1048700049199E45217002F1010204F10104EDD2B3
:10488000584608AD1E99CDE9012605911D9942466D
:10489000CDE90331CDF818C04B4639460095FFF7F6
:1048A000CFFE11B0BDE8F08F72462CF0100C08ADB1
:1048B000E8E700BF2DE9F04F97B0209E219C0991B9
:1048C00056EA04019DF888B0DDF8A0E0DDE924890E
:1048D00004D11EF4806F2EF0100E42D11EF0200F76
:1048E00014BF4FF0410A4FF0610A0DF1380C6746D2
:1048F0000025CDE90AC0CDE90C23AAF10A0ACDF8BA
:10490000A0E003E0202D06460C4613D02146424687
:104910004B46304604F098F9D2B2092A94BF30329F
:104920005244464574EB09043A7005F1010507F15C
:104930000107E7D2DDF8A0E0DDE90AC0DDE90C23DC
:104940002799CDE9015B05912699CDF818E0CDE9CD
:104950000381CDF800C00999FFF772FE17B0BDE8DA
:10496000F08F00250DF1380CEAE700BF00000000D1
:104970002DE9F04F95B01E46DDE91EABDDE921873C
:10498000209B0D460A900B92099352465B46504677
:104990005946FFF719F8002840F0948050465946D0
:1049A0004FF0FF32624BFFF75DF8002840F08A803D
:1049B000504659464FF0FF326FF48013FFF716F858
:1049C00000287FD15046594600220023FFF70EF8F9
:1049D000002840F09481CDE906ABDDE9061217F41A
:1049E00080600B460C4607F400610C921291139004
:1049F00077D1134340F09E80002940F0998106232F
:104A0000099317F002020C9240F094814346042B64
:104A100038BF042304219146043B0E911293504663
:104A2000594600220023FEF7E1FF002840F0FC81F8
:104A30009DED067B129B0B9A0393099B8DED007BEA
:104A4000029327F400630493294633460A9800F042
:104A50003BFA024617F0200F0CBF65204520334675
:104A600029460A9C571CA047052305930E9B00204E
:104A7000013B04930A23CDE9023089EAE973A3EBF1
:104A8000E9734FEAD971CDE900313A4633462946F8
:104A90002046FFF7C3FE0C9B07467BB10B9BA0EBA8
:104AA000030AD0450AD93A463346294620200AF15E
:104AB000010AA047D04507F10107F4D8384615B0E0
:104AC000BDE8F08F3346DDE909402946CDE91EAB4C
:104AD000CDE921870B9A209415B0BDE8F04F00F086
:104AE000F3B90C9A54EA020326D1129B002B88D00A
:104AF0004FF00009099B4B4500F3D281002450463A
:104B0000594600220023FEF771FF002840F0FD8087
:104B10009DED067B27F4006343F4806322938DEDC3
:104B20001E7B33462946CDE920480B9A0A98D3E7E5
:104B3000FFFFEF7F062309930C9BC3F30A50A0F2FB
:104B4000FF30FEF7F9FEB4A3D3E90023FEF774FEAD
:104B5000B3A3D3E90023FEF747FE0C9BCDE90E017A
:104B6000C3F3130343F07F5120460022A44B41F4CA
:104B70004011FEF74DFE96A3D3E90023FEF75CFE3D
:104B800002460B46DDE90E01FEF72EFEFEF7F8FEAB
:104B90008146FEF7D1FE90A3D3E90023CDE90C01B5
:104BA000FEF74AFE0022974BFEF71EFEFEF7E8FED8
:104BB0008BA3D3E900230446DDE90C01FEF73CFE9C
:104BC000CDE90C012046FEF7B7FE87A3D3E9002309
:104BD000FEF732FE02460B46DDE90C01FEF718FE39
:104BE00002460B46CDE90C23FEF726FECDE90E0169
:104BF000DDE90C0102460B46FEF7F6FD0022CDE989
:104C00001001DDE90E01804BFEF73AFE00227F4BDA
:104C1000FEF7EAFD02460B46DDE90E01FEF730FE27
:104C200000227B4BFEF7E0FD02460B46DDE90E015C
:104C3000FEF726FECDE90E01DDE90C2300204FF042
:104C40008041FEF7E5FD02460B46DDE90E01FEF769
:104C5000CBFD02460B46DDE91001FEF711FE0022F6
:104C60006C4BFEF7C1FD04F2FF3C00224FEA0C53EF
:104C7000FEF7E2FD02460B46CDE90C23DDE90623F3
:104C8000FEF7F0FE48B1DDE90C0100225F4BFEF7B4
:104C9000F7FDCDE90C0109F1FF39DDE90C34CDE96F
:104CA000103409F16303C62B07F00203129A0C9328
:104CB00010D8002A75D1B8F1040F40F28380002B80
:104CC00000F0E48004230E9302230C93B9F1000F4B
:104CD0000CD1A4E6002A35D1B8F1050F04D9002B78
:104CE00000F0E28002230C9305230E93DDE9060118
:104CF000DDE91023FEF7C4FDCDE906018FE60BF1D7
:104D00000043CDF818A0079367E627F4006343F447
:104D10008063CDE9204822933346DDE906673446B7
:104D2000294607F10045CDE91E450B9A0A98D3E6BE
:104D30000524E4E6042200230E92022299461293EF
:104D40000C926CE605230E93DDE9101251EA020382
:104D50003FF4D0AEDDE9060125A3D3E90023FEF739
:104D60006DFE48B1DDE9060123A3D3E90023FEF778
:104D70003DFE00287FF4BEAE099BABB1139A002A1A
:104D800067D0013B09930E9B984504D90C9A002AE1
:104D90006DD002230C9300231293B9F1000FA5D11B
:104DA0003DE604230E93CFE70E9B984567D90C9AF6
:104DB000002A5CD0099B129302230C93B9F1000FD7
:104DC00094D12CE604230E93B9F1000F8ED126E680
:104DD00061436F63A787D23F71A379094F930A405C
:104DE0001655B5BBB16B0240EF39FAFE422EE63FD5
:104DF0002D431CEBE2361A3F0000000080842E4158
:104E00000000F83F0000E03F00002C40000024407C
:104E1000000018400000F03FFB799F501344D33F3F
:104E2000B3C8608B288AC63F129BDDE906A40393B2
:104E3000099B04F1004B029327F400630B9A04933F
:104E400029463346CDE900AB0A9800F03DF802460A
:104E500000E60E9B98452DD90C9A42B1139B1293F4
:104E600002230C93B9F1000F7FF440AFD7E5A8EB14
:104E700003031293B9F1000F7FF438AFCFE5099B1C
:104E80001293B9F1000F7FF431AFC8E504230E93FC
:104E9000A8F104031293B9F1000F7FF427AFBEE528
:104EA000A3EB09035C1E2AE605230E93A8F1050374
:104EB00012931BE7139B1293B9F1000F7FF416AF07
:104EC000ADE500BF000000002DE9F04F97B0DDE92F
:104ED0002089CDE90501DDE9225B07920C9342466A
:104EE0004B4640464946DDF890A0FEF76DFD002890
:104EF00040F0A781404649464FF0FF326FF48013DF
:104F0000FEF774FD002840F0C080404649464FF04F
:104F1000FF32B14BFEF7A6FD002840F09680AAA311
:104F2000D3E9002340464946FEF79CFD00287ED188
:104F3000A7A3D3E9002340464946FEF757FD0028C2
:104F400075D14046494600220023FEF74FFD002858
:104F500040F090800D901AF4806F08BF0625302134
:104F60002B460EAAA5F1200605E0013BB34202F84C
:104F7000011B00F02681092BF7D81E46ED1A494681
:104F80004046FEF7FDFC954B044603EBC60393ED4C
:104F9000007B8DED087BFEF7CFFC02460B464046BA
:104FA0004946FEF735FCDDE90823FEF745FCCDE96F
:104FB0000A01FEF7F7FC0746FEF7D0FC02460B4657
:104FC000DDE90A01FEF724FC0022854BCDE90A0148
:104FD000FEF748FD002869D001373846FEF7BEFCD1
:104FE00002460B46DDE90801FEF714FD08B1002773
:104FF0000134002E68D00DF13703DFF8F8C15819DD
:105000000DE0ACFB0721C90801EB8102A7EB4202CE
:105010003032092F00F8012F40F2BE800F46202DBC
:1050200006F1FF3605F10105EBD1202567E00C9B69
:105030000598CDE92089DDE90612CDE923BA22954C
:1050400017B0BDE8F04FFFF793BC1AF0040F18BF7C
:105050000423DDE906120ABF0323624C624C21934C
:1050600005980C9BCDE922BA209417B0BDE8F04F0B
:10507000FFF792BA4B46424600200021FEF7C8FBDC
:105080000123804689460D9365E70424DDE9061275
:105090000C9B0598554DCDF88CA0CDF888B0CDE986
:1050A000205417B0BDE8F04FFFF776BA0022DDE9D3
:1050B0000A014B4BFEF79AFC00289AD1002F40F0D2
:1050C000BC800137002E96D12046FEF735FC024603
:1050D0000B4640464946FEF79BFB0022404B0646E6
:1050E0000F46FEF783FC40B93046394600223C4B60
:1050F000FEF7B8FC002800F09C800DF137033C4817
:1051000059190EE080FB0476C2EBA60202EB820680
:10511000A4EB460404F130060135144601F8016F92
:1051200052B3202D4FEAE472ECD10AF00302012AB7
:1051300014D1BBF1000F11D00D9A002A5CD00BF1F5
:10514000FF3BBBF1200F09D930222B4404E001358D
:105150005D4503F8012F13D2202DF8D10EACCDE917
:1051600002BADDE906120C9B059801950094FFF741
:1051700013FA17B0BDE8F08F0AF00302012A6FD0CE
:10518000202DEBD00D9B002B3FD02D220DEB0503E6
:1051900083F838200135E1E7202D3FF446AF302178
:1051A0002E445A1905E00135202D02F8011F3FF465
:1051B0003CAFB542F7D12E226E44013586F8382037
:1051C0009DE72025DBE600BF0000000065CDCD4156
:1051D0000000000065CDCDC1FFFFEF7F40950010BE
:1051E0000000E03F488F0010508F0010588F0010D3
:1051F00067666666CDCCCCCC1AF00C0F2CD00BF1C8
:10520000FF3B5D45A0D3202DA8D01AF0040F06D097
:105210002B220DEB050383F8382001359EE71AF0A9
:10522000080F9BD020220DEB050383F838200135B1
:1052300094E7013424F001045FE7FB077FF5D9AE62
:105240003FE70324DDE906120C9B05980B4DCDF8D2
:105250008CA0CDF888B022E75D45FFF475AF7DE7FF
:10526000BBF1000F8CD00D9A002AC5D00BF1FF3B8B
:105270005D45FFF469AF202D87D16FE7548F001093
:1052800000B9704700F0FEBC10B1D1E900311847F9
:10529000704700BF000000002DE9F04F9146BD4C63
:1052A000BD4AB1F1000B8FB018BF8046146018786A
:1052B000BA4ADDF860A008BF9046002800F071826D
:1052C0001C46002508E02A464B465946C047013592
:1052D0002078002800F00A81252804F10104F2D189
:1052E0000023224612F8010BA0F1200110290AD850
:1052F000DFE801F03F09093B0909090909090937F4
:10530000093309092F00A0F13001092940F2CC80AE
:105310002A2800F0238100262E2800F0D7800021C3
:10532000A0F16807122F2CD8DFE817F076012B00C8
:1053300071012B0068012B002B002B002B002B0090
:105340002B002B0027002B002B002B002B002B0009
:105350002700144643F00103C3E7144643F0020359
:10536000BFE7144643F00403BBE7144643F01003C1
:10537000B7E7144643F00803B3E7607843F480735B
:1053800001326728144600F2BF8024289BD9A0F17F
:105390002502422A97D801A757F822F08F5600100D
:1053A000C7520010C7520010C7520010C752001059
:1053B000C7520010C7520010C7520010C752001049
:1053C000C7520010C7520010C7520010C752001039
:1053D000C7520010C7520010C7520010C752001029
:1053E000C7520010C7520010C7520010C752001019
:1053F000C7520010C7520010C7520010C752001009
:10540000C7520010C7520010C7520010C7520010F8
:10541000C7520010C7520010C75200102956001082
:105420006156001029560010C7520010C7520010D4
:10543000C7520010C7520010C7520010C7520010C8
:10544000C7520010C7520010C7520010C7520010B8
:10545000C7520010C7520010C7520010C7520010A8
:10546000C7520010C75200101D570010C75200103D
:10547000C7520010C7520010C7520010C752001088
:10548000C7520010C7520010C7520010C752001078
:105490001D5700109D5600101D5700102956001072
:1054A0006156001029560010002606EB860600EB18
:1054B000460610781446A0F130010929A6F13006FD
:1054C00002F10102F1D92E287FF429AF6078174646
:1054D000A0F13001092943F4806340F2FD802A28BD
:1054E00000F0148114460021013219E72C46A94529
:1054F00001D809F1FF354B462A4659460020C047DE
:1055000020460FB0BDE8F08FA0F16902D2B20F2A99
:105510003FF6D9AE4FF0010C49F241070CFA02FCFC
:105520001CEA070C40F0E7800A2A22D0072A7FF401
:10553000CAAE43F02103059308230493102303917B
:10554000CDF804C002935AF8043B2A46009359460A
:105550004B464046FFF762F90546B9E65AF8046B38
:105560006078002E1446BCBF43F00203764201323D
:10557000D2E6524652F804EB00299EF8000014BF10
:105580008A464FF0FF3A0B92002800F003827246E1
:10559000F2440AE099520010D031012095450010E4
:1055A00012F8017F002F00F0F3809245F8D1AAEBAA
:1055B0000E020A9213F4806704D00A9A8A4228BF26
:1055C0000A460A9213F0020300F00F814FF0020C1A
:1055D0000C96F2462A460E46CDF834C01FB1002E76
:1055E00000F0C980013E4B465946C0471AF8010FEA
:1055F0000135002800F0BF802A46EFE760786C286C
:105600007FF4BCAEA07843F44073E21CB9E6607846
:1056100043F400730132B4E66078682800F0BC807F
:1056200043F080030132ACE6672800F09F804728F2
:1056300000F0A980452800F0A880CDE903630AF1B5
:10564000070A02912AF0070A2A46FAE802674B463F
:1056500059464046CDE90067FFF78AF9054637E627
:10566000462808BF43F02003CDE903630AF1070A87
:1056700002912AF0070A2A46FAE802674B46594681
:105680004046CDE90067FFF71FFC054620E62A46A5
:105690004B4659462520C047013519E60AF1040258
:1056A0009B0705F101070A9240F182802A464B468A
:1056B00059469AF80000C047012E88BFAD1940F244
:1056C00028813A464B46594620200137C047BD4203
:1056D000F7D1DDF828A0FBE5002101EB810100EB0B
:1056E000410117F8010F3039A0F13002092AF4D92D
:1056F0003C467A1C14E66F283BD040F22381782880
:1057000000F0F5800A2223F010030EE05AF8041B83
:10571000A0780234621C21EAE17101E6582843D0E6
:10572000622808BF022240F09680580540F1BA80F6
:1057300023F00D0313F4007040F0ED8013F4807F2C
:105740000AF1040740F01581580600F1D5801806CB
:105750004CBFBAF80000DAF80000CDE9046300237A
:10576000CDE9022100902A46019393E043F40063BF
:1057700063E70822D9E7DDE90C6CBCF1000F5BD1CF
:10578000DDF82CA0A4E543F4006343F0200354E7C4
:10579000A2EB0E020A920DE7A07843F0C003E21CD0
:1057A000EFE504460546A2E6102243F02003BCE7DD
:1057B000012E40F2A8802F466B1ECDF82CA003EBE3
:1057C000060A3A464B46594620200137C047BA459B
:1057D000F7D15246DDF82CA04B469AF80000594606
:1057E000C0473544DDF828A072E50A9A964240F297
:1057F000E6800A9B06EB050ACDE90CE60A970E4601
:105800006746AAEB030A2A464B4659462020013533
:10581000C047AA45F7D1DDF830E031469EF80000D8
:10582000BC460D9E0A9F0028AAD0731C0A93CFE69F
:1058300013F0020700F0BD802F460A9B9E429FD9BD
:105840003544ED1A3A464B46594620200137C047A9
:10585000AF42F7D194E75F054BD523F011029005D5
:1058600023D4D3050AF1040773D450063BD413069E
:1058700040F18980BAF9003083EAE370A0EBE3706D
:1058800080B2DB0F01930A23CDE904622A4603911B
:10589000009002934B4659464046FEF7BFFFBA467A
:1058A000054615E523F00C0344E79FED477B0AF11D
:1058B000070A2AF0070ADAF804305AF8080BDF0F53
:1058C000002BCDE907628DED047B0246069102971D
:1058D00015DBCDE9002359462A464B464046FEF7E4
:1058E000E9FF0546F4E49AF800301846C9E71022AB
:1058F0001BE723F01002B2E79AF800002DE74242BE
:1059000063EB4303E5E72A464B4659469AF8000005
:10591000C0473D46DDE604922A460025CDE90763EF
:105920000AF1070A0691059502952AF0070AFAE896
:1059300002674B4659464046CDE90067FEF7BAFF7D
:105940000546C5E4692823F010022DD15F0586D5F0
:1059500083E7DAF8003003910A21029183EAE371C8
:10596000A1EBE371DB0FCDE90462CDE900132A4618
:1059700090E7CDE90221CDE904630190DAF8003027
:105980002A46009386E7DAF8003083EAE370A0EB5A
:10599000E37076E713F480620A923FF449AF9F0701
:1059A00005D52F460A9048E713460A22BDE64FF474
:1059B0008067002E3FF4E4AE00230A9319E79C466B
:1059C000531C0A9304E600BF0A0000000000000018
:1059D0000CB400B585B00DF1180C5CF8043B0A4618
:1059E000CDF800C001460548CDF80CC0FFF754FCC7
:1059F00005B05DF804EB02B0704700BF8D450010A4
:105A00008C4610B584B000930290134602A94FF063
:105A1000FF320348CDF80CC0FFF73EFC04B010BDC8
:105A20008952001010B5094A84B014684CB103467D
:105A300000914FF0FF3203A90548A047012004B0B0
:105A400010BD00F02FF9204604B010BDD031012068
:105A50008152001000BEFDE7704700BF08B5FFF798
:105A6000F9FF00BF38B5064C064DFDF78DFDAC4281
:105A700004D254F8043B9847AC42FAD338BD00BF77
:105A8000CC8C0010D08C00100368084611461847D3
:105A90002DE9F043804698F81530084683B0002B76
:105AA00045D0002A34DD00241746894622464D1E83
:105AB00006E06B780A2B2ED0A74205F1010516D01F
:105AC00026460134002EF4D199F800300A2BF3D188
:105AD00098F81430002BEFD102211848D8F8003084
:105AE00001949847A742019A05F10105E8D1974230
:105AF00005DDD8F80030B91A09EB0200984719F80B
:105B00000630A3F10D03B3FA83F35B0988F8143070
:105B100003B0BDE8F0832B780D2BCDD0B242DBDA99
:105B2000D8F80030B11A09EB02009847D4E71146C3
:105B3000D8F8003003B0BDE8F04318479095001046
:105B40000B685A1C802A0B440A60187100D07047F9
:105B500030B50E4B0C46186883B0A0B10D1D01E0A6
:105B6000006980B10368002BFAD0094B1B680BB1A8
:105B70008342F5D1294622680190FFF789FF0198F9
:105B800000690028EED1206003B030BDBC2D01209B
:105B9000C42D01202DE9F04F83B091461C460D46DF
:105BA0008046FDF7B3FA4FF0FF376FF00046244A06
:105BB000821841F10003974276EB03013CBF3A465D
:105BC0003346204803F048F86B1C83462BD044B37F
:105BD0001D4F1E4B1C68ECB14FF00A0A1C4E01E031
:105BE0002469BCB12368002BFAD033680BB1A342FF
:105BF000F6D12A4641462046B847B9F1000FEFD00A
:105C0000204601220DF107018DF807A0B84724694D
:105C1000002CE7D1BBF1000F0AD1284603B0BDE844
:105C2000F08F0C4FD5E7404602F0D2FF0546CEE795
:105C3000044803F025F8284603B0BDE8F08F00BF04
:105C400040420F0090110020915A0010BC2D0120FD
:105C5000C42D0120895A0010084A136823B90AE0AC
:105C600003F110021B6933B18342F9D129B91869D4
:105C700010601961704701B110607047BC2D0120A0
:105C800000F036BA012310B5044682B0002219464E
:105C90000DF107008DF80740FFF77CFF204602B0AA
:105CA00010BD00BF38B5044602F092FF012305463F
:105CB0001A4620462946FFF76DFF054B1C682CB19C
:105CC000636803B198472469002CF9D1284638BD90
:105CD000BC2D01202DE9F041A2B00E460546FDF78E
:105CE00015FA4FF0FF3C6FF00044244A821841F14E
:105CF0000003944574EB03013CBF234662462048F1
:105D000002F0AAFF0024334607462A461D4801A98F
:105D10000194FFF775FE1C4E019B80463468BBB1B1
:105D2000002C28D0194D01E0246974B12368002BA0
:105D3000FAD02B680BB19C42F6D12046019A02A9F9
:105D4000FFF7A6FE2469002CF0D1234634680193A6
:105D50002CB1636803B198472469002CF9D11FB9AD
:105D6000404622B0BDE8F081054802F089FF404678
:105D700022B0BDE8F0810194F1E700BF40420F007E
:105D800090110020415B0010BC2D0120C42D01208A
:105D90000FB400B583B004A951F8040B0191FFF7CB
:105DA00099FF03B05DF804EB04B07047024A034B5F
:105DB00010601960704700BF542D0120582D01203C
:105DC000184B70B51A68002A28D0EFF3108172B60C
:105DD000D2E8CF4F0120002CFAD1C2E8440F002CAA
:105DE000F6D1BFF35F8F00220F4C18685960227004
:105DF000C0E88F2F81F31088002400250B4E3078E7
:105E0000FCF7E0FB20B9002400252046294670BDA0
:105E10003078FCF7E7FB2046294670BD4FF47A74D2
:105E20000025EBE7003A01205648012055480120A3
:105E3000014B1878FCF7D6BB5548012038B504460D
:105E400000200D4601F006FBA8B3002001F018FB6E
:105E500088B3FDF75BF94FF0FF3E6FF0004C174A37
:105E6000821841F1000396457CEB03013CBF72466A
:105E70006346134802F0F0FEE8B1002001F0EAFAB0
:105E800058B901464FF0FF3000F010FD6FF00204EA
:105E90000B4802F0F5FE204638BD002001F0F0FA74
:105EA0000028EED021462A46002001F0F3FA0446ED
:105EB0000028EDD1EAE76FF00204ECE740420F0062
:105EC0006C3D012008B5FDF721F94FF0FF3E6FF062
:105ED000004C0F4A821841F1000396457CEB030108
:105EE0003CBF724663460B4802F0B6FE70B14FF0FD
:105EF000FF30002100F0DAFC002001F0E3FA002876
:105F0000F5D1BDE80840034802F0BABE08BD00BFA5
:105F100040420F006C3D01202DE9F04107460E463E
:105F2000FDF7F4F84FF0FF356FF00044324A821865
:105F300041F10003954274EB03013CBF2A4623461E
:105F40002E4802F089FE08B9BDE8F081002001F07A
:105F500081FA002845D0002E3EDD0025DFF8A48020
:105F600012E02246002001F0F7FA002105444FF02C
:105F7000FF3000F09BFC002001F0A4FAFDF7C6F80A
:105F8000C8E90001AE4227DD002001F003FB741BCD
:105F90008442A8BF04467919002CE2D121464FF073
:105FA000FF3000F083FC204601F08CFA204601F01F
:105FB00051FA88B1204601F0EDFA0028E2D1FDF750
:105FC000A5F80F4AD8F800309B18D8F8042042F101
:105FD000000283428A41D5D20848BDE8F04102F070
:105FE0004FBE0020BDE8F0410021064BC3E900018F
:105FF000024802F045BE00BF40420F006C3D012048
:1060000020A10700E810012010B5002184B032481B
:1060100002F00EFE28BB314B1A6802B3EFF3108179
:1060200072B6D2E8CFEF5FF0010CBEF1000FF8D1ED
:10603000C2E84ECFBEF1000FF3D1BFF35F8FDFF8A0
:10604000A8C0D3F800E09CF800205960D3B2012228
:106050008CF80020CEE88F0F81F31088CBB104B00C
:1060600010BD00214FF0FF3000F020FC002001F0B7
:1060700007FA0446184802F003FE002CEFD0184B34
:106080001B68002BEBD0174A106804B0BDE8104025
:106090001847FCF773FE0446FDF738F84FF0FF3E53
:1060A0006FF0004C10F57A7241F1000396457CEBDD
:1060B000030138BF63464FF000014FF0010C38BFB9
:1060C0007246DFF828E02046CDE9011CCDF800E05B
:1060D000FCF7BEFE04B010BD6C3D0120003A01206B
:1060E000542D0120582D012056480120C15D00107B
:1060F0004FF0504330B585B01C68FCF73FFEFCF70D
:1061000007FFA04202D0002005B030BD00212C4B7B
:1061100008461B7801F008FC2A480368002B4BD086
:106120000120FCF7E5FB0346274C2849C0B2237049
:10613000FCF774FA20780121FCF72EFA0E20FCF708
:106140005DFA60BB224B6FF00044C3E90000FCF72E
:1061500015FE0546FCF7DAFF4FF0FF3C10F57A72AA
:1061600041F10003944574EB030138BF23464FF01F
:1061700000014FF0010438BF6246DFF860C02846D6
:10618000CDE90114CDF800C0FCF762FE0028BADBAF
:1061900001211048FFF760FD012005B030BD01204E
:1061A000FCF7C4F901460A48FCF702FC00220E2065
:1061B0000949FCF765FAEBE7FCF7DEFBB0E700BF47
:1061C000509700106C3D01205548012009600010D7
:1061D000003A012040110020315E0010C15D001026
:1061E000004870470C96001000487047B8950010A2
:1061F00000B51C4A0346117883B031B363B940F24D
:1062000009424FF44173DFF860C0ACF80220164831
:10621000ACF8003003B000BD052B20D8134ADFF8DE
:1062200048C052F8231060460023013903E0132BC5
:1062300020F8022F10D011F8012F0133DBB2002A11
:10624000F5D15B0043F44073E1E701901121104662
:1062500000F026F8019BD1E74FF44A73D7E70020FE
:10626000D8E700BF38480120942D0120A0950010E8
:1062700000B545F247308BB0FDF736F901220346F1
:10628000092101A89847054A05AB03A813F8011D89
:10629000834202F8011FF9D10BB000BD433D01203C
:1062A000012910B504461ED04FF0000C11480139E9
:1062B00004F1FF3E6FEA0C024FEA5C03C35C02F09C
:1062C00001029200134103F00F03092B0CF1010CA2
:1062D000D4BF303337338C450EF8013F06D0BCF1C4
:1062E000100FE7D110340023237010BD0023644445
:1062F000237010BD443D0120704700BF0022014BB8
:106300001A707047534801204B79FF2B0BD18879C5
:1063100048B9CB79012B07D1082A05D9034B8A78D4
:1063200009201A7070470020704700BF53480120B1
:1063300001207047012901D00120704708B5104B9A
:1063400091881B78994201D0002008BD5378012B19
:1063500008D0022BF8D1002164220846FDF746F848
:10636000012008BD518811F480721ABFC1F3C01218
:10637000480A4FF0FF3001F00301FDF7C1F800BFFC
:106380005348012000487047C8960010012907D1E2
:106390005378012B02D19388072B03D0002070473C
:1063A000012070471146A623014A00F05DBF00BFDF
:1063B000209600100346012201481A70704700BF62
:1063C000EC96001008B50B68B3F5966F00D008BDC9
:1063D00000224FF0FF301146FDF792F830B5144619
:1063E000002200F07F0CDFF884E04FEA4C0303EB5F
:1063F000D0130EEB43139870C009198380F001018C
:10640000DC76DA7059704FEACC03B0B91449043322
:106410000EEB8C145D18A5605A50BCF1000F06D12C
:10642000104A0EEB4010C260C0F804C030BD0E4AE6
:106430004FEACC039A18626030BD09490EEB8C1408
:106440000B44A36241F83C20BCF1000FE8D04FEAB6
:10645000CC0303F1A04303F58013636230BD00BF9A
:10646000800010500001105004001050C82D012071
:1064700010B500F0FFF80C231C4CFF22A3670E2080
:106480001B49FCF7FDF8402200211A4802F0BEF932
:106490004FF0800C0120174A0023A2F822C0507050
:1064A00010464022144902830287144A81604360E7
:1064B000C2F88430C2F8803080F8213080F83B3058
:1064C00043620F4BC360C362803B836202F0C8FB30
:1064D0004FF0005C4FF4803201200A490A4B2064DF
:1064E000C4F84CC0C4F89010DA6410BD000011501C
:1064F000A9030020C82D0120840010500000105076
:106500000001105010D001000020115001210E2078
:10651000FCF742B800220248114600F0CBB800BF99
:10652000E82D0120044B197021B14FF40032034BC8
:10653000C3F89020704700BF4F4801200020115041
:106540000B785B0600D070474B78052BFBD14B884E
:10655000014ADBB21360F6E700001150CA7802F07E
:106560000302012A3CD000B58878898883B000F006
:106570007F03C1F30A01CDE90003FFF72FFFDDE937
:10658000000313B9012003B000BD17495B0003EB02
:10659000D01C01EB4C1CBCF8182003EBD0139CF86A
:1065A0001BC012483F329209BCF1020F01EB4311AC
:1065B000036814BF9201D201DFF834E01A44724537
:1065C0000260CB600ED8012083F0A04383F48013D7
:1065D0004A6843EA8C6343F00043136003B000BD94
:1065E00000207047FCF7CAFFC82D0120F8390120B0
:1065F000FF0F105002F034BB08B59646DFF81CC000
:1066000001F07F02C80900EB42000CEB40101A4673
:10661000714600F04FF8012008BD00BFC82D0120D1
:1066200011F07F0205D100290CBF02200120064B8A
:106630009866C909054B01EB420003EB40104FF48B
:106640000062002102F010BB00201150C82D012073
:1066500011F07F0300D17047002205485B0003EB77
:10666000D11300EB43106FF40061C27002F0FCBA6A
:10667000C82D01204FF0805209480A4908B50A4B3D
:1066800002600A609968C94311F08051FAD14FF451
:106690008052064802F0BAF80922054B5A6708BD35
:1066A0000020024000300240000002400000105074
:1066B0000000115000234FF0010C10B5016180F86B
:1066C0001AC08282C382044602F0D2FA20B14FF48B
:1066D0000032074BC3F89020204602F0ADFA10B10B
:1066E0000123237710BD2046BDE8104002F0C4BA54
:1066F000002011502DE9F0414FF000081B4C0546D9
:10670000424623781A4F1B4E0DE0336813EB4213B9
:1067100023D0DB682846984708F1010823785FFA00
:1067200088F2934206D39342A2EB0303EDD807EB22
:106730004313EEE7542200210F4802F067F84FF0B0
:10674000FF330D4C2022C4E90133C4E90333FF2198
:10675000BDE8F041094802F059B84FF0E023D3F802
:10676000F03DDB0700D500BEBDE8F0814E480120BA
:106770000C970010F81001200012012014120120C3
:10678000704700BF704700BF00207047002070476F
:10679000704700BF704700BF704700BF704700BF21
:1067A000024B5878003818BF0120704700120120B2
:1067B000024B1878C0F38000704700BF0012012020
:1067C0002DE9F0472D4F3B78FF2B54D100293DD0C8
:1067D00054228A4681460021294802F017F80022F7
:1067E000284C294B20461A70FCF7C6F8274B28483E
:1067F0001C60284CFCF7CEF8204601F0A7FB264A87
:10680000264B146023B12648FFF7D4FD254B1860B2
:106810004FF00008224C43462278234E214D0DE0D4
:106820002A6812EB431311D05B687BB1984708F1DB
:10683000010822785FFA88F39A4211D39A42EFD87E
:106840009B1A06EB43135B68002BEFD14FF0E0235C
:10685000D3F8F03DDB0700D500BE0020BDE8F0878F
:106860005146484687F80090FFF702FE0028EDD019
:106870004846FFF74BFE0120BDE8F0877411002069
:1068800000120120F811012050480120541201206B
:106890006C1100205811002058120120B56300101F
:1068A0004E480120F81001200C970010A44B1B78D3
:1068B000FF2B00F012812DE9F04FA24CA24DDFF822
:1068C0009C82A24E8BB027687B69EFF3108272B670
:1068D000D3E8CF0F01210028FAD1C3E8401F0028D8
:1068E000F6D1BFF35F8FBA61384607A901F0D8F936
:1068F00000237A69C2E88F3FBB6983F310880028C0
:1069000000F0C6809DF81D30013B072B00F2838309
:10691000DFE803F0A3AD91998A350A04089B002BA8
:10692000D1D009989847CEE79DF8201001F07F0755
:1069300005EB470000EBD11090F8343023F0010351
:1069400080F8343090F8343023F0040380F8343089
:10695000002F00F0A080027D98F800309A4280F06D
:106960008F807B4B1B6813EB421300F08A809F697A
:106970009DF82120099B9DF81C00B847A3E73378B8
:10698000002B7ED03378013B3370337803F0FF0067
:10699000002B98D1DFF8B0A19DF81CB09AF8003018
:1069A00043F001038AF800309AF8343060F30003B2
:1069B0008AF834309AF8343060F382038AF834303D
:1069C0009AF8353060F300038AF835309AF835309C
:1069D00060F382038AF8353000F086FC9DF82030A1
:1069E00003F06002602A66D0402A77D003F01F03CC
:1069F000012B00F0B580022B7CD0002B5BD1202A2C
:106A000000F0E781002A56D19DF82130092B52D899
:106A1000DFE813F0AB019B015100BD0151008C0177
:106A2000630151005701E8002B78D9077FF54BAF80
:106A3000FFF7B4FE47E7EB78DA077FF544AF089835
:106A4000FFF7A0FE3FE72B78D8077FF53CAF28780B
:106A5000C0F3C000FFF7A0FE35E79DF81C00FFF76C
:106A600049FE00F037FC9DF82030AB702BE79DF815
:106A70001C00FFF73FFE00F02DFCFFF78BFE22E726
:106A800011D04FF0E023D3F8F03DDC0700D500BE75
:106A90000BB0BDE8F08F099B9DF821209DF81C00EC
:106AA00000F036FC0FE72B4B61E7FFF79DFB02463A
:106AB000002840F085814FF0E023D3F8F03DDF0758
:106AC00000D500BE9DF81C000021FFF7A9FD802124
:106AD0009DF81C00FFF7A4FDF5E670471E4800F086
:106AE00003FC0121584608AAFFF750FC00287FF458
:106AF000EAAEE7E79DF8241011F0700FDBD11748DC
:106B000001F07F0390F800C00AEB430000EBD110C6
:106B1000007D604551D340F06E810E480090002A00
:106B200000F06D81009F786900F0DEFB012158467E
:106B30007B6908AA984700287FF4C5AEC2E700BF6A
:106B40007411002058120120001201205048012029
:106B5000F81001200C9700108D6300104E480120A2
:106B60009DF824300F2BADD8B14A53441B791278CD
:106B7000934231D3A6D1AF4F786900F0B5FB012124
:106B800058467B6908AA984700287FF49CAE9DF878
:106B9000203013F0600795D19DF821300A3B012B7E
:106BA00090D800F0A1FB9DF821300A2B00F00D8257
:106BB000584608A900F03EFB85E6DFF87CC2DCF809
:106BC00000C00CEB40100090002A00F01881009BE0
:106BD000002B3FF477AFA5E7974A176817EB4317E9
:106BE000CAD16FE79AF801209DF82230934200F055
:106BF0005C819AF80120002A40F0D1818AF80130A6
:106C0000002B00F05081013BD8B2FFF7EDFA0028CD
:106C100000F06D814378022B40F06981C2799AF8C7
:106C20000010C2F340131B01C2F3801221F03001A7
:106C300043EA42130B438AF80030438800F109010C
:106C4000C3180293029B8B4240F2BC814B780B2B02
:106C500000F0C5810120042B40F049810022029BF5
:106C600001925B1A1FFA83F9714B00921B78039013
:106C70001EE0714B1B6813EB421300F038811F6953
:106C80004A46584605910493B847019B082803F1EA
:106C900001030599019303D98145049B80F00A8182
:106CA000634B9DF804201B7800929342C0F01F8133
:106CB000009A9342A2EB0303DBD85E4A02EB431334
:106CC000DDE79AF8013058468DF81A300DF11A02B6
:106CD000012308A900F0C8FAF5E5BDF82200030A6F
:106CE0005A1EC0B20E2A3FF6EDAE01A151F822F0B5
:106CF000216F0010AF6D00105D6F0010C56A0010AD
:106D0000C56A00103F6F0010AF6D0010C56A00101B
:106D1000C56A0010C56A0010C56A0010C56A001077
:106D2000C56A0010C56A0010136F001008A800F0B3
:106D3000E1FA58469DF82210FFF7ECFB9AF8003074
:106D400043F002038AF80030BDE5BDF82230012B84
:106D50007FF4B8AE9AF80030584623F0080308A92B
:106D60008AF8003000F066FAADE558469AF800302F
:106D70009A0802F00202C3F340131343ADF81A302D
:106D80000DF11A02022308A900F06EFA9BE5BDF886
:106D90002230012B7FF496AE9AF80030584643F02B
:106DA000080308A98AF8003000F044FA8BE5022BAA
:106DB0003FF47BAEFFF7EAFC024600283FF482AEC8
:106DC0005846538808A900F04FFA00287FF47BAD9D
:106DD00078E69DF824300F2B3FF674AE144A5344E6
:106DE0001B79127893421ED2134A176817EB431788
:106DF0007FF499AE66E6002A7FF464AE00929DF8B7
:106E000021C00CF0FD02012A18D0BCF1000F7FF464
:106E100052AE0AEB430303EBD11393F834305846D8
:106E2000C3F34003AAE77FF44DAE024F7BE600BFF9
:106E30004E4801200C970010F8100120BDF82220C8
:106E4000DAB97948BCF1010F007800F08F80CDE904
:106E50000113FFF7E5FB029B01990AEB430303EBE8
:106E6000D11393F8342042F0020283F8342093F8CF
:106E7000342042F0010283F83420009B002B3FF4C1
:106E800022AD1F46586900F02FFA7B69012108AA3C
:106E900058469847002000F027FA9AF83530DB076B
:106EA0003FF511AD84E6FFF775FC584608A900F0E0
:106EB000C1F908E502460398012800F0A5800028E2
:106EC00000F09280002391F802E007E0009F8CF828
:106ED00004705FFA83FC604540F286800EEB030C81
:106EE0005AFA8CFC9CF804700133FF2FEED04FF05F
:106EF000E023D3F8F03DD90700D500BE4FF0E023E2
:106F0000D3F8F03DDA0700D500BE00238AF801303F
:106F1000D8E5FFF737FA024600287FF451AFD1E5F4
:106F2000FFF75EF9024600283FF4C5AD584612232C
:106F300008A900F099F900287FF4C5ACC2E5FFF775
:106F400023FC024600283FF4BDAD5846137808A93B
:106F500000F08AF900287FF4B6ACB3E5BDF8241040
:106F6000FFF746F902460028EFD1ABE5CDE9023242
:106F70000191FFF76DFB029B01990AEB430303EBC1
:106F8000D11393F83410039A62F3410183F834105B
:106F900093F8341062F3000183F834106DE7002198
:106FA00058460193FFF7BEFA5846FFF723FB9AF8BD
:106FB000022058460092FFF79DFB009A019B8AF839
:106FC00002201BE6FFF7E4FB6FE75846012308A900
:106FD0000DF11A028DF81A7000F046F973E40B787F
:106FE000C87819444B7836E6009F10483B46CDE9F7
:106FF000001200F04BFDDDE9001211440C4A137839
:10700000BB42BFF41FAE72E7D3F810C0094B9C45DA
:1070100008BF022056E74FF0E023D3F8F03DDB072E
:107020007FF551AC00BE4EE4741100201412012013
:107030004E480120997600108B7813F0700F08D01D
:107040004FF0E023D3F8F03DDA0700D500BE002072
:10705000704710B582B0084601910C490C4A8978F6
:10706000147800F0E3FC48B94FF0E023D3F8F03D8A
:10707000DB0700D500BE002002B010BD20460199FC
:1070800002B0BDE81040FFF769BA00BF001201204E
:10709000741100202DE9F843DDF820805AB30C4626
:1070A0001E46074615464FF0000916E0E17801F04C
:1070B0000301B14214D121463846FFF7BDFF78B134
:1070C000A37809F10109DA0916BF099A88F8003096
:1070D00013702378A9451C440DD06378052BE5D0A7
:1070E0004FF0E023D3F8F03DDB0702D40020BDE8E9
:1070F000F88300BEFAE70120BDE8F8830A46064B94
:1071000006481968D309343302F07F0203EB4203C7
:10711000184400F03FBC00BF5412012000120120AF
:107120000A46064B06481968D309343302F07F0239
:1071300003EB4203184400F05DBC00BF5412012071
:107140000012012010B5194801F07F0400EB440043
:1071500000EBD11090F834C01CF0010F08D04FF0B4
:10716000E023D3F8F03DDA0700D500BE002010BDC3
:1071700000F1300494F804C00D484CF0010C007884
:1071800084F804C0FFF738FA0028F0D14FF0E0216E
:10719000227960F300022271227960F38202227167
:1071A000D1F8F03DDB07E1D500BEDFE7001201209A
:1071B000741100201D4910B5CA890446888991F9C7
:1071C00000C0831A9BB2402B28BF4023BCF1000FA4
:1071D00082B00ADB90424FF000011FD02046144AD3
:1071E00002B0BDE81040FFF7ADBF90420ED01A4686
:1071F00089680F48019301F075FC802120460C4AF4
:10720000019B02B0BDE81040FFF79CBF8021002227
:10721000204602B0BDE81040FFF794BF0A46204662
:1072200002B0BDE81040FFF78DBF00BFC0110120C4
:10723000801101200B4A8C46134600B5864608682B
:10724000496803C300239CF80010704681F0FF01D9
:107250009360D3605DF804EB1A4601F08001FFF7FC
:1072600071BF00BFC0110120DFF864C070B5E646F1
:1072700000250C46064608684968ACF80E50AEE892
:107280000300CCF80820E088834228BF0346ACF80E
:107290000C3038B103B18AB13046FFF78BFF68B1CB
:1072A000012070BD2178034681F0FF01024601F004
:1072B00080013046FFF746FF0028F1D14FF0E02370
:1072C000D3F8F03DDB0700D500BE002070BD00BF45
:1072D000C01101200022034BC3E90022C3E90222AE
:1072E0001A617047C0110120014B1861704700BF3F
:1072F000C01101200146054A4FF0000C13460068FA
:107300004968C2E902CC03C3704700BFC011012025
:1073100030B52E4CC90922780546B1EBD21F83B097
:1073200017D053B14FF0E023D3F8F03DDB0702D480
:10733000002003B030BD00BEFAE72146FFF700F998
:1073400023691BB12246032128469847012003B038
:1073500030BD94F90020002A08DBA0680028E7D09F
:107360001A461B49019301F0BDFB019BA168E2890C
:1073700019441A44A160E18892B29142E28107D097
:107380003F2B05D92846FFF715FF0028DED1C9E7B6
:10739000236923B1022128460C4A984768B100238B
:1073A0002178284681F0FF011A4601F08001FFF79D
:1073B000C9FE0028B6D00120C9E701462846FFF7DC
:1073C0002FF980212846FFF72BF9BFE7C0110120D4
:1073D0008011012070B582B00446FFF7E1F908B9C9
:1073E00002B070BDFFF7E4F902460028F8D1C823C7
:1073F00004FB03F315492546CC18E0780028EFD0AC
:1074000010335E183046019200F038FC3F28E7D96F
:10741000E1780198FFF772FE0028E1D0304600F0D5
:107420002DFC3F28E1780AD94023DFF824C00198D9
:107430000CEBC51202B0BDE87040FFF783BE0198A7
:1074400002B0BDE87040FFF76BBE00BF981100208E
:10745000FC10012010B50446FFF7A2F908B900207E
:1074600010BDFFF7A5F90028F9D1C822034B02FB94
:107470000433187900F0010010BD00BF98110020FE
:10748000C82208B5024B02FB003000F0DDFB08BD4E
:10749000A811002038B54FF6FF739A4204464FF00A
:1074A000C80C28BF1A46064892B20CFB040000F034
:1074B00023FC05462046FFF78DFF284638BD00BF58
:1074C000A8110020F0B583B00546FFF769F910B99F
:1074D000002003B0F0BDFFF76BF904460028F7D198
:1074E000C82305FB03F31A4A03F124018F18384619
:1074F000009300F0A9FB0028EAD0154A009B204623
:10750000D618B178FFF7FAFD0028E1D011493846C6
:1075100001EBC5114022009100F0EEFB96F802C08D
:10752000034670B1019061462046009AFFF70AFEBB
:1075300058B94FF0E023D3F8F03DDB07C8D500BEC3
:10754000C6E76146FFF7ECFDC2E70198C1E700BF5F
:10755000981100203C11012070B505464FF6FF70D0
:10756000C823824228BF0246094C92B203FB05445D
:10757000204600F043FC0646204600F065FB3F280D
:1075800001D8304670BD2846FFF79CFF304670BDDD
:10759000BC110020C82208B5024B02FB003000F0ED
:1075A0006DFB08BDBC11002070B5002482B0C8225C
:1075B0000021184801F02AF9FF234FF4E131082295
:1075C0001548047013480094064643718160827325
:1075D00000F1380101234022103000F005FB0123A7
:1075E000402206F17801009306F1B80506F1240067
:1075F00000F0FAFA2846FBF7BFF906F1C000FBF7E6
:10760000BBF906F1C000C6E90745C6E90C0402B0A3
:1076100070BD00BF981100207C110120094B196A30
:10762000186B59B10022DA6120B101210022C3E9AF
:107630000C2209B100221A62012070470028F5D1FE
:1076400001207047981100200022104908B5104809
:107650000B7802600271DA0707D59B070CD5BDE8ED
:10766000084001210B4800F08DBC103000F06EFC8A
:1076700006490B789B07F2D4064800F067FCBDE88A
:1076800008400121034800F07DBC00BF7C110120AF
:1076900098110020BC11002070B54B7984B0022BEA
:1076A00002D18B79022B03D00024204604B070BD98
:1076B000294B9B783BB14FF0E023D3F8F03DDB073B
:1076C000F2D500BEF0E78B78054623480924037005
:1076D0000B78194491F801C0BCF1240F09D016E0D1
:1076E0000B78194491F801C02344BCF1240F9CB2DB
:1076F0000DD19442F4D94B78042B02D14B790A2B4B
:1077000017D00020FFF766FE204604B070BDBCF124
:10771000050FF0D128460391FFF78EFC039900284E
:10772000C9D08B780C4A53700B781C44A4B219440E
:10773000E1E70A4B0A7801930133009302231646CE
:10774000114428461A46FFF7A5FC0028B3D00E3492
:1077500033199CB2D5E700BF981100209A11002080
:10776000137803F06003202B0BD100B5DFF8BCC009
:1077700093889CF800E083B09E4504D0002003B0BD
:1077800000BD002070475378203B032BF6D8DFE87C
:1077900003F02C270D02012933D0032922D11E4BDF
:1077A00003B300205188AFF300801BE0012928D0EB
:1077B000032917D15288194802F0010383F001010F
:1077C00001938CF80420009200F0DCFB144949B1CD
:1077D000009A00200199C2F34002AFF3008001E05B
:1077E000012912D0012003B000BD01290DD00329C9
:1077F000F8D10C4B002BF5D000200B49FEF7E2FD31
:10780000F0E71146FFF716FDECE711460723064A9D
:10781000FFF72AFDE6E700BF00000000BC110020D2
:1078200000000000C5630010A01100209811002086
:107830002DE9F041354C0D46E27807468A421E4656
:1078400082B02FD0A3788B4209D04FF0E023D3F839
:10785000F03DDB0724D4002002B0BDE8F0812C4BC2
:1078600013B10020AFF300800020FFF72BFE0028AB
:1078700047D1284800F0E8F9002842D1002E40D036
:1078800016F03F053DD13846A178FFF737FC0028B8
:1078900037D02B462A463846A178FFF753FC30E014
:1078A00000BED8E79AB21C4904F1100000F0A6FA15
:1078B0001A4BD3B16279FF2A17D0B6B1164B03EB3E
:1078C000060802E0434510D0627913F8011B91428B
:1078D000F8D11348019300F0C7F9019B0028F1D1BA
:1078E0006179AFF30080019BECE70E4B1BB10C48B4
:1078F00000F0BAF938B10020FFF76CFDA378AB4275
:10790000ADD00120A8E7AFF30080F4E79811002084
:1079100000000000BC110020FC100120000000004D
:10792000A81100200000000000B583B0D9B10128E3
:107930000ED80B7863B1DFF858C0012B0CF800307B
:1079400002D0012003B000BDFEF73AFF0028F8D1B5
:107950004FF0E023D3F8F03DDB0702D4002003B062
:1079600000BD00BEFAE70122084601A9ADF80420D7
:10797000FEF726FF012238B94FF0E023D3F8F03D9F
:10798000DA07ECD500BEEAE7014B1A70E7E700BF63
:10799000F4110120037813F001031ED130B5024623
:1079A000007883B00446400702D5184603B030BDC6
:1079B00008460D464FF0FF31019201F049F9019A56
:1079C000137813F001030BD1117849070AD4117809
:1079D000012341F00401117004E0002318467047B0
:1079E000C4F380032846019301F04AF9019B18462D
:1079F00003B030BD70B50D4604464FF0FF31284648
:107A000001F026F92378C3F380065B0708D52378B5
:107A100013F0010311BF0026227863F38202227063
:107A2000284601F02DF9304670BD00BFC37882882A
:107A300003F003000228C2F30A0215D003280AD07B
:107A400001281CD1022940F2FF3308BF4FF48063A4
:107A500093420DD37047022914BF40234FF4806333
:107A6000934205D30120704702290AD0402AF9D950
:107A70004FF0E023D3F8F03DDB0700D500BE002037
:107A80007047B2F5007FEDD0F2E700BF0A449142A3
:107A900005D3704791F800C061448A421FD991F81C
:107AA00001C0BCF1050FF5D100B591F802C00CF092
:107AB0007F0E00EB4E0E4FEADC1C0EF80C3091F8F6
:107AC00000C061448A4209D991F801C0BCF1050F98
:107AD000EBD091F800C061448A42F5D800BD7047F0
:107AE00010B51446B0F804C0A4EB030E02461FFA0A
:107AF0008EF000EB4C0E1FFA8EFE9C4238BF704693
:107B0000C8B184450BD2A44594BFA4EB0C046444D3
:107B1000A3B29C45538104D8A3EB0C039BB29C45B4
:107B2000FAD9D48808461168C4F30E0202FB031187
:107B300000F0D8FF012010BD9C462DE9F04182B035
:107B4000BDF820308488ACEB0305ADB2064605EBEA
:107B5000440080B29C4538BF0546EDB1AC4239D3F4
:107B6000AA4228BF2A469C4295B203D81B1B9BB24F
:107B70009C42FBD9F088A4EB030C8E461FFA8CFCC8
:107B80003168C0F30E02654502FB031108D8704648
:107B900005FB02F200F0A6FF284602B0BDE8F08126
:107BA000F04617461CFB02F2704692B20193009217
:107BB00000F098FF009A019B08EB02002A1B134477
:107BC00013FB07F2316892B200F08CFF284602B036
:107BD000BDE8F081644594BFACEB040CA4441FFAEB
:107BE0008CF325467381BBE72DE9F041B2F5004FD8
:107BF0009DF8185024D80446C06898460F4616468B
:107C000018B14FF0FF3101F023F8206918B14FF09F
:107C1000FF3101F01DF80022C8F30E03E06843EACB
:107C2000C53362812760A680E380228108B101F01C
:107C300027F8206908B101F023F80120BDE8F081A0
:107C40000020BDE8F08100BF038942899BB292B257
:107C50008088934236BFC2EB40029B1A9B189BB2AE
:107C6000984228BF184670470289438990B29BB258
:107C7000C01AB0FA80F04009704700BF03894289FA
:107C80009BB2808892B2934236BFC2EB40029B1AED
:107C90009B189BB2984286BFC01A80B200207047E2
:107CA00030B5044600690D4683B018B14FF0FF317E
:107CB00000F0CEFF2289638929469BB292B220460A
:107CC000FFF70EFF01466289A08892B28B189BB223
:107CD0009A424FEA40020CD8B3EB400F09DA206910
:107CE000638118B1019100F0CBFF0199084603B000
:107CF00030BD9B1AF3E700BF30B5044600690D465E
:107D000085B028B14FF0FF31039200F0A1FF039A34
:107D100023896089294680B200909BB22046FFF7F4
:107D20000BFF01466289A08892B28B189BB29A42DF
:107D30004FEA40020CD8B3EB400F09DA20696381A7
:107D400018B1039100F09CFF0399084605B030BDBF
:107D50009B1AF3E770B50446C0680E4682B018B1AE
:107D60004FF0FF3100F074FF2589238961899BB2B0
:107D700089B2A2888B4236BFC1EB42015B1A5B1805
:107D80009BB29A42ADB20BD8E179C90908D1E0683B
:107D900018B1019100F074FF0199084602B070BD5E
:107DA000954228BF2B4617D39B1A9BB29342FBD216
:107DB000E2882068C2F30E0202FB0300314600F0A5
:107DC00091FE6B1C9BB29D42A28811D900235100E9
:107DD0005B1A01212381DAE7E2882068C2F30E02F0
:107DE00005FB0200314600F07DFE0135A288ABB2F2
:107DF000B3EB420F4FEA4201EBDBE9E72DE9F04735
:107E0000154682B0002A4AD00446C068884618B198
:107E10004FF0FF3100F01CFFE17926896389C90921
:107E2000A288B6B29BB23ED19E4236BFC3EB42039C
:107E3000F31A9B199BB2934253D2D31A9BB2AB4213
:107E400028BF2B469DB27319B4F806C01FFA83F9F8
:107E5000A5EB020A9642334603D39B1A9BB2934288
:107E6000FBD2D21A91B22068CCF30E02A942174677
:107E700002FB030052D3414605FB02F200F032FE42
:107E8000A3884E454FEA430202D8B9EB430F01DB0A
:107E9000A9EB0209E0682A46A4F8089028BB10461E
:107EA00002B0BDE8F087954227D29E4236BFC3EBB1
:107EB0004201F11A891989B250002944AF1A81424E
:107EC000BA4608DB991889B24E1BB6B2B34289464E
:107ED00038D9301A86B2AB191FFA83F9B4F806C044
:107EE000B8E70022E0680028D9D0009200F0C8FE70
:107EF000009A104602B0BDE8F087002AF2D0B4F82C
:107F000006C0AD1A99181E46CCF30E0303FB058874
:107F10004FF0000A15461FFA81F99BE711FB02F2A8
:107F2000414692B20193009200F0DCFD019B009A61
:107F3000534413FB07F308EB020120689AB200F0E8
:107F4000D1FD9DE7B042C4DDC8E700BF10B50446CF
:107F5000C06818B14FF0FF3100F07AFE206918B107
:107F60004FF0FF3100F074FE0023E068638123814D
:107F700008B100F085FE206908B100F081FE012003
:107F800010BD00BF38B50446C0680D4618B14FF0AB
:107F9000FF3100F05DFE206918B14FF0FF3100F0B5
:107FA00057FEE379E06865F3C713E37108B100F0A9
:107FB00067FE206908B100F063FE012038BD00BFF4
:107FC0000022014B5A607047F010012003BD00BF32
:107FD00000B583B00190FBF7E7FA019803B05DF8B4
:107FE00004EB004770B5054688B019200C46019295
:107FF000FAF7E8FA002106461920FAF7CDFA00232D
:10800000019A1946059201221748CDE902334270C0
:108010004FF050430846CDE906450492A1B11A6DD0
:108020009507FCD5596540BF1A6DD40703D420BF0E
:108030001A6DD207FBD59A6D8A420AD000200DEB4B
:1080400080029168EAE79A6D1A6DD207FBD440BFAF
:10805000E5E701300628F2D13146192008B0BDE825
:108060007040FAF799BA00BF902D01200C4B0D4AD1
:1080700093420ED39C4603F6F4710B4A9268CCF8F7
:10808000F40F0A48CCF8F83FCCF8FC0F0848FFF78B
:10809000A9BF4FF0FF3340F6F3719C46EDE700BFF8
:1080A000000008200000082000ED00E0D17F001053
:1080B000CD7F001000B5DFF81CC083B001460F2350
:1080C0000022CDF800C00248FAF7E2F903B000BD83
:1080D0004A480120FC8F00102DE9F04F85B005467D
:1080E000DDE90F749DF8380000264FF0010E029074
:1080F00008462968B3F10009CE664860C1F86CE013
:108100007BDD0298561E09F1FF3B80EA0E081FB185
:1081100071462046B84729684FF0000A2B79CDF800
:1081200004909B02DA4514BF002008F0010016F805
:10813000012F42EA402213430B61002F45D04FF03C
:10814000000906E029685FFA89F94A6BD30610D462
:1081500067B100212046B8470028F3D06FF0010A2C
:108160005046029B2B7105B0BDE8F08F4B6BD806D3
:10817000FCD5D1F8802082B9B9F1000F10D1DA45D1
:1081800037D0019B0AF1010A5345E9D01FB1012103
:108190002046B84729680023C4E74FF001094B6D1A
:1081A000AFB94B6B9B05FCD5086EB9F1000FE8D059
:1081B0002AB302F00902082A18BF4FF0FF3A5046CE
:1081C000029B2B7105B0BDE8F08FB946BDE7039265
:1081D00003E029684B6B9A0505D400212046B84777
:1081E0000028F6D0BAE7039A086EB9F1000FC8D09C
:1081F000DEE7029B002BC4D1D2E7B246B0E74FF0D6
:10820000FF3AADE72DE9F04F4FF0010C002705468E
:10821000006883B0B3F1000BC7669DF83080416001
:10822000DDE90D64C0F86CC02FDD914688EA0C03CF
:108230000BF1FF3A019316B101212046B0472B689C
:10824000596F1029FCD0002F34D0002101985745D8
:1082500014BF002000F0010041EA402141F4807188
:10826000196106E01EB12046B04730BB2B68996FFC
:10827000C9B9D3F88010596B11F04001F2D05B6D91
:108280004EB100212046B047C743384685F80480E8
:1082900003B0BDE8F08F4FF0FF37384685F8048013
:1082A00003B0BDE8F08F1B690137BB4509F8013BFE
:1082B000C1D1EAE729798902C8E76FF00107E4E74D
:1082C000F0B5074683B005200191FAF7E9FF01995F
:1082D0001F4A00EB510CBCFBF1FC0CEB4C05A2FB64
:1082E000052E1C4E4FEA9E04B14200EB4003ACEB5E
:1082F0009E0E27D8184AA2FB03239B0D01330022B0
:1083000039684F2DCA660A6801F5805682F004026A
:1083100002F006023260C1F81CE00C6298BF012432
:108320000A4688BF2409C1F8A040B0FBFCF0012434
:1083300052F87C5F6B409BB202F580521360CC66B2
:1083400003B0F0BD054AA2FB0323DB0D0133D6E7E2
:10835000CDCCCCCC3F420F006BCA5F6B893BE6555E
:10836000114A00B5904214BF10222022DFF840E0ED
:108370000E4BDFF840C0CEF800201A60DCF8083061
:1083800032EA0303FAD140F2651E4FF0030C026893
:108390000371D366C2F800E0D3635DF804EB936326
:1083A000C2F888C0FFF78CBF78110020003002406F
:1083B000002002400000024000B585B09DF818C0C2
:1083C000CDF800C04FF0000CCDE901CCFFF784FEE2
:1083D00005B000BD00B585B09DF818C0CDF800C04F
:1083E0004FF0000CCDE901CCFFF70CFF05B000BD4C
:1083F0009446D0F86821CB79DAB1DA071BD491F929
:108400000530002B01DB634515D10123097900F10B
:108410002F400A4A00F56000000D8B4052F82020E2
:10842000013B03FA0CF313420CBF00206FF008006D
:1084300070475B07E3D56FF00A0070471C130120FB
:1084400070B582B0154604460191FFF7D1FF98BB85
:1084500001990E7906B30968AC46184A01EB460E3D
:108460000BE0B3F5005F38BF5B190CF112008E45CD
:1084700044F820300CF1010C0ED031F8023B03EA35
:108480000200B0F5005FECD113F0600FEDD1D4F82D
:10849000680143409BB2E4E70123284604F12F44DE
:1084A000074904F56004240DB34051F82420013B32
:1084B000AB40134341F8243002B070BD00E0FFFF31
:1084C0001C130120012300F12F40DFF850C000F5FC
:1084D00060008B40000D002A5CF820C003F1FF33E0
:1084E000C1F1200109DB8A4215D8934013EA0C0F31
:1084F0000CBF10464FF0FF307047081E02DA07E04D
:10850000013805D303FA00F212EA0C0FF8D17047D4
:108510006FF0080070474FF0FF3070471C130120C8
:1085200000B500F12F4202F56002094B120D85B033
:10853000920000930748D31C0392F9F7A9FF039A0E
:108540008242CCBF4FF0FF30801A05B000BD00BFA3
:108550001C900010642D012010B582B001910446DA
:10856000F9F74EFF019931F0100307D06FF00A03BD
:108570000193F9F757FF019802B010BD04F12F43A2
:10858000064A03F560031B0D52F8233013B9C4F8F3
:108590006811EDE76FF00B03EAE700BF1C13012041
:1085A00070B582B00C460546F9F72AFF94F905200C
:1085B000064621792846FFF785FF021E04DB214687
:1085C0002846FFF73DFF024630460192F9F72AFFA1
:1085D000019802B070BD00BFF0B59E46D0F868317A
:1085E0009DF81450D21A1F2A39D80C464EF2800337
:1085F0004EF29F014FF4003704EB440C002D08BFEE
:10860000194600EBCC0303F5435300EBCC0CBEF151
:10861000050FDCF8DC60DCF8CC50DF600ED95301CC
:10862000AEF1050E43F0A0530532BEF1050FCCF8B4
:10863000DC3002F01F02CCF8D810F0D8520104EB65
:10864000440442EA8E6300EBC402C2F8DC3000202E
:10865000C2F8D810C2F8DC60C2F8CC50F0BD6FF0A0
:108660000400F0BD4FF0010C2DE9F0419046026886
:108670000CFA01FE22EA0E020260002B3DD01E69B8
:10868000DFF804E1F2439C681F6801EB41050EEA44
:10869000121E00EBC50502EA5202C5F8C87012EAC4
:1086A0000E0FC5F8D040D0F8684101FA0CFC0EEA74
:1086B00056060BD056EA040263D15E68DA680CEB0A
:1086C000010300EBC303C3F8CC600FE0002E4ED1D2
:1086D0005E68002CF2D0DA684FEA1E5386EA037611
:1086E000C5F8CC604FEA0E3E82EA1E220CEB010375
:1086F00000EBC303C3F8DC2015E04FF440254FF432
:1087000080364FF4F83401EB410200EBC202C2F8AC
:10871000C860C2F8D050D0F868514FEA410CC2F896
:10872000CC40C2F8DC304FF0013701224FF000445A
:108730008C4400EBCC0303F5865301F1040E01F1E8
:10874000080507FA01F11C6100EBCC0C1C6102FA70
:108750000EFE8160AA4000F50050C0F800E0026003
:10876000002008F01F06CCF8D860BDE8F08144B1C5
:108770005C68DA684FEA1E5384EA0373C5F8CC30AC
:10878000B0E76FF00A00F0E721841000032A10D848
:10879000D2B3013A431E0139024401E09A4233D078
:1087A00013F8010F11F801CF6045F7D0A0EB0C00D2
:1087B000704710B541EA000484460B46A4070FD069
:1087C000013A431E0139024401E09A421AD013F8DB
:1087D000010F11F801CF6045F7D0A0EB0C0010BDE0
:1087E000DCF800401946D3F800E0604604330CF191
:1087F000040C7445E4D1043A032AF1D860461946C2
:10880000002ADDD1002010BD0020704730B584075C
:108810008646034606D0A2B303F8011B980702F16F
:10882000FF32F8D1032A26D95FFA81FC0F2A0CEB1C
:108830000C2C0CEB0C402AD922F00F0C9C44C3E901
:108840000000C3E9020010336345F8D112F00C0FA9
:1088500002F00F0517D04FEA950C1A460CF1FF34C1
:1088600003EB8C0C42F8040B6245FBD1043305F09A
:10887000030203EB840322B11A4403F8011B9A425A
:10888000FBD1704630BD2A46002AF5D1F9E71546DE
:10889000E1E700BF80EA010C1CF0030F37D110F0B4
:1088A000030C20F0030021F0030150F8042B08BF53
:1088B00051F8043B0ED08CF0030C6FF07F434FEA6D
:1088C000CC0C23FA0CFC51F8043B42EA0C0243EABC
:1088D0000C0300BFA2F1013C9A4201BF2CEA020C3A
:1088E0001CF0803F50F8042B51F8043BF2D04FEAC3
:1088F00002604FEA1222012828BFB0EB036F08BFC5
:108900001B0AF4D003F0FF03000EC01A704710F0EA
:10891000030F0AD010F8012B11F8013B012A28BFE0
:108920009A42F4D0A2EB0300704720B450F8042B15
:1089300001F0030521F0030151F8043B022D27D07B
:108940004ED800BF22F07F45B5EB132FA2F1013CBA
:108950002CEA020C0DD11CF0803C08BF51F8043BFE
:108960000AD185EA0205B5EB036F0CD150F8042B50
:10897000E8E74FEA13235BE03CF07F4C54D10B78DF
:108980004FEA126554E04FEA126503F0FF034FE02F
:108990004FEA0245A2F1013C4FEA15452CEA020CD0
:1089A000B5EB134F18D11CF0803C08BF51F8043BC5
:1089B00007D185EA0205B5EB034F09D150F8042B26
:1089C000E6E75FEA0C4C2FD10B884FEA12452FE007
:1089D0004FEA03434FEA12454FEA134328E000BF32
:1089E00002F0FF05B5EB136FA2F1013C2CEA020C7B
:1089F0000DD11CF0803C08BF51F8043B0AD185EA38
:108A00000205B5EB032F0AD150F8042BE8E74FEA33
:108A100013630DE012F0FF0F06D051F8043B4FEA4C
:108A2000122523F07F4303E04FF0000020BC704785
:108A300005F0FF0203F0FF00012828BF904204BFA9
:108A40002D0A1B0AF4D0A2EB000020BC704700BF27
:108A50008307C9B20FD0034607E093F800C0013A7C
:108A600001338C4505D0980704D01846002AF4D16C
:108A7000002070471846032A0DD8002AF8D0034674
:108A8000024401E09A42F3D093F800C01846013343
:108A90008C45F7D1704701EB012310B5864603EBF7
:108AA0000344DEF8003070460EF1040E6340A3F17B
:108AB000013C2CEA030313F0803F04D1043A032A5B
:108AC000EFD870465AB10346024401E09A4206D0FC
:108AD00093F800C0184601338C45F7D110BD002033
:108AE00010BD00BF844641EA000313F0030349D1DF
:108AF000403A23D30B6803604B6843608B68836004
:108B0000CB68C3600B6903614B6943618B69836107
:108B1000CB69C3610B6A03624B6A43628B6A8362EF
:108B2000CB6AC3620B6B03634B6B43638B6B8363D7
:108B3000CB6BC36340304031403ADBD230320BD391
:108B40000B6803604B6843608B688360CB68C360CD
:108B500010301031103AF3D20C3205D351F8043BE7
:108B600040F8043B043AF9D2043208D0D2071CBFC3
:108B700011F8013B00F8013B01D30B8803806046EC
:108B8000704700BF082A13D38B07B1D010F003033E
:108B9000AED0C3F10403D21ADB071CBF11F8013BAE
:108BA00000F8013BA4D331F8023B20F8023B9FE7D9
:108BB000043AD9D3013A11F8013B00F8013BF9D24C
:108BC0000B7803704B7843708B78837060467047E6
:108BD00020F0030110F00300C0F1000051F8043B45
:108BE00000F1040C4FEACC0C6FF000021CBF22FA1B
:108BF0000CF213434FF0010C4CEA0C2C4CEA0C4CD9
:108C0000A3EB0C0222EA030212EACC1204BF51F8D1
:108C1000043B0430F4D0C2F1000102EA0102B2FACE
:108C200082F2C2F11F0200EBD20070470000000088
:108C30005FF800F0110100205FF800F085060020C9
:108C40005FF800F0650C00205FF800F0150D0020C3
:108C50005FF800F0610200205FF800F0F9010020E9
:108C60005FF800F0E10200205FF800F0B906002094
:108C70005FF800F05D0600205FF800F001070020BB
:108C80005FF800F09902002051360010C93500103D
:108C9000F9350010C936001031360010313500109A
:108CA000793600101D350010292900107D3600107E
:108CB000E52C0010793500106536001015360010CF
:108CC0005125001079250010C17F0010716200103D
:108CD000525032333530203230304D485A202F2018
:108CE000434F52453120494F205445535400000012
:108CF0004120534F554E44202F20422053544F5073
:108D0000202F2058205445535420544F4E450000E6
:108D1000454E47494E4520494E54454752415449D6
:108D20004F4E2050454E44494E4700006766782F0D
:108D300070616C657474652E6C6D70006766782F59
:108D4000636F6E6261636B2E6C6D7000736F756E16
:108D5000642F776561706F6E732F73686F74676EC1
:108D6000322E77617600000050414B204F4B202D72
:108D700020414C4C20332044454D4F532052455404
:108D800041494E45440000004E4F205150414B2078
:108D9000415420464C415348204F464653455420A9
:108DA000314D420053484F5447554E20524541449F
:108DB00059202F2033323058323030004E4F205758
:108DC00041563A20412F5820555345204255494C91
:108DD000542D494E20544F4E450000005365727685
:108DE00069636520636F7265206661696C656420E4
:108DF000746F2073746172740000000025750000A8
:108E0000636F72653020256C754D487A2070616BF8
:108E10003D2564207761763D256420627574746F0A
:108E20006E733D253033782062797465733D256C0F
:108E300075206672616D65733D256C752061756482
:108E4000696F3D256C7520756E64657272756E7301
:108E50003D256C7520696E7075745F6572726F72F6
:108E6000733D256C75206F766572666C6F77733D08
:108E7000256C750A000000000A2A2A2A2050414E5B
:108E80004943202A2A2A0A004E6F207370696E6CAB
:108E90006F636B732061726520617661696C6162DA
:108EA0006C6500004E6F20757365722049525173D6
:108EB0002061726520617661696C61626C65000099
:108EC000486172647761726520616C61726D202502
:108ED0006420616C726561647920636C61696D65A1
:108EE00064000000486172642061737365727400ED
:108EF00052656C6561736500626F6F74325F7732C3
:108F00003571303830000000322E332E3100000031
:108F100070696D6F726F6E695F6578706C6F726586
:108F2000720000007175616B655F727032333530AD
:108F30005F6272696E677570000000005365702093
:108F40003236203230323600666E692B0000000067
:108F5000666E69006E616E00666E692D000000002D
:108F600055534220737464696E202F207374646FAC
:108F70007574000052617370626572727920506975
:108F8000000000005069636F00000000426F6172D2
:108F90006420434443000000526573657400000080
:108FA000556E68616E646C6564204952512030785A
:108FB00025780A00657020253032582077617320AB
:108FC000616C726561647920617661696C61626C63
:108FD0006500000043616E277420636F6E74696ED4
:108FE00075652078666572206F6E20696E616374A6
:108FF0006976652065702025303258004E6F204418
:109000004D41206368616E6E656C732061726520EE
:10901000617661696C61626C650000004E6F205082
:10902000494F207374617465206D616368696E6572
:10903000732061726520617661696C61626C6500A4
:10904000743D0120C40A0000112B0000FFFFFFFF48
:109050000100000051525032333530000000000052
:109060006890001002FF0100086042B0D0040D11AA
:10907000132B3F544C180D0B1F230000D0040C1170
:10908000132C3F44512F1F1F20230000D00811082C
:109090000C15393350361314292D0000D008100850
:1090A00006063944510B16142F31000070040809CC
:1090B00009052A3341071313292F00007003090AF9
:1090C00009062B3441071214282E0000010002006B
:1090D00003000000000000000607090A000000006D
:1090E0000E0C0F0D010402030B0500000000000030
:1090F0000000000000000000000000000000000070
:10910000000000000000000000000000000000005F
:10911000000000000000000000000000000000004F
:10912000000000000000000000000000000000003F
:10913000000000000000000000000000000000002F
:10914000000000000000000000000000000000001F
:10915000000000000000000000000000000000000F
:1091600000000000000000000000000000000000FF
:1091700000000000000000000000000000000000EF
:1091800000000000000000000000000000000000DF
:1091900000000000000000000000000000000000CF
:1091A00000000000000000000000000000000000BF
:1091B00000000000000000000000000000000000AF
:1091C000000000000000000000000000000000009F
:1091D000000000000000000000000000000000008F
:1091E000000000000000000000000000000000007F
:1091F00000000000183C3C1818001800363600002B
:109200000000000036367F367F3636000C3E031EE7
:10921000301F0C00006333180C6663001C361C6E94
:109220003B336E000606030000000000180C060623
:10923000060C1800060C1818180C060000663CFFF7
:109240003C660000000C0C3F0C0C0000000000000D
:10925000000C0C060000003F0000000000000000B1
:10926000000C0C006030180C060301003E63737B99
:109270006F673E000C0E0C0C0C0C3F001E33301CB4
:1092800006333F001E33301C30331E00383C36336B
:109290007F3078003F031F3030331E001C06031F51
:1092A00033331E003F3330180C0C0C001E33331EBA
:1092B00033331E001E33333E30180E00000C0C00FA
:1092C000000C0C00000C0C00000C0C06180C060323
:1092D000060C180000003F00003F0000060C18308C
:1092E000180C06001E3330180C000C003E637B7B0C
:1092F0007B031E000C1E33333F3333003F66663E54
:1093000066663F003C66030303663C001F366666E4
:1093100066361F007F46161E16467F007F46161EC5
:1093200016060F003C66030373667C003333333F3D
:10933000333333001E0C0C0C0C0C1E007830303014
:1093400033331E006766361E366667000F06060654
:1093500046667F0063777F7F6B63630063676F7B25
:10936000736363001C36636363361C003F66663EAE
:1093700006060F001E3333333B1E38003F66663E41
:10938000366667001E33070E38331E003F2D0C0C67
:109390000C0C1E003333333333333F00333333335A
:1093A000331E0C006363636B7F7763006363361C5B
:1093B0001C3663003333331E0C0C1E007F633118E0
:1093C0004C667F001E06060606061E0003060C18E5
:1093D000306040001E18181818181E00081C36634C
:1093E0000000000000000000000000FF0C0C18004E
:1093F0000000000000001E303E336E000706063EEF
:1094000066663B0000001E3303331E003830303EDA
:1094100033336E0000001E333F031E001C36060F60
:1094200006060F0000006E33333E301F0706366E0F
:10943000666667000C000E0C0C0C1E00300030300D
:109440003033331E070666361E3667000E0C0C0CD2
:109450000C0C1E000000337F7F6B630000001F3385
:109460003333330000001E3333331E0000003B66ED
:10947000663E060F00006E33333E307800003B6ED0
:1094800066060F0000003E031E301F00080C3E0C55
:109490000C2C18000000333333336E0000003333DC
:1094A000331E0C000000636B7F7F360000006336C4
:1094B0001C36630000003333333E301F00003F1979
:1094C0000C263F00380C0C070C0C3800181818003C
:1094D00018181800070C0C380C0C07006E3B000025
:1094E00000000000AA55AA55AA55AA5506005250D8
:1094F000D3F07542F08E001006005250E182887F52
:10950000F88E001006005250ABB36053088F001065
:1095100006005250BBFF3CB6108F001006005250A0
:10952000861C0302248F0010060052505422A29D74
:109530003C8F001005005250DE65F468F0A7001063
:10954000000000000000F03F000000000000244088
:1095500000000000000059400000000000408F4063
:10956000000000000088C34000000000006AF840CE
:109570000000000080842E4100000000D0126341F2
:109580000000000084D797410000000065CDCD4168
:109590000D0A00000600525053B4F4A1608F001071
:1095A00000000000748F0010848F001038480120E4
:1095B0008C8F0010988F0010090254000301008066
:1095C0007D080B00020202000009040000010202F3
:1095D00000040524002001052401000104240206E2
:1095E0000524060001070581030800100904010095
:1095F000020A00000007050202400000070582027F
:109600004000000904020000FF00010512011002E1
:10961000EF0201408A2E090000010102030100004F
:109620000A00000000000306A60008000200020075
:109630009C001400030057494E555342000000009F
:109640000000000000008000040001002800440029
:109650006500760069006300650049006E007400D3
:1096600065007200660061006300650047005500F8
:109670004900440000004E007B0062006300370098
:10968000330039003800630031002D00370033000B
:10969000630064002D0034006300620037002D0079
:1096A00039003800620038002D00390031003300E5
:1096B00061003800660063006100370062006600E8
:1096C00036007D0000000000050F2100011C100580
:1096D00000DF60DDD88945C74C9CD2659D9E648AB9
:1096E0009F00000306A6000100000000000000002B
:1096F000F962001000000000FD6200100963001014
:10970000356300103163001000000000000000000D
:10971000A97500101D76001049760010997600108A
:0C9720006177001031780010000000009C
:08972C0068F1FF7F010000005D
:10973400EC940010F894001004950010109500109B
:109744001C95001028950010349500109495001075
:10975400034600B50268EFF3108C72B6D2E8CFEF7F
:109764000120BEF1000FF9D1C2E84E0FBEF1000F87
:10977400F4D1BFF35F8F93F90420002A09DB01B110
:109784000A60002000221B68C3E88F2F8CF3108826
:1097940000BD4FF05042126801201A71F2E700BF79
:1097A4004FF050412DE9F04799460B68044617469F
:1097B4004FF000089A461E4D1E4E2068EFF3108CA1
:1097C40072B6D0E8CF2F0123002AFAD1C0E8423F75
:1097D400002AF6D1BFF35F8F94F904202368002A8E
:1097E4001BDB2878C0B2C3E88F8F20BF8CF31088AE
:1097F4002B7883420AD0736A9945DED8B26ABA429A
:1098040001D29945D9D00020BDE8F08738464946B1
:1098140000F06EFF0028D0D0F5E7002284F804A001
:10982400C3E88F2F8CF310880120BDE8F08700BFB8
:109834005448012000000B4010B50168EFF3108E6E
:1098440072B6D1E8CFCF0124BCF1000FF9D1C1E841
:109854004C4FBCF1000FF4D1BFF35F8F90F904C0FB
:109864000468BCF1000F10DB0021C4E88F1F8EF3E5
:1098740010884FF0504494F90040644501D10846E3
:1098840010BDBDE81040FFF78BBF4FF05042126887
:1098940000230271C4E88F3F8EF31088012010BDAD
:1098A40070B505460C4600F00FFF02460B464FF418
:1098B4007A704FF0FF3E6FF0004CE4FB00239645B6
:1098C4007CEB030138BF72462846BDE8704038BFC0
:1098D4006346FFF765BF00BF0368EFF3108172B6FC
:1098E400D3E8CFCF0122BCF1000FF9D1C3E84C2F4C
:1098F400BCF1000FF4D1BFF35F8F4FF0FF0C074AA8
:1099040080F804C013780133137000230268C2E89E
:109914008F3F81F3108840BF704700BF5448012037
:109924000022114608B5D30003F1A043013203F528
:1099340080130F2A9960D960F5D14FF47072002119
:10994400034800F0CDFE034B034A1A6008BD00BF74
:10995400082E0120F8390120800110502DE9F0472C
:109964001E4B84B0D3F858A0BAF1000F21D00024C4
:1099740001254FF4E069DFF86C80194F05E00134EC
:10998400E4B2202C4FEA450513D01AEA050FF6D0AD
:10999400E34304F0FE0603F001031E4407EB4616FE
:1099A4003046C8F8585000F0FDF928B93AEA050ADB
:1099B400E5D104B0BDE8F087B378F28A8DF80830B9
:1099C400002301A80121ADF8049003928DF8093019
:1099D40000F006FA304600F089F9E7E7000011507C
:1099E400C82D01200030115070B5614B86B0D3F8FA
:1099F400984014F4003530D05E4A5F4B926A5F4859
:109A040000211A6000F5806602E04030B0420CD0BC
:109A1400C37E022BF9D1857E002DF6D0037F002B67
:109A240060D129464030B042F2D139B9544B1B7849
:109A340023B94FF40032534BC3F890204FF44072D3
:109A44004B4B01219B6C03A8C3F30A030493ADF8A9
:109A54000C204FF4003500F0C3F9E6067DD4E00392
:109A64001DD549480226837E45F480352BBB4FF033
:109A74000103012EC37000F120001AD14FF4C0621B
:109A8400424BADF80C2093E80300CDE904013146C4
:109A940003A800F0A5F94FF400323A4B1A65E1042B
:109AA40045D4620435D4230424D4A5425AD106B043
:109AB40070BD837E0126002BD9D0354B2C4A1E66FF
:109AC400536E36EA0303FBD14FF440520021019058
:109AD40000F012F9019800F009F92A4B01985E662A
:109AE4001E66C4E700230377019000F029F9294694
:109AF400019897E74FF4A063012103A8ADF80C3057
:109B040000F06EF94FF400621E4B45F400451A65EF
:109B1400CBE74FF48063012103A8ADF80C3000F0CB
:109B24005FF91022174B45F480451A65BBE7002600
:109B34000F4B45F480551E60FFF7F2FE4FF480731F
:109B4400012103A8ADF80C308DF8106000F048F93D
:109B54004FF400220B4B1A65A3E745F01005FFF7FD
:109B6400FDFE7CE70B4885EA040100F0B1FD00BF6F
:109B74000000115000000B40C02D0120E82D0120F1
:109B84004F48012000301150C82D01200000105012
:109B940000201150A08F001030B5828A0C46018B32
:109BA400C378914228BF1146B3F1000E18BF4FF09D
:109BB400010E521A457883F0010392B28446C370B1
:109BC400828241F4806040EA4E30BDB9DCF8103046
:109BD40079B1DCF80C205D1802EB8412013A13F819
:109BE40001EBAB4202F801EFF9D1DCF81030BCF81C
:109BF40014200B44CCF8103040F400400AB940F46F
:109C0400804004B1000430BD836800B586461868FE
:109C140001B1000C9EF80120C0F3090062B9BEF83E
:109C240016300344AEF81630BEF81830834284BFB1
:109C34000023AEF8143000BDDEF8102070B1DEF859
:109C44000C30013A03EB811101EB000C11F8013BDC
:109C5400614502F8013FF9D1DEF81020BEF8163054
:109C640002440344AEF81630CEF81020DCE700BFFF
:109C740010B50446836800211B68FFF7C5FF6368BD
:109C84001B685B0002D5238B834200D010BD2046A5
:109C9400BDE810400121FFF7B7BF00BF084B1B6CA4
:109CA40013F0020302D18278D20901D10020704757
:109CB400C07EA0F10200B0FA80F04009704700BFF6
:109CC4000000115008B5FFF7E9FF50B1054A064BF3
:109CD400906A1B68A0F54870C01AC6288CBF002083
:109CE400012008BD00000B40C02D01200023C0E965
:109CF40004338376704700BF08B5836819B1D3F87D
:109D040000C001EA0C018AB1114352050ED51A684C
:109D140052050DD4084A21F4806CC3F800C0126CBB
:109D2400920703D40C23033BFDD28368196008BD5A
:109D34008178024800F0CCFC00001150B48F001070
:109D440030B54368002183B005461C68FFF724FF43
:109D5400134B40F48052196CAB7889070ED55B061F
:109D64000ED024F0A04444F00054002128466B682F
:109D74001C6003B0BDE83040FFF7BEBFDB09F0D084
:109D8400AB8A002BEDD0012128460192FFF704FF96
:109D9400019A24F00054024344F0A044E5E700BFD4
:109DA4000000115038B5857E044695B1FFF760FF79
:109DB400A38A0BB9284638BD2046FFF783FF20B19C
:109DC400012323770025284638BD2046FFF7B8FF36
:109DD400F8E78178014800F07BFC00BFD48F0010C5
:109DE400F0B543780446023B0F4687B0042B13D8E2
:109DF400DFE803F00345616A40000021714B1A78E3
:109E040022F001021A701A7822F002021A705970B4
:109E14001A7861F382021A706B4B1D686B69EFF359
:109E2400108272B6D3E8CF0F01210028FAD1C3E81B
:109E3400401F0028F6D1BFF35F8FAA612146284650
:109E440000F04AFC00236A69C2E88F3FAB6983F3E0
:109E5400108840B94FF0E023D3F8F03DDB0707D575
:109E640000BE07B0F0BD3A466178207800F03CFCB3
:109E740007B0F0BD554A137801331370CCE70025C1
:109E8400534B1A782B460FE0524A126812EB4313D5
:109E940004D0DB6913B16168207898474C4B0135D5
:109EA4001A78EBB29A4218D39A42EDD89B1A4A4ACE
:109EB40002EB4313EDE7434B1A78D607D8D51A784B
:109EC40042F004021A70A7E73E4B1A78D507CFD5A3
:109ED4001A7822F004021A709EE73A4D2B7858073C
:109EE40031D4EB78DA07C3D50323374A21781568D0
:109EF40062688DF80C108DF80D306B690492EFF3E5
:109F0400108272B6D3E8CF0F01210028FAD1C3E83A
:109F1400401F0028F6D1BFF35F8FAA61284603A92A
:109F240000F0DAFB00236A69C2E88F3FAB6983F370
:109F3400108800288ED03A469DF80D109DF80C002C
:109F440000F0D2FB94E7002605212A78CDE90466C7
:109F540022F0040203962A708DF80D101A4B227811
:109F64001B688DF80C205A69EFF3108172B6D2E8A1
:109F7400CFCF0120BCF1000FF9D1C2E84C0FBCF1E6
:109F8400000FF4D1BFF35F8F9961184603A90193C1
:109F940000F0A2FB019B5A69C2E88F6F9B6983F3AF
:109FA400108838B94FF0E023D3F8F03DD90798D59D
:109FB40000BE96E73A469DF80D109DF80C0000F09F
:109FC40093FB8EE700120120581201205048012013
:109FD4004E480120F81001200C97001081F0004138
:109FE40002E000BF83F0004330B54FEA41044FEA7A
:109FF400430594EA050F08BF90EA020F1FBF54EA15
:10A00400000C55EA020C7FEA645C7FEA655C00F0B0
:10A01400E2804FEA5454D4EB5555B8BF6D420CDD81
:10A024002C4480EA020281EA030382EA000083EA04
:10A03400010180EA020281EA0303362D88BF30BDA4
:10A0440011F0004F4FEA01314FF4801C4CEA1131FA
:10A0540002D0404261EB410113F0004F4FEA033359
:10A064004CEA133302D0524263EB430394EA050FE4
:10A0740000F0A780A4F10104D5F1200E0DDB02FA53
:10A084000EFC22FA05F2801841F1000103FA0EF2E7
:10A09400801843FA05F359410EE0A5F120050EF1AD
:10A0A400200E012A03FA0EFC28BF4CF0020C43FADE
:10A0B40005F3C01851EBE37101F0004507D54FF0EB
:10A0C400000EDCF1000C7EEB00006EEB0101B1F53B
:10A0D400801F1BD3B1F5001F0CD349085FEA300081
:10A0E4004FEA3C0C04F101044FEA445212F5800F8C
:10A0F40080F09A80BCF1004F08BF5FEA500C50F129
:10A10400000041EB045141EA050130BD5FEA4C0C0B
:10A11400404141EB0101013C28BFB1F5801FE9D268
:10A1240091F0000F04BF01460020B1FA81F308BF8B
:10A134002033A3F10B03B3F120020CDA0C3208DD57
:10A1440002F1140CC2F10C0201FA0CF021FA02F132
:10A154000CE002F11402D8BFC2F1200C01FA02F1A2
:10A1640020FA0CFCDCBF41EA0C019040E41AA2BFC7
:10A1740001EB0451294330BD6FEA04041F3C1CDA8F
:10A184000C340EDC04F11404C4F1200220FA04F0AF
:10A1940001FA02F340EA030021FA04F345EA030159
:10A1A40030BDC4F10C04C4F1200220FA02F001FA1B
:10A1B40004F340EA0300294630BD21FA04F029469D
:10A1C40030BD94F0000F83F4801306BF81F4801136
:10A1D4000134013D4EE77FEA645C18BF7FEA655CA9
:10A1E40029D094EA050F08BF90EA020F05D054EA7B
:10A1F400000C04BF1946104630BD91EA030F1EBF80
:10A204000021002030BD5FEA545C05D14000494183
:10A2140028BF41F0004130BD14F580043CBF01F576
:10A22400801130BD01F0004545F0FE4141F470015C
:10A234004FF0000030BD7FEA645C1ABF1946104637
:10A244007FEA655C1CBF0B46024650EA013406BF38
:10A2540052EA033591EA030F41F4002130BD00BFF7
:10A2640090F0000F04BF0021704730B54FF48064B4
:10A2740004F132044FF000054FF0000150E700BF35
:10A2840090F0000F04BF0021704730B54FF4806494
:10A2940004F1320410F0004548BF40424FF0000181
:10A2A4003EE700BF42004FEAE2014FEA31014FEAC4
:10A2B40002701FBF12F07F4393F07F4F81F0605113
:10A2C400704732F07F4208BF704793F07F4F04BF5E
:10A2D40041F40021704730B54FF4607401F000453B
:10A2E40021F000411CE700BF50EA010208BF70479B
:10A2F40030B54FF000050AE050EA010208BF70478C
:10A3040030B511F0004502D5404261EB41014FF4F4
:10A31400806404F132045FEA915C3FF4D8AE4FF0FC
:10A3240003025FEADC0C18BF03325FEADC0C18BFDF
:10A33400033202EBDC02C2F1200300FA03FC20FA30
:10A3440002F001FA03FE40EA0E0021FA02F114447D
:10A35400BDE600BF53B94AB9002908BF00281CBF95
:10A364004FF0FF314FF0FF3000F0ACB9ADF1080C05
:10A374006DE904CE00F006F8DDF804E0DDE902231F
:10A3840004B070472DE9F047064682B017460846E8
:10A394000A9AB4460D46002B4DD18F42BE4665D96C
:10A3A400B7FA87F149B1C1F120038D4007FA01FEE4
:10A3B40006FA01FC26FA03F31D434FEA1E461FFA70
:10A3C4008EF04FEA1C43B5FBF6F406FB145543EA42
:10A3D400054304FB00F59D4206D91EEB030302D29C
:10A3E4009D4200F24C81013C5B1B1FFA8CFCB3FBC9
:10A3F400F6F506FB153305FB00F04CEA034C60450B
:10A404000AD91EEB0C0C2CBF01230023604502D992
:10A41400002B00F03781013DACEB000C45EA044011
:10A42400002422B12CFA01F30021C2E900312146B3
:10A4340002B0BDE8F0878B4208D90AB1C2E90061D5
:10A4440000242046214602B0BDE8F087B3FA83F425
:10A45400002C4DD18B42C0F00581B74240F20281FD
:10A464002046002AE3D0C2E900C5E0E7002F00F04F
:10A47400A2801946B7FA87F3002B40F0B480C31BBF
:10A484001FFA8EF83F0C01244FEA1C40B3FBF7F58A
:10A4940007FB153340EA034308FB05F098420AD949
:10A4A4001EEB03032CBF01260026984202D9002E7E
:10A4B40000F0E280013D1B1A1FFA8CFCB3FBF7F09D
:10A4C40007FB10334CEA034C08FB00F363450AD93D
:10A4D4001EEB0C0C2CBF01260026634502D9002E6E
:10A4E40000F0C7800138ACEB030C40EA054098E764
:10A4F400C4F12008A34006FA04FAA14027FA08FC94
:10A5040020FA08F007FA04F94CEA030C26FA08F3D7
:10A514004FEA1C460B431FFA8CFE190CB0FBF6F7EE
:10A5240006FB170041EA004107FB0EF088420AD9F6
:10A534001CEB01012CBF01250025884202D9002D06
:10A5440000F0B280013F091A9BB2B1FBF6F006FBA2
:10A55400101100FB0EFE43EA01439E450AD91CEB91
:10A5640003032CBF012100219E4502D9002900F0DC
:10A574009E80013840EA0740A3EB0E03A0FB09E1EB
:10A584008B4276460F4602D307D1F24505D2BEEB85
:10A59400090661EB0C0101380F4652B1BAEB060112
:10A5A40063EB070303FA08F5E140E3400D43C2E916
:10A5B400005300243BE77308B8464908019743EA6F
:10A5C400C0734FEAC67C1C0C9BB244EA014443EAC4
:10A5D4000443B4FBF7F4B1FBF7F51F21019844EAF7
:10A5E40005441B1A50E7194607FA03FEC3F120037A
:10A5F40000FA01F44FEA1E47D84026FA03F31FFA83
:10A604008EF806FA01FC2343B0FBF7F51C0C07FB9C
:10A61400150044EA004005FB08F484424AD91EEBC5
:10A6240000002CBF01260026844200D98EB3001BF3
:10A63400013DB0FBF7F404FB08F6A146019607FBC5
:10A6440019009BB2019E43EA0043B342C6D21EEBFB
:10A6540003032CBF01200020B34200D2A8B109F1AA
:10A66400FF34BBE7B6EB070C60EB030301201D4688
:10A67400F7E6F444023836E7023D73441BE7023C34
:10A684007344B1E6F444023DC6E6A9F102047344FE
:10A69400A4E7AEEB0404023D2044B0FBF7F404FB52
:10A6A40008F6A1460196CAE7023F61444BE7023827
:10A6B40063445FE7001BB0FBF7F404FB08F6A14614
:10A6C4000196BCE7704700BF5FF800F00D31001041
:10A6D4005FF800F0D12300105FF800F0557D001002
:10A6E4005FF800F00D8800105FF800F0816700103B
:10A6F4005FF800F0C52F0010FFFFFFFFFFFFFFFF13
:10A70400FFFFFFFF10000000000000000000010038
:10A714000000000000000000000002000000000033
:10A724000000000000000300000000000000000022
:10A73400000004000000000000000000000005000C
:10A7440000000000000000000000FF000000000006
:10A7540001B5486801318E46004770460938014901
:10A76400884701BD452800100000000000000000DB
:10A774000000000000000000000000006012002043
:10A78400195F0010C55E00103D5E0010AD5D001045
:10A7940000000000000100005C12012010000C0009
:10A7A40000000000000000000000000000000000A5
:10A7B40000000000FF0000000080094000000000CD
:10A7C400000009400000000000000000000000003C
:08A7D40000000000000000007D
:10A7DC00D3DEFFFFFE010000FF0100005C59FFFF0C
:04A7EC00793512ABFE
:040000051000014D99
:00000001FF
