
/Users/mingye/Documents/MG24Quake/build_rp2350/quake_rp2350_bringup.elf:     file format elf32-littlearm

Sections:
Idx Name          Size      VMA       LMA       File off  Algn
  0 .text         00008cd0  10000000  10000000  00001000  2**3
                  CONTENTS, ALLOC, LOAD, READONLY, CODE
  1 .rodata       00000a5c  10008cd0  10008cd0  00009cd0  2**3
                  CONTENTS, ALLOC, LOAD, READONLY, DATA
  2 .ARM.exidx    00000008  1000972c  1000972c  0000a72c  2**2
                  CONTENTS, ALLOC, LOAD, READONLY, DATA
  3 .binary_info  00000020  10009734  10009734  0000a734  2**2
                  CONTENTS, ALLOC, LOAD, READONLY, DATA
  4 .psram_load   00000000  11000000  11000000  0000c7f0  2**0
                  CONTENTS
  5 .psram_noload 00000000  11000000  11000000  0000c7f0  2**0
                  CONTENTS
  6 .xip_ram      00000000  13ffc000  13ffc000  0000c7f0  2**0
                  CONTENTS
  7 .ram_vector_table 00000110  20000000  20000000  0000d000  2**2
                  ALLOC
  8 .uninitialized_data 00000000  20000110  20000110  0000c7f0  2**0
                  CONTENTS
  9 .data         00001088  20000110  10009754  0000b110  2**3
                  CONTENTS, ALLOC, LOAD, READONLY, CODE
 10 .tdata        00000000  20001198  20001198  0000c7f0  2**0
                  CONTENTS, ALLOC, LOAD, DATA, THREAD_LOCAL
 11 .tbss         00000000  20001198  20001198  00000000  2**0
                  ALLOC, THREAD_LOCAL
 12 .tbss_space   00000000  20001198  20001198  0000c7f0  2**0
                  CONTENTS
 13 .bss          000136c4  20001198  1000a7dc  0000d198  2**3
                  ALLOC
 14 .tls0         00000000  2001485c  2001485c  0000c7f0  2**0
                  CONTENTS
 15 .tls1         00000000  2001485c  2001485c  0000c7f0  2**0
                  CONTENTS
 16 .persistent_data 00000000  2001485c  2001485c  0000c7f0  2**0
                  CONTENTS
 17 .dummy_pre_heap 00000000  2001485c  2001485c  0000c7f0  2**0
                  CONTENTS
 18 .heap         00000800  2001485c  2001485c  0000c85c  2**2
                  ALLOC, READONLY
 19 .scratch_x    00000000  20080000  20080000  0000c7f0  2**0
                  CONTENTS
 20 .scratch_y    00000000  20081000  20081000  0000c7f0  2**0
                  CONTENTS
 21 .stack1_dummy 00001000  20080000  20080000  0000d000  2**2
                  ALLOC
 22 .stack_dummy  00001000  20081000  20081000  0000d000  2**5
                  ALLOC, READONLY
 23 .flash_end    00000014  1000a7dc  1000a7dc  0000c7dc  2**2
                  CONTENTS, ALLOC, LOAD, READONLY, DATA
 24 .debug_info   00046ff8  00000000  00000000  0000c7f0  2**0
                  CONTENTS, READONLY, DEBUGGING, OCTETS
 25 .debug_abbrev 0000bca0  00000000  00000000  000537e8  2**0
                  CONTENTS, READONLY, DEBUGGING, OCTETS
 26 .debug_loclists 0001fda1  00000000  00000000  0005f488  2**0
                  CONTENTS, READONLY, DEBUGGING, OCTETS
 27 .debug_aranges 00001988  00000000  00000000  0007f230  2**3
                  CONTENTS, READONLY, DEBUGGING, OCTETS
 28 .debug_rnglists 000053d0  00000000  00000000  00080bb8  2**0
                  CONTENTS, READONLY, DEBUGGING, OCTETS
 29 .debug_line   0002d255  00000000  00000000  00085f88  2**0
                  CONTENTS, READONLY, DEBUGGING, OCTETS
 30 .debug_str    0000d1bd  00000000  00000000  000b31dd  2**0
                  CONTENTS, READONLY, DEBUGGING, OCTETS
 31 .comment      00000046  00000000  00000000  000c039a  2**0
                  CONTENTS, READONLY
 32 .ARM.attributes 00000036  00000000  00000000  000c03e0  2**0
                  CONTENTS, READONLY
 33 .debug_frame  000045c0  00000000  00000000  000c0418  2**2
                  CONTENTS, READONLY, DEBUGGING, OCTETS
 34 .debug_line_str 00000319  00000000  00000000  000c49d8  2**0
                  CONTENTS, READONLY, DEBUGGING, OCTETS

/Users/mingye/Documents/MG24Quake/build_rp2350/quake_rp2350_bringup.elf:     file format elf32-littlearm


Disassembly of section .text:

10000000 <__VECTOR_TABLE>:
10000000:	20082000 	.word	0x20082000
10000004:	1000015b 	.word	0x1000015b
10000008:	1000011b 	.word	0x1000011b
1000000c:	1000011d 	.word	0x1000011d
10000010:	10000111 	.word	0x10000111
10000014:	10000111 	.word	0x10000111
10000018:	10000111 	.word	0x10000111
1000001c:	10000111 	.word	0x10000111
10000020:	10000119 	.word	0x10000119
10000024:	10000119 	.word	0x10000119
10000028:	10000119 	.word	0x10000119
1000002c:	1000011f 	.word	0x1000011f
10000030:	10000111 	.word	0x10000111
10000034:	10000119 	.word	0x10000119
10000038:	10000121 	.word	0x10000121
1000003c:	10000123 	.word	0x10000123
10000040:	10000111 	.word	0x10000111
10000044:	10000111 	.word	0x10000111
10000048:	10000111 	.word	0x10000111
1000004c:	10000111 	.word	0x10000111
10000050:	10000111 	.word	0x10000111
10000054:	10000111 	.word	0x10000111
10000058:	10000111 	.word	0x10000111
1000005c:	10000111 	.word	0x10000111
10000060:	10000111 	.word	0x10000111
10000064:	10000111 	.word	0x10000111
10000068:	10000111 	.word	0x10000111
1000006c:	10000111 	.word	0x10000111
10000070:	10000111 	.word	0x10000111
10000074:	10000111 	.word	0x10000111
10000078:	10000111 	.word	0x10000111
1000007c:	10000111 	.word	0x10000111
10000080:	10000111 	.word	0x10000111
10000084:	10000111 	.word	0x10000111
10000088:	10000111 	.word	0x10000111
1000008c:	10000111 	.word	0x10000111
10000090:	10000111 	.word	0x10000111
10000094:	10000111 	.word	0x10000111
10000098:	10000111 	.word	0x10000111
1000009c:	10000111 	.word	0x10000111
100000a0:	10000111 	.word	0x10000111
100000a4:	10000111 	.word	0x10000111
100000a8:	10000111 	.word	0x10000111
100000ac:	10000111 	.word	0x10000111
100000b0:	10000111 	.word	0x10000111
100000b4:	10000111 	.word	0x10000111
100000b8:	10000111 	.word	0x10000111
100000bc:	10000111 	.word	0x10000111
100000c0:	10000111 	.word	0x10000111
100000c4:	10000111 	.word	0x10000111
100000c8:	10000111 	.word	0x10000111
100000cc:	10000111 	.word	0x10000111
100000d0:	10000111 	.word	0x10000111
100000d4:	10000111 	.word	0x10000111
100000d8:	10000111 	.word	0x10000111
100000dc:	10000111 	.word	0x10000111
100000e0:	10000111 	.word	0x10000111
100000e4:	10000111 	.word	0x10000111
100000e8:	10000111 	.word	0x10000111
100000ec:	10000111 	.word	0x10000111
100000f0:	10000111 	.word	0x10000111
100000f4:	10000111 	.word	0x10000111
100000f8:	10000111 	.word	0x10000111
100000fc:	10000111 	.word	0x10000111
10000100:	10000111 	.word	0x10000111
10000104:	10000111 	.word	0x10000111
10000108:	10000111 	.word	0x10000111
1000010c:	10000111 	.word	0x10000111

10000110 <__unhandled_user_irq>:
10000110:	f3ef 8005 	mrs	r0, IPSR
10000114:	3810      	subs	r0, #16

10000116 <unhandled_user_irq_num_in_r0>:
10000116:	be00      	bkpt	0x0000

10000118 <isr_invalid>:
10000118:	be00      	bkpt	0x0000

1000011a <isr_nmi>:
1000011a:	be00      	bkpt	0x0000

1000011c <isr_hardfault>:
1000011c:	be00      	bkpt	0x0000

1000011e <isr_svcall>:
1000011e:	be00      	bkpt	0x0000

10000120 <isr_pendsv>:
10000120:	be00      	bkpt	0x0000

10000122 <isr_systick>:
10000122:	be00      	bkpt	0x0000

10000124 <__default_isrs_end>:
10000124:	7188ebf2 	.word	0x7188ebf2
10000128:	10009734 	.word	0x10009734
1000012c:	10009754 	.word	0x10009754
10000130:	1000019c 	.word	0x1000019c
10000134:	e71aa390 	.word	0xe71aa390

10000138 <__binary_info_header_end>:
10000138:	ffffded3 	.word	0xffffded3
1000013c:	10210142 	.word	0x10210142
10000140:	000001ff 	.word	0x000001ff
10000144:	0000a6a4 	.word	0x0000a6a4
10000148:	ab123579 	.word	0xab123579

1000014c <_entry_point>:
1000014c:	2000      	movs	r0, #0

1000014e <_enter_vtable_in_r0>:
1000014e:	491e      	ldr	r1, [pc, #120]	@ (100001c8 <data_cpy_table+0x2c>)
10000150:	6008      	str	r0, [r1, #0]
10000152:	c806      	ldmia	r0!, {r1, r2}
10000154:	f381 8808 	msr	MSP, r1
10000158:	4710      	bx	r2

1000015a <_reset_handler>:
1000015a:	f04f 4050 	mov.w	r0, #3489660928	@ 0xd0000000
1000015e:	6800      	ldr	r0, [r0, #0]
10000160:	b108      	cbz	r0, 10000166 <hold_non_core0_in_bootrom+0x4>

10000162 <hold_non_core0_in_bootrom>:
10000162:	2000      	movs	r0, #0
10000164:	e7f3      	b.n	1000014e <_enter_vtable_in_r0>
10000166:	a40d      	add	r4, pc, #52	@ (adr r4, 1000019c <data_cpy_table>)
10000168:	cc0e      	ldmia	r4!, {r1, r2, r3}
1000016a:	2900      	cmp	r1, #0
1000016c:	d002      	beq.n	10000174 <hold_non_core0_in_bootrom+0x12>
1000016e:	f000 f812 	bl	10000196 <data_cpy>
10000172:	e7f9      	b.n	10000168 <hold_non_core0_in_bootrom+0x6>
10000174:	4915      	ldr	r1, [pc, #84]	@ (100001cc <data_cpy_table+0x30>)
10000176:	4a16      	ldr	r2, [pc, #88]	@ (100001d0 <data_cpy_table+0x34>)
10000178:	2000      	movs	r0, #0
1000017a:	e000      	b.n	1000017e <bss_fill_test>

1000017c <bss_fill_loop>:
1000017c:	c101      	stmia	r1!, {r0}

1000017e <bss_fill_test>:
1000017e:	4291      	cmp	r1, r2
10000180:	d1fc      	bne.n	1000017c <bss_fill_loop>

10000182 <platform_entry>:
10000182:	4914      	ldr	r1, [pc, #80]	@ (100001d4 <data_cpy_table+0x38>)
10000184:	4788      	blx	r1
10000186:	4914      	ldr	r1, [pc, #80]	@ (100001d8 <data_cpy_table+0x3c>)
10000188:	4788      	blx	r1
1000018a:	4914      	ldr	r1, [pc, #80]	@ (100001dc <data_cpy_table+0x40>)
1000018c:	4788      	blx	r1
1000018e:	be00      	bkpt	0x0000
10000190:	e7fd      	b.n	1000018e <platform_entry+0xc>

10000192 <data_cpy_loop>:
10000192:	c901      	ldmia	r1!, {r0}
10000194:	c201      	stmia	r2!, {r0}

10000196 <data_cpy>:
10000196:	429a      	cmp	r2, r3
10000198:	d3fb      	bcc.n	10000192 <data_cpy_loop>

1000019a <data_cpy_done>:
1000019a:	4770      	bx	lr

1000019c <data_cpy_table>:
1000019c:	10009754 	.word	0x10009754
100001a0:	20000110 	.word	0x20000110
100001a4:	20001198 	.word	0x20001198
100001a8:	1000a7dc 	.word	0x1000a7dc
100001ac:	20080000 	.word	0x20080000
100001b0:	20080000 	.word	0x20080000
100001b4:	1000a7dc 	.word	0x1000a7dc
100001b8:	20081000 	.word	0x20081000
100001bc:	20081000 	.word	0x20081000
100001c0:	00000000 	.word	0x00000000
100001c4:	4770      	bx	lr
100001c6:	0000      	.short	0x0000
100001c8:	e000ed08 	.word	0xe000ed08
100001cc:	20001198 	.word	0x20001198
100001d0:	2001485c 	.word	0x2001485c
100001d4:	10005a65 	.word	0x10005a65
100001d8:	100001e1 	.word	0x100001e1
100001dc:	10005a5d 	.word	0x10005a5d

100001e0 <main>:
100001e0:	e92d 4ff0 	stmdb	sp!, {r4, r5, r6, r7, r8, r9, sl, fp, lr}
100001e4:	200b      	movs	r0, #11
100001e6:	b0af      	sub	sp, #188	@ 0xbc
100001e8:	f003 f8de 	bl	100033a8 <vreg_set_voltage>
100001ec:	2201      	movs	r2, #1
100001ee:	2106      	movs	r1, #6
100001f0:	4859      	ldr	r0, [pc, #356]	@ (10000358 <main+0x178>)
100001f2:	f003 f85b 	bl	100032ac <set_sys_clock_pll>
100001f6:	f005 fd43 	bl	10005c80 <stdio_init_all>
100001fa:	f44f 026c 	mov.w	r2, #15466496	@ 0xec0000
100001fe:	4957      	ldr	r1, [pc, #348]	@ (1000035c <main+0x17c>)
10000200:	4857      	ldr	r0, [pc, #348]	@ (10000360 <main+0x180>)
10000202:	f000 fb77 	bl	100008f4 <qpak_open>
10000206:	2300      	movs	r3, #0
10000208:	4680      	mov	r8, r0
1000020a:	4a56      	ldr	r2, [pc, #344]	@ (10000364 <main+0x184>)
1000020c:	e9cd 331f 	strd	r3, r3, [sp, #124]	@ 0x7c
10000210:	e9cd 3321 	strd	r3, r3, [sp, #132]	@ 0x84
10000214:	4c54      	ldr	r4, [pc, #336]	@ (10000368 <main+0x188>)
10000216:	1e51      	subs	r1, r2, #1
10000218:	f602 25c3 	addw	r5, r2, #2755	@ 0xac3
1000021c:	9323      	str	r3, [sp, #140]	@ 0x8c
1000021e:	f1c2 0201 	rsb	r2, r2, #1
10000222:	1850      	adds	r0, r2, r1
10000224:	fba4 6300 	umull	r6, r3, r4, r0
10000228:	08db      	lsrs	r3, r3, #3
1000022a:	eb03 0383 	add.w	r3, r3, r3, lsl #2
1000022e:	eb03 0383 	add.w	r3, r3, r3, lsl #2
10000232:	1ac0      	subs	r0, r0, r3
10000234:	280b      	cmp	r0, #11
10000236:	bf8c      	ite	hi
10000238:	2350      	movhi	r3, #80	@ 0x50
1000023a:	23b0      	movls	r3, #176	@ 0xb0
1000023c:	f801 3f01 	strb.w	r3, [r1, #1]!
10000240:	428d      	cmp	r5, r1
10000242:	d1ee      	bne.n	10000222 <main+0x42>
10000244:	4e49      	ldr	r6, [pc, #292]	@ (1000036c <main+0x18c>)
10000246:	f04f 0c00 	mov.w	ip, #0
1000024a:	4637      	mov	r7, r6
1000024c:	4d48      	ldr	r5, [pc, #288]	@ (10000370 <main+0x190>)
1000024e:	ac24      	add	r4, sp, #144	@ 0x90
10000250:	cd0f      	ldmia	r5!, {r0, r1, r2, r3}
10000252:	c40f      	stmia	r4!, {r0, r1, r2, r3}
10000254:	682b      	ldr	r3, [r5, #0]
10000256:	f506 7e40 	add.w	lr, r6, #768	@ 0x300
1000025a:	6023      	str	r3, [r4, #0]
1000025c:	f04f 0300 	mov.w	r3, #0
10000260:	fa5f f28c 	uxtb.w	r2, ip
10000264:	f362 0307 	bfi	r3, r2, #0, #8
10000268:	f362 230f 	bfi	r3, r2, #8, #8
1000026c:	70ba      	strb	r2, [r7, #2]
1000026e:	f827 3b03 	strh.w	r3, [r7], #3
10000272:	4577      	cmp	r7, lr
10000274:	f10c 0c01 	add.w	ip, ip, #1
10000278:	d1f0      	bne.n	1000025c <main+0x7c>
1000027a:	23ff      	movs	r3, #255	@ 0xff
1000027c:	f04f 32ff 	mov.w	r2, #4294967295	@ 0xffffffff
10000280:	f886 302f 	strb.w	r3, [r6, #47]	@ 0x2f
10000284:	f8a6 202d 	strh.w	r2, [r6, #45]	@ 0x2d
10000288:	f1b8 0f00 	cmp.w	r8, #0
1000028c:	f040 822c 	bne.w	100006e8 <main+0x508>
10000290:	46c2      	mov	sl, r8
10000292:	f8cd 8020 	str.w	r8, [sp, #32]
10000296:	f001 fa23 	bl	100016e0 <qservice_start>
1000029a:	2800      	cmp	r0, #0
1000029c:	f000 8252 	beq.w	10000744 <main+0x564>
100002a0:	aa24      	add	r2, sp, #144	@ 0x90
100002a2:	ab1f      	add	r3, sp, #124	@ 0x7c
100002a4:	f1ba 0f00 	cmp.w	sl, #0
100002a8:	bf08      	it	eq
100002aa:	4613      	moveq	r3, r2
100002ac:	f04f 0b00 	mov.w	fp, #0
100002b0:	4a30      	ldr	r2, [pc, #192]	@ (10000374 <main+0x194>)
100002b2:	930c      	str	r3, [sp, #48]	@ 0x30
100002b4:	4b30      	ldr	r3, [pc, #192]	@ (10000378 <main+0x198>)
100002b6:	46d1      	mov	r9, sl
100002b8:	45d8      	cmp	r8, fp
100002ba:	bf08      	it	eq
100002bc:	461a      	moveq	r2, r3
100002be:	4b2f      	ldr	r3, [pc, #188]	@ (1000037c <main+0x19c>)
100002c0:	920e      	str	r2, [sp, #56]	@ 0x38
100002c2:	4a2f      	ldr	r2, [pc, #188]	@ (10000380 <main+0x1a0>)
100002c4:	465e      	mov	r6, fp
100002c6:	45da      	cmp	sl, fp
100002c8:	bf08      	it	eq
100002ca:	461a      	moveq	r2, r3
100002cc:	46c2      	mov	sl, r8
100002ce:	4d2d      	ldr	r5, [pc, #180]	@ (10000384 <main+0x1a4>)
100002d0:	920d      	str	r2, [sp, #52]	@ 0x34
100002d2:	f8cd b024 	str.w	fp, [sp, #36]	@ 0x24
100002d6:	f001 fa57 	bl	10001788 <qservice_buttons_pressed>
100002da:	07c1      	lsls	r1, r0, #31
100002dc:	4604      	mov	r4, r0
100002de:	d505      	bpl.n	100002ec <main+0x10c>
100002e0:	23ff      	movs	r3, #255	@ 0xff
100002e2:	2000      	movs	r0, #0
100002e4:	461a      	mov	r2, r3
100002e6:	990c      	ldr	r1, [sp, #48]	@ 0x30
100002e8:	f001 fa5a 	bl	100017a0 <qservice_sound_start>
100002ec:	07a2      	lsls	r2, r4, #30
100002ee:	f100 81d0 	bmi.w	10000692 <main+0x4b2>
100002f2:	0763      	lsls	r3, r4, #29
100002f4:	f100 81c6 	bmi.w	10000684 <main+0x4a4>
100002f8:	f001 fa3e 	bl	10001778 <qservice_buttons>
100002fc:	4b22      	ldr	r3, [pc, #136]	@ (10000388 <main+0x1a8>)
100002fe:	900a      	str	r0, [sp, #40]	@ 0x28
10000300:	6a9f      	ldr	r7, [r3, #40]	@ 0x28
10000302:	1bbb      	subs	r3, r7, r6
10000304:	2b00      	cmp	r3, #0
10000306:	da45      	bge.n	10000394 <main+0x1b4>
10000308:	9b09      	ldr	r3, [sp, #36]	@ 0x24
1000030a:	1afb      	subs	r3, r7, r3
1000030c:	2b00      	cmp	r3, #0
1000030e:	dbe2      	blt.n	100002d6 <main+0xf6>
10000310:	a829      	add	r0, sp, #164	@ 0xa4
10000312:	f001 fa93 	bl	1000183c <qservice_stats>
10000316:	2005      	movs	r0, #5
10000318:	f002 ffc2 	bl	100032a0 <clock_get_hz>
1000031c:	9b0a      	ldr	r3, [sp, #40]	@ 0x28
1000031e:	4652      	mov	r2, sl
10000320:	9300      	str	r3, [sp, #0]
10000322:	4b1a      	ldr	r3, [pc, #104]	@ (1000038c <main+0x1ac>)
10000324:	fba3 3100 	umull	r3, r1, r3, r0
10000328:	9b2d      	ldr	r3, [sp, #180]	@ 0xb4
1000032a:	4819      	ldr	r0, [pc, #100]	@ (10000390 <main+0x1b0>)
1000032c:	9306      	str	r3, [sp, #24]
1000032e:	9b2c      	ldr	r3, [sp, #176]	@ 0xb0
10000330:	0c89      	lsrs	r1, r1, #18
10000332:	9305      	str	r3, [sp, #20]
10000334:	9b2b      	ldr	r3, [sp, #172]	@ 0xac
10000336:	9304      	str	r3, [sp, #16]
10000338:	9b2a      	ldr	r3, [sp, #168]	@ 0xa8
1000033a:	9303      	str	r3, [sp, #12]
1000033c:	9b29      	ldr	r3, [sp, #164]	@ 0xa4
1000033e:	9302      	str	r3, [sp, #8]
10000340:	4b07      	ldr	r3, [pc, #28]	@ (10000360 <main+0x180>)
10000342:	685b      	ldr	r3, [r3, #4]
10000344:	9301      	str	r3, [sp, #4]
10000346:	464b      	mov	r3, r9
10000348:	f005 fd22 	bl	10005d90 <__wrap_printf>
1000034c:	f507 2374 	add.w	r3, r7, #999424	@ 0xf4000
10000350:	f503 7310 	add.w	r3, r3, #576	@ 0x240
10000354:	9309      	str	r3, [sp, #36]	@ 0x24
10000356:	e7be      	b.n	100002d6 <main+0xf6>
10000358:	47868c00 	.word	0x47868c00
1000035c:	10100000 	.word	0x10100000
10000360:	20013a08 	.word	0x20013a08
10000364:	20013d74 	.word	0x20013d74
10000368:	51eb851f 	.word	0x51eb851f
1000036c:	20013a24 	.word	0x20013a24
10000370:	10009040 	.word	0x10009040
10000374:	10008d68 	.word	0x10008d68
10000378:	10008d88 	.word	0x10008d88
1000037c:	10008dbc 	.word	0x10008dbc
10000380:	10008da4 	.word	0x10008da4
10000384:	100090ec 	.word	0x100090ec
10000388:	400b0000 	.word	0x400b0000
1000038c:	431bde83 	.word	0x431bde83
10000390:	10008e00 	.word	0x10008e00
10000394:	a812      	add	r0, sp, #72	@ 0x48
10000396:	f001 f9d1 	bl	1000173c <qservice_frame_acquire>
1000039a:	4604      	mov	r4, r0
1000039c:	2800      	cmp	r0, #0
1000039e:	d0b3      	beq.n	10000308 <main+0x128>
100003a0:	9b08      	ldr	r3, [sp, #32]
100003a2:	2b00      	cmp	r3, #0
100003a4:	f000 818a 	beq.w	100006bc <main+0x4dc>
100003a8:	f44f 437a 	mov.w	r3, #64000	@ 0xfa00
100003ac:	9000      	str	r0, [sp, #0]
100003ae:	9301      	str	r3, [sp, #4]
100003b0:	4aba      	ldr	r2, [pc, #744]	@ (1000069c <main+0x4bc>)
100003b2:	2308      	movs	r3, #8
100003b4:	48ba      	ldr	r0, [pc, #744]	@ (100006a0 <main+0x4c0>)
100003b6:	a917      	add	r1, sp, #92	@ 0x5c
100003b8:	f000 fc0a 	bl	10000bd0 <qpak_read>
100003bc:	2800      	cmp	r0, #0
100003be:	f000 817d 	beq.w	100006bc <main+0x4dc>
100003c2:	f241 4e08 	movw	lr, #5128	@ 0x1408
100003c6:	2252      	movs	r2, #82	@ 0x52
100003c8:	4bb6      	ldr	r3, [pc, #728]	@ (100006a4 <main+0x4c4>)
100003ca:	f012 0f80 	tst.w	r2, #128	@ 0x80
100003ce:	bf18      	it	ne
100003d0:	223f      	movne	r2, #63	@ 0x3f
100003d2:	f5ae 6c20 	sub.w	ip, lr, #2560	@ 0xa00
100003d6:	eb05 08c2 	add.w	r8, r5, r2, lsl #3
100003da:	2200      	movs	r2, #0
100003dc:	f818 6b01 	ldrb.w	r6, [r8], #1
100003e0:	eb04 010c 	add.w	r1, r4, ip
100003e4:	fa26 f002 	lsr.w	r0, r6, r2
100003e8:	f010 0f01 	tst.w	r0, #1
100003ec:	bf0c      	ite	eq
100003ee:	2000      	moveq	r0, #0
100003f0:	200f      	movne	r0, #15
100003f2:	3201      	adds	r2, #1
100003f4:	2a08      	cmp	r2, #8
100003f6:	f801 0b01 	strb.w	r0, [r1], #1
100003fa:	d1f3      	bne.n	100003e4 <main+0x204>
100003fc:	f50c 7ca0 	add.w	ip, ip, #320	@ 0x140
10000400:	45e6      	cmp	lr, ip
10000402:	d1ea      	bne.n	100003da <main+0x1fa>
10000404:	f813 2f01 	ldrb.w	r2, [r3, #1]!
10000408:	b122      	cbz	r2, 10000414 <main+0x234>
1000040a:	f10e 0e08 	add.w	lr, lr, #8
1000040e:	f5be 5faa 	cmp.w	lr, #5440	@ 0x1540
10000412:	d1da      	bne.n	100003ca <main+0x1ea>
10000414:	f642 0e08 	movw	lr, #10248	@ 0x2808
10000418:	9a0e      	ldr	r2, [sp, #56]	@ 0x38
1000041a:	4613      	mov	r3, r2
1000041c:	7812      	ldrb	r2, [r2, #0]
1000041e:	f012 0f80 	tst.w	r2, #128	@ 0x80
10000422:	bf18      	it	ne
10000424:	223f      	movne	r2, #63	@ 0x3f
10000426:	f5ae 6c20 	sub.w	ip, lr, #2560	@ 0xa00
1000042a:	eb05 08c2 	add.w	r8, r5, r2, lsl #3
1000042e:	2200      	movs	r2, #0
10000430:	f818 6b01 	ldrb.w	r6, [r8], #1
10000434:	eb04 010c 	add.w	r1, r4, ip
10000438:	fa26 f002 	lsr.w	r0, r6, r2
1000043c:	f010 0f01 	tst.w	r0, #1
10000440:	bf0c      	ite	eq
10000442:	2000      	moveq	r0, #0
10000444:	200f      	movne	r0, #15
10000446:	3201      	adds	r2, #1
10000448:	2a08      	cmp	r2, #8
1000044a:	f801 0b01 	strb.w	r0, [r1], #1
1000044e:	d1f3      	bne.n	10000438 <main+0x258>
10000450:	f50c 7ca0 	add.w	ip, ip, #320	@ 0x140
10000454:	45f4      	cmp	ip, lr
10000456:	d1ea      	bne.n	1000042e <main+0x24e>
10000458:	f813 2f01 	ldrb.w	r2, [r3, #1]!
1000045c:	b122      	cbz	r2, 10000468 <main+0x288>
1000045e:	f10c 0e08 	add.w	lr, ip, #8
10000462:	f5be 5f25 	cmp.w	lr, #10560	@ 0x2940
10000466:	d1da      	bne.n	1000041e <main+0x23e>
10000468:	f643 4e08 	movw	lr, #15368	@ 0x3c08
1000046c:	2241      	movs	r2, #65	@ 0x41
1000046e:	4b8e      	ldr	r3, [pc, #568]	@ (100006a8 <main+0x4c8>)
10000470:	f012 0f80 	tst.w	r2, #128	@ 0x80
10000474:	bf18      	it	ne
10000476:	223f      	movne	r2, #63	@ 0x3f
10000478:	f5ae 6c20 	sub.w	ip, lr, #2560	@ 0xa00
1000047c:	eb05 08c2 	add.w	r8, r5, r2, lsl #3
10000480:	2200      	movs	r2, #0
10000482:	f818 6b01 	ldrb.w	r6, [r8], #1
10000486:	eb04 010c 	add.w	r1, r4, ip
1000048a:	fa26 f002 	lsr.w	r0, r6, r2
1000048e:	f010 0f01 	tst.w	r0, #1
10000492:	bf0c      	ite	eq
10000494:	2000      	moveq	r0, #0
10000496:	200f      	movne	r0, #15
10000498:	3201      	adds	r2, #1
1000049a:	2a08      	cmp	r2, #8
1000049c:	f801 0b01 	strb.w	r0, [r1], #1
100004a0:	d1f3      	bne.n	1000048a <main+0x2aa>
100004a2:	f50c 7ca0 	add.w	ip, ip, #320	@ 0x140
100004a6:	45e6      	cmp	lr, ip
100004a8:	d1ea      	bne.n	10000480 <main+0x2a0>
100004aa:	f813 2f01 	ldrb.w	r2, [r3, #1]!
100004ae:	b122      	cbz	r2, 100004ba <main+0x2da>
100004b0:	f10e 0e08 	add.w	lr, lr, #8
100004b4:	f5be 5f75 	cmp.w	lr, #15680	@ 0x3d40
100004b8:	d1da      	bne.n	10000470 <main+0x290>
100004ba:	f245 0e08 	movw	lr, #20488	@ 0x5008
100004be:	2245      	movs	r2, #69	@ 0x45
100004c0:	f245 1840 	movw	r8, #20800	@ 0x5140
100004c4:	4b79      	ldr	r3, [pc, #484]	@ (100006ac <main+0x4cc>)
100004c6:	f8cd 902c 	str.w	r9, [sp, #44]	@ 0x2c
100004ca:	f012 0f80 	tst.w	r2, #128	@ 0x80
100004ce:	bf18      	it	ne
100004d0:	223f      	movne	r2, #63	@ 0x3f
100004d2:	f5ae 6c20 	sub.w	ip, lr, #2560	@ 0xa00
100004d6:	eb05 09c2 	add.w	r9, r5, r2, lsl #3
100004da:	2200      	movs	r2, #0
100004dc:	f819 6b01 	ldrb.w	r6, [r9], #1
100004e0:	eb04 010c 	add.w	r1, r4, ip
100004e4:	fa26 f002 	lsr.w	r0, r6, r2
100004e8:	f010 0f01 	tst.w	r0, #1
100004ec:	bf0c      	ite	eq
100004ee:	2000      	moveq	r0, #0
100004f0:	200f      	movne	r0, #15
100004f2:	3201      	adds	r2, #1
100004f4:	2a08      	cmp	r2, #8
100004f6:	f801 0b01 	strb.w	r0, [r1], #1
100004fa:	d1f3      	bne.n	100004e4 <main+0x304>
100004fc:	f50c 7ca0 	add.w	ip, ip, #320	@ 0x140
10000500:	45e6      	cmp	lr, ip
10000502:	d1ea      	bne.n	100004da <main+0x2fa>
10000504:	f813 2f01 	ldrb.w	r2, [r3, #1]!
10000508:	b11a      	cbz	r2, 10000512 <main+0x332>
1000050a:	f10e 0e08 	add.w	lr, lr, #8
1000050e:	45c6      	cmp	lr, r8
10000510:	d1db      	bne.n	100004ca <main+0x2ea>
10000512:	f246 4e08 	movw	lr, #25608	@ 0x6408
10000516:	f246 5840 	movw	r8, #25920	@ 0x6540
1000051a:	9a0d      	ldr	r2, [sp, #52]	@ 0x34
1000051c:	f8dd 902c 	ldr.w	r9, [sp, #44]	@ 0x2c
10000520:	4613      	mov	r3, r2
10000522:	7812      	ldrb	r2, [r2, #0]
10000524:	f8cd 902c 	str.w	r9, [sp, #44]	@ 0x2c
10000528:	f012 0f80 	tst.w	r2, #128	@ 0x80
1000052c:	bf18      	it	ne
1000052e:	223f      	movne	r2, #63	@ 0x3f
10000530:	f5ae 6c20 	sub.w	ip, lr, #2560	@ 0xa00
10000534:	eb05 09c2 	add.w	r9, r5, r2, lsl #3
10000538:	2200      	movs	r2, #0
1000053a:	f819 6b01 	ldrb.w	r6, [r9], #1
1000053e:	eb04 010c 	add.w	r1, r4, ip
10000542:	fa26 f002 	lsr.w	r0, r6, r2
10000546:	f010 0f01 	tst.w	r0, #1
1000054a:	bf0c      	ite	eq
1000054c:	2000      	moveq	r0, #0
1000054e:	200f      	movne	r0, #15
10000550:	3201      	adds	r2, #1
10000552:	2a08      	cmp	r2, #8
10000554:	f801 0b01 	strb.w	r0, [r1], #1
10000558:	d1f3      	bne.n	10000542 <main+0x362>
1000055a:	f50c 7ca0 	add.w	ip, ip, #320	@ 0x140
1000055e:	45e6      	cmp	lr, ip
10000560:	d1ea      	bne.n	10000538 <main+0x358>
10000562:	f813 2f01 	ldrb.w	r2, [r3, #1]!
10000566:	b11a      	cbz	r2, 10000570 <main+0x390>
10000568:	f10e 0e08 	add.w	lr, lr, #8
1000056c:	45c6      	cmp	lr, r8
1000056e:	d1db      	bne.n	10000528 <main+0x348>
10000570:	260c      	movs	r6, #12
10000572:	f04f 0800 	mov.w	r8, #0
10000576:	f504 4354 	add.w	r3, r4, #54272	@ 0xd400
1000057a:	337c      	adds	r3, #124	@ 0x7c
1000057c:	f8dd 902c 	ldr.w	r9, [sp, #44]	@ 0x2c
10000580:	930b      	str	r3, [sp, #44]	@ 0x2c
10000582:	f504 436d 	add.w	r3, r4, #60672	@ 0xed00
10000586:	3388      	adds	r3, #136	@ 0x88
10000588:	e9cd 390f 	strd	r3, r9, [sp, #60]	@ 0x3c
1000058c:	f8cd b044 	str.w	fp, [sp, #68]	@ 0x44
10000590:	4643      	mov	r3, r8
10000592:	2104      	movs	r1, #4
10000594:	4a46      	ldr	r2, [pc, #280]	@ (100006b0 <main+0x4d0>)
10000596:	a829      	add	r0, sp, #164	@ 0xa4
10000598:	f005 fa1a 	bl	100059d0 <__wrap_snprintf>
1000059c:	9b0a      	ldr	r3, [sp, #40]	@ 0x28
1000059e:	ebc8 1908 	rsb	r9, r8, r8, lsl #4
100005a2:	fa23 f308 	lsr.w	r3, r3, r8
100005a6:	f013 0f01 	tst.w	r3, #1
100005aa:	bf14      	ite	ne
100005ac:	f04f 0b0f 	movne.w	fp, #15
100005b0:	f04f 0b20 	moveq.w	fp, #32
100005b4:	9b0f      	ldr	r3, [sp, #60]	@ 0x3c
100005b6:	eb03 0949 	add.w	r9, r3, r9, lsl #1
100005ba:	9b0b      	ldr	r3, [sp, #44]	@ 0x2c
100005bc:	4433      	add	r3, r6
100005be:	4618      	mov	r0, r3
100005c0:	2218      	movs	r2, #24
100005c2:	4659      	mov	r1, fp
100005c4:	f008 f922 	bl	1000880c <memset>
100005c8:	f500 73a0 	add.w	r3, r0, #320	@ 0x140
100005cc:	4599      	cmp	r9, r3
100005ce:	d1f6      	bne.n	100005be <main+0x3de>
100005d0:	f89d 20a4 	ldrb.w	r2, [sp, #164]	@ 0xa4
100005d4:	b35a      	cbz	r2, 1000062e <main+0x44e>
100005d6:	ab29      	add	r3, sp, #164	@ 0xa4
100005d8:	f506 4966 	add.w	r9, r6, #58880	@ 0xe600
100005dc:	f5a9 4165 	sub.w	r1, r9, #58624	@ 0xe500
100005e0:	39f8      	subs	r1, #248	@ 0xf8
100005e2:	f5b1 7fa0 	cmp.w	r1, #320	@ 0x140
100005e6:	d822      	bhi.n	1000062e <main+0x44e>
100005e8:	f012 0f80 	tst.w	r2, #128	@ 0x80
100005ec:	bf18      	it	ne
100005ee:	223f      	movne	r2, #63	@ 0x3f
100005f0:	f5a9 6e20 	sub.w	lr, r9, #2560	@ 0xa00
100005f4:	eb05 0bc2 	add.w	fp, r5, r2, lsl #3
100005f8:	2200      	movs	r2, #0
100005fa:	f81b cb01 	ldrb.w	ip, [fp], #1
100005fe:	eb04 010e 	add.w	r1, r4, lr
10000602:	fa2c f002 	lsr.w	r0, ip, r2
10000606:	f010 0f01 	tst.w	r0, #1
1000060a:	bf0c      	ite	eq
1000060c:	2000      	moveq	r0, #0
1000060e:	200f      	movne	r0, #15
10000610:	3201      	adds	r2, #1
10000612:	2a08      	cmp	r2, #8
10000614:	f801 0b01 	strb.w	r0, [r1], #1
10000618:	d1f3      	bne.n	10000602 <main+0x422>
1000061a:	f50e 7ea0 	add.w	lr, lr, #320	@ 0x140
1000061e:	45f1      	cmp	r9, lr
10000620:	d1ea      	bne.n	100005f8 <main+0x418>
10000622:	f813 2f01 	ldrb.w	r2, [r3, #1]!
10000626:	f109 0908 	add.w	r9, r9, #8
1000062a:	2a00      	cmp	r2, #0
1000062c:	d1d6      	bne.n	100005dc <main+0x3fc>
1000062e:	f108 0801 	add.w	r8, r8, #1
10000632:	f1b8 0f0a 	cmp.w	r8, #10
10000636:	f106 061e 	add.w	r6, r6, #30
1000063a:	d1a9      	bne.n	10000590 <main+0x3b0>
1000063c:	e9dd 9b10 	ldrd	r9, fp, [sp, #64]	@ 0x40
10000640:	f44f 7296 	mov.w	r2, #300	@ 0x12c
10000644:	f04f 310f 	mov.w	r1, #252645135	@ 0xf0f0f0f
10000648:	4b1a      	ldr	r3, [pc, #104]	@ (100006b4 <main+0x4d4>)
1000064a:	fba3 030b 	umull	r0, r3, r3, fp
1000064e:	095b      	lsrs	r3, r3, #5
10000650:	fb02 b313 	mls	r3, r2, r3, fp
10000654:	f503 4216 	add.w	r2, r3, #38400	@ 0x9600
10000658:	f503 4320 	add.w	r3, r3, #40960	@ 0xa000
1000065c:	4422      	add	r2, r4
1000065e:	4423      	add	r3, r4
10000660:	6011      	str	r1, [r2, #0]
10000662:	6051      	str	r1, [r2, #4]
10000664:	6091      	str	r1, [r2, #8]
10000666:	60d1      	str	r1, [r2, #12]
10000668:	f502 72a0 	add.w	r2, r2, #320	@ 0x140
1000066c:	4293      	cmp	r3, r2
1000066e:	d1f7      	bne.n	10000660 <main+0x480>
10000670:	4911      	ldr	r1, [pc, #68]	@ (100006b8 <main+0x4d8>)
10000672:	9812      	ldr	r0, [sp, #72]	@ 0x48
10000674:	f507 4602 	add.w	r6, r7, #33280	@ 0x8200
10000678:	f001 f86e 	bl	10001758 <qservice_frame_submit>
1000067c:	f10b 0b01 	add.w	fp, fp, #1
10000680:	3635      	adds	r6, #53	@ 0x35
10000682:	e641      	b.n	10000308 <main+0x128>
10000684:	23ff      	movs	r3, #255	@ 0xff
10000686:	a924      	add	r1, sp, #144	@ 0x90
10000688:	461a      	mov	r2, r3
1000068a:	2000      	movs	r0, #0
1000068c:	f001 f888 	bl	100017a0 <qservice_sound_start>
10000690:	e632      	b.n	100002f8 <main+0x118>
10000692:	2000      	movs	r0, #0
10000694:	f001 f8ae 	bl	100017f4 <qservice_sound_stop>
10000698:	e62b      	b.n	100002f2 <main+0x112>
1000069a:	bf00      	nop
1000069c:	20011d48 	.word	0x20011d48
100006a0:	20013a08 	.word	0x20013a08
100006a4:	10008cd0 	.word	0x10008cd0
100006a8:	10008cf0 	.word	0x10008cf0
100006ac:	10008d10 	.word	0x10008d10
100006b0:	10008dfc 	.word	0x10008dfc
100006b4:	1b4e81b5 	.word	0x1b4e81b5
100006b8:	20013a24 	.word	0x20013a24
100006bc:	1e60      	subs	r0, r4, #1
100006be:	f504 467b 	add.w	r6, r4, #64256	@ 0xfb00
100006c2:	ebab 0000 	sub.w	r0, fp, r0
100006c6:	363f      	adds	r6, #63	@ 0x3f
100006c8:	f204 113f 	addw	r1, r4, #319	@ 0x13f
100006cc:	f5a1 73a0 	sub.w	r3, r1, #320	@ 0x140
100006d0:	18c2      	adds	r2, r0, r3
100006d2:	f803 2f01 	strb.w	r2, [r3, #1]!
100006d6:	428b      	cmp	r3, r1
100006d8:	d1fa      	bne.n	100006d0 <main+0x4f0>
100006da:	f501 71a0 	add.w	r1, r1, #320	@ 0x140
100006de:	42b1      	cmp	r1, r6
100006e0:	f1a0 003f 	sub.w	r0, r0, #63	@ 0x3f
100006e4:	d1f2      	bne.n	100006cc <main+0x4ec>
100006e6:	e66c      	b.n	100003c2 <main+0x1e2>
100006e8:	491c      	ldr	r1, [pc, #112]	@ (1000075c <main+0x57c>)
100006ea:	481d      	ldr	r0, [pc, #116]	@ (10000760 <main+0x580>)
100006ec:	aa13      	add	r2, sp, #76	@ 0x4c
100006ee:	f000 fa01 	bl	10000af4 <qpak_find>
100006f2:	b118      	cbz	r0, 100006fc <main+0x51c>
100006f4:	9b13      	ldr	r3, [sp, #76]	@ 0x4c
100006f6:	f5b3 7f40 	cmp.w	r3, #768	@ 0x300
100006fa:	d026      	beq.n	1000074a <main+0x56a>
100006fc:	4919      	ldr	r1, [pc, #100]	@ (10000764 <main+0x584>)
100006fe:	4818      	ldr	r0, [pc, #96]	@ (10000760 <main+0x580>)
10000700:	aa17      	add	r2, sp, #92	@ 0x5c
10000702:	f000 f9f7 	bl	10000af4 <qpak_find>
10000706:	9008      	str	r0, [sp, #32]
10000708:	b130      	cbz	r0, 10000718 <main+0x538>
1000070a:	f64f 2308 	movw	r3, #64008	@ 0xfa08
1000070e:	9a17      	ldr	r2, [sp, #92]	@ 0x5c
10000710:	1ad0      	subs	r0, r2, r3
10000712:	4243      	negs	r3, r0
10000714:	4143      	adcs	r3, r0
10000716:	9308      	str	r3, [sp, #32]
10000718:	4913      	ldr	r1, [pc, #76]	@ (10000768 <main+0x588>)
1000071a:	4811      	ldr	r0, [pc, #68]	@ (10000760 <main+0x580>)
1000071c:	aa1b      	add	r2, sp, #108	@ 0x6c
1000071e:	f000 f9e9 	bl	10000af4 <qpak_find>
10000722:	4682      	mov	sl, r0
10000724:	2800      	cmp	r0, #0
10000726:	f43f adb6 	beq.w	10000296 <main+0xb6>
1000072a:	2200      	movs	r2, #0
1000072c:	9b1b      	ldr	r3, [sp, #108]	@ 0x6c
1000072e:	a91b      	add	r1, sp, #108	@ 0x6c
10000730:	480b      	ldr	r0, [pc, #44]	@ (10000760 <main+0x580>)
10000732:	f000 fa0d 	bl	10000b50 <qpak_map>
10000736:	9a1b      	ldr	r2, [sp, #108]	@ 0x6c
10000738:	4601      	mov	r1, r0
1000073a:	a81f      	add	r0, sp, #124	@ 0x7c
1000073c:	f000 faba 	bl	10000cb4 <qsound_wav>
10000740:	4682      	mov	sl, r0
10000742:	e5a8      	b.n	10000296 <main+0xb6>
10000744:	4809      	ldr	r0, [pc, #36]	@ (1000076c <main+0x58c>)
10000746:	f001 fe43 	bl	100023d0 <panic>
1000074a:	9301      	str	r3, [sp, #4]
1000074c:	4a08      	ldr	r2, [pc, #32]	@ (10000770 <main+0x590>)
1000074e:	2300      	movs	r3, #0
10000750:	a913      	add	r1, sp, #76	@ 0x4c
10000752:	9600      	str	r6, [sp, #0]
10000754:	4802      	ldr	r0, [pc, #8]	@ (10000760 <main+0x580>)
10000756:	f000 fa3b 	bl	10000bd0 <qpak_read>
1000075a:	e7cf      	b.n	100006fc <main+0x51c>
1000075c:	10008d2c 	.word	0x10008d2c
10000760:	20013a08 	.word	0x20013a08
10000764:	10008d3c 	.word	0x10008d3c
10000768:	10008d4c 	.word	0x10008d4c
1000076c:	10008ddc 	.word	0x10008ddc
10000770:	20011d48 	.word	0x20011d48

10000774 <file_range>:
10000774:	b320      	cbz	r0, 100007c0 <file_range+0x4c>
10000776:	f8d0 c000 	ldr.w	ip, [r0]
1000077a:	f1bc 0f00 	cmp.w	ip, #0
1000077e:	d01e      	beq.n	100007be <file_range+0x4a>
10000780:	b1e9      	cbz	r1, 100007be <file_range+0x4a>
10000782:	f8d1 c000 	ldr.w	ip, [r1]
10000786:	4594      	cmp	ip, r2
10000788:	d319      	bcc.n	100007be <file_range+0x4a>
1000078a:	ebac 0202 	sub.w	r2, ip, r2
1000078e:	4293      	cmp	r3, r2
10000790:	d815      	bhi.n	100007be <file_range+0x4a>
10000792:	684a      	ldr	r2, [r1, #4]
10000794:	68c3      	ldr	r3, [r0, #12]
10000796:	429a      	cmp	r2, r3
10000798:	d811      	bhi.n	100007be <file_range+0x4a>
1000079a:	6888      	ldr	r0, [r1, #8]
1000079c:	1a9b      	subs	r3, r3, r2
1000079e:	4298      	cmp	r0, r3
100007a0:	d80d      	bhi.n	100007be <file_range+0x4a>
100007a2:	f3cc 030b 	ubfx	r3, ip, #0, #12
100007a6:	ea4f 3c1c 	mov.w	ip, ip, lsr #12
100007aa:	2b00      	cmp	r3, #0
100007ac:	bf18      	it	ne
100007ae:	f10c 0c01 	addne.w	ip, ip, #1
100007b2:	ebac 0000 	sub.w	r0, ip, r0
100007b6:	fab0 f080 	clz	r0, r0
100007ba:	0940      	lsrs	r0, r0, #5
100007bc:	4770      	bx	lr
100007be:	2000      	movs	r0, #0
100007c0:	4770      	bx	lr
100007c2:	bf00      	nop

100007c4 <qpak_crc32>:
100007c4:	b1a9      	cbz	r1, 100007f2 <qpak_crc32+0x2e>
100007c6:	4684      	mov	ip, r0
100007c8:	f04f 32ff 	mov.w	r2, #4294967295	@ 0xffffffff
100007cc:	480a      	ldr	r0, [pc, #40]	@ (100007f8 <qpak_crc32+0x34>)
100007ce:	b500      	push	{lr}
100007d0:	eb0c 0e01 	add.w	lr, ip, r1
100007d4:	2108      	movs	r1, #8
100007d6:	f81c 3b01 	ldrb.w	r3, [ip], #1
100007da:	405a      	eors	r2, r3
100007dc:	f342 0300 	sbfx	r3, r2, #0, #1
100007e0:	4003      	ands	r3, r0
100007e2:	3901      	subs	r1, #1
100007e4:	ea83 0252 	eor.w	r2, r3, r2, lsr #1
100007e8:	d1f8      	bne.n	100007dc <qpak_crc32+0x18>
100007ea:	45f4      	cmp	ip, lr
100007ec:	d1f2      	bne.n	100007d4 <qpak_crc32+0x10>
100007ee:	43d0      	mvns	r0, r2
100007f0:	bd00      	pop	{pc}
100007f2:	4608      	mov	r0, r1
100007f4:	4770      	bx	lr
100007f6:	bf00      	nop
100007f8:	edb88320 	.word	0xedb88320

100007fc <qpak_lz4_decode>:
100007fc:	e92d 4ff8 	stmdb	sp!, {r3, r4, r5, r6, r7, r8, r9, sl, fp, lr}
10000800:	eb00 0901 	add.w	r9, r0, r1
10000804:	4581      	cmp	r9, r0
10000806:	461e      	mov	r6, r3
10000808:	d972      	bls.n	100008f0 <qpak_lz4_decode+0xf4>
1000080a:	4617      	mov	r7, r2
1000080c:	2500      	movs	r5, #0
1000080e:	f102 38ff 	add.w	r8, r2, #4294967295	@ 0xffffffff
10000812:	7804      	ldrb	r4, [r0, #0]
10000814:	ea4f 1a14 	mov.w	sl, r4, lsr #4
10000818:	f1ba 0f0f 	cmp.w	sl, #15
1000081c:	d03c      	beq.n	10000898 <qpak_lz4_decode+0x9c>
1000081e:	f100 0b01 	add.w	fp, r0, #1
10000822:	eba9 030b 	sub.w	r3, r9, fp
10000826:	4553      	cmp	r3, sl
10000828:	d345      	bcc.n	100008b6 <qpak_lz4_decode+0xba>
1000082a:	1b73      	subs	r3, r6, r5
1000082c:	4553      	cmp	r3, sl
1000082e:	d342      	bcc.n	100008b6 <qpak_lz4_decode+0xba>
10000830:	1978      	adds	r0, r7, r5
10000832:	4652      	mov	r2, sl
10000834:	4659      	mov	r1, fp
10000836:	f008 f955 	bl	10008ae4 <memcpy>
1000083a:	eb0b 000a 	add.w	r0, fp, sl
1000083e:	4548      	cmp	r0, r9
10000840:	4455      	add	r5, sl
10000842:	d023      	beq.n	1000088c <qpak_lz4_decode+0x90>
10000844:	eba9 0300 	sub.w	r3, r9, r0
10000848:	2b01      	cmp	r3, #1
1000084a:	dd34      	ble.n	100008b6 <qpak_lz4_decode+0xba>
1000084c:	f83b 100a 	ldrh.w	r1, [fp, sl]
10000850:	b389      	cbz	r1, 100008b6 <qpak_lz4_decode+0xba>
10000852:	428d      	cmp	r5, r1
10000854:	d32f      	bcc.n	100008b6 <qpak_lz4_decode+0xba>
10000856:	f004 040f 	and.w	r4, r4, #15
1000085a:	2c0f      	cmp	r4, #15
1000085c:	d02e      	beq.n	100008bc <qpak_lz4_decode+0xc0>
1000085e:	3404      	adds	r4, #4
10000860:	1b73      	subs	r3, r6, r5
10000862:	429c      	cmp	r4, r3
10000864:	d827      	bhi.n	100008b6 <qpak_lz4_decode+0xba>
10000866:	3002      	adds	r0, #2
10000868:	3c01      	subs	r4, #1
1000086a:	eb08 0205 	add.w	r2, r8, r5
1000086e:	eb07 0e05 	add.w	lr, r7, r5
10000872:	eba2 0c01 	sub.w	ip, r2, r1
10000876:	44a6      	add	lr, r4
10000878:	f81c 3f01 	ldrb.w	r3, [ip, #1]!
1000087c:	f802 3f01 	strb.w	r3, [r2, #1]!
10000880:	4572      	cmp	r2, lr
10000882:	d1f9      	bne.n	10000878 <qpak_lz4_decode+0x7c>
10000884:	3501      	adds	r5, #1
10000886:	4425      	add	r5, r4
10000888:	4581      	cmp	r9, r0
1000088a:	d8c2      	bhi.n	10000812 <qpak_lz4_decode+0x16>
1000088c:	1b70      	subs	r0, r6, r5
1000088e:	fab0 f080 	clz	r0, r0
10000892:	0940      	lsrs	r0, r0, #5
10000894:	e8bd 8ff8 	ldmia.w	sp!, {r3, r4, r5, r6, r7, r8, r9, sl, fp, pc}
10000898:	1c43      	adds	r3, r0, #1
1000089a:	e008      	b.n	100008ae <qpak_lz4_decode+0xb2>
1000089c:	4556      	cmp	r6, sl
1000089e:	d30a      	bcc.n	100008b6 <qpak_lz4_decode+0xba>
100008a0:	781a      	ldrb	r2, [r3, #0]
100008a2:	3301      	adds	r3, #1
100008a4:	428a      	cmp	r2, r1
100008a6:	4492      	add	sl, r2
100008a8:	d805      	bhi.n	100008b6 <qpak_lz4_decode+0xba>
100008aa:	2aff      	cmp	r2, #255	@ 0xff
100008ac:	d11e      	bne.n	100008ec <qpak_lz4_decode+0xf0>
100008ae:	4599      	cmp	r9, r3
100008b0:	eba6 010a 	sub.w	r1, r6, sl
100008b4:	d1f2      	bne.n	1000089c <qpak_lz4_decode+0xa0>
100008b6:	2000      	movs	r0, #0
100008b8:	e8bd 8ff8 	ldmia.w	sp!, {r3, r4, r5, r6, r7, r8, r9, sl, fp, pc}
100008bc:	2313      	movs	r3, #19
100008be:	3002      	adds	r0, #2
100008c0:	e008      	b.n	100008d4 <qpak_lz4_decode+0xd8>
100008c2:	429e      	cmp	r6, r3
100008c4:	d3f7      	bcc.n	100008b6 <qpak_lz4_decode+0xba>
100008c6:	7802      	ldrb	r2, [r0, #0]
100008c8:	3001      	adds	r0, #1
100008ca:	42a2      	cmp	r2, r4
100008cc:	4413      	add	r3, r2
100008ce:	d8f2      	bhi.n	100008b6 <qpak_lz4_decode+0xba>
100008d0:	2aff      	cmp	r2, #255	@ 0xff
100008d2:	d104      	bne.n	100008de <qpak_lz4_decode+0xe2>
100008d4:	4581      	cmp	r9, r0
100008d6:	eba6 0403 	sub.w	r4, r6, r3
100008da:	d1f2      	bne.n	100008c2 <qpak_lz4_decode+0xc6>
100008dc:	e7eb      	b.n	100008b6 <qpak_lz4_decode+0xba>
100008de:	1b72      	subs	r2, r6, r5
100008e0:	429a      	cmp	r2, r3
100008e2:	d3e8      	bcc.n	100008b6 <qpak_lz4_decode+0xba>
100008e4:	2b00      	cmp	r3, #0
100008e6:	d0cf      	beq.n	10000888 <qpak_lz4_decode+0x8c>
100008e8:	1e5c      	subs	r4, r3, #1
100008ea:	e7be      	b.n	1000086a <qpak_lz4_decode+0x6e>
100008ec:	469b      	mov	fp, r3
100008ee:	e798      	b.n	10000822 <qpak_lz4_decode+0x26>
100008f0:	2500      	movs	r5, #0
100008f2:	e7cb      	b.n	1000088c <qpak_lz4_decode+0x90>

100008f4 <qpak_open>:
100008f4:	b110      	cbz	r0, 100008fc <qpak_open+0x8>
100008f6:	b109      	cbz	r1, 100008fc <qpak_open+0x8>
100008f8:	2a3f      	cmp	r2, #63	@ 0x3f
100008fa:	d801      	bhi.n	10000900 <qpak_open+0xc>
100008fc:	2000      	movs	r0, #0
100008fe:	4770      	bx	lr
10000900:	4603      	mov	r3, r0
10000902:	f04f 0c00 	mov.w	ip, #0
10000906:	e92d 4ff0 	stmdb	sp!, {r4, r5, r6, r7, r8, r9, sl, fp, lr}
1000090a:	4608      	mov	r0, r1
1000090c:	b085      	sub	sp, #20
1000090e:	4615      	mov	r5, r2
10000910:	460c      	mov	r4, r1
10000912:	460e      	mov	r6, r1
10000914:	2208      	movs	r2, #8
10000916:	4974      	ldr	r1, [pc, #464]	@ (10000ae8 <qpak_open+0x1f4>)
10000918:	f8c3 c000 	str.w	ip, [r3]
1000091c:	f8c3 c004 	str.w	ip, [r3, #4]
10000920:	f8c3 c008 	str.w	ip, [r3, #8]
10000924:	f8c3 c00c 	str.w	ip, [r3, #12]
10000928:	f8c3 c010 	str.w	ip, [r3, #16]
1000092c:	f8c3 c014 	str.w	ip, [r3, #20]
10000930:	f8c3 c018 	str.w	ip, [r3, #24]
10000934:	9300      	str	r3, [sp, #0]
10000936:	f007 ff29 	bl	1000878c <memcmp>
1000093a:	b910      	cbnz	r0, 10000942 <qpak_open+0x4e>
1000093c:	68a2      	ldr	r2, [r4, #8]
1000093e:	2a01      	cmp	r2, #1
10000940:	d003      	beq.n	1000094a <qpak_open+0x56>
10000942:	2000      	movs	r0, #0
10000944:	b005      	add	sp, #20
10000946:	e8bd 8ff0 	ldmia.w	sp!, {r4, r5, r6, r7, r8, r9, sl, fp, pc}
1000094a:	68e2      	ldr	r2, [r4, #12]
1000094c:	f5b2 5f80 	cmp.w	r2, #4096	@ 0x1000
10000950:	d1f7      	bne.n	10000942 <qpak_open+0x4e>
10000952:	6922      	ldr	r2, [r4, #16]
10000954:	4865      	ldr	r0, [pc, #404]	@ (10000aec <qpak_open+0x1f8>)
10000956:	f1a2 0140 	sub.w	r1, r2, #64	@ 0x40
1000095a:	4281      	cmp	r1, r0
1000095c:	d8f1      	bhi.n	10000942 <qpak_open+0x4e>
1000095e:	4295      	cmp	r5, r2
10000960:	d3ef      	bcc.n	10000942 <qpak_open+0x4e>
10000962:	69e0      	ldr	r0, [r4, #28]
10000964:	2840      	cmp	r0, #64	@ 0x40
10000966:	d1ec      	bne.n	10000942 <qpak_open+0x4e>
10000968:	4861      	ldr	r0, [pc, #388]	@ (10000af0 <qpak_open+0x1fc>)
1000096a:	6964      	ldr	r4, [r4, #20]
1000096c:	fba0 0101 	umull	r0, r1, r0, r1
10000970:	ebb4 1f91 	cmp.w	r4, r1, lsr #6
10000974:	4627      	mov	r7, r4
10000976:	d8e4      	bhi.n	10000942 <qpak_open+0x4e>
10000978:	eb04 0184 	add.w	r1, r4, r4, lsl #2
1000097c:	0109      	lsls	r1, r1, #4
1000097e:	6a34      	ldr	r4, [r6, #32]
10000980:	3140      	adds	r1, #64	@ 0x40
10000982:	42a1      	cmp	r1, r4
10000984:	46a0      	mov	r8, r4
10000986:	d1dc      	bne.n	10000942 <qpak_open+0x4e>
10000988:	4294      	cmp	r4, r2
1000098a:	d8da      	bhi.n	10000942 <qpak_open+0x4e>
1000098c:	69b5      	ldr	r5, [r6, #24]
1000098e:	1b11      	subs	r1, r2, r4
10000990:	ebb5 1f11 	cmp.w	r5, r1, lsr #4
10000994:	9501      	str	r5, [sp, #4]
10000996:	d8d4      	bhi.n	10000942 <qpak_open+0x4e>
10000998:	6a71      	ldr	r1, [r6, #36]	@ 0x24
1000099a:	460c      	mov	r4, r1
1000099c:	468b      	mov	fp, r1
1000099e:	eb08 1105 	add.w	r1, r8, r5, lsl #4
100009a2:	42a1      	cmp	r1, r4
100009a4:	d1cd      	bne.n	10000942 <qpak_open+0x4e>
100009a6:	4294      	cmp	r4, r2
100009a8:	d8cb      	bhi.n	10000942 <qpak_open+0x4e>
100009aa:	f1a4 0140 	sub.w	r1, r4, #64	@ 0x40
100009ae:	f106 0040 	add.w	r0, r6, #64	@ 0x40
100009b2:	9202      	str	r2, [sp, #8]
100009b4:	f7ff ff06 	bl	100007c4 <qpak_crc32>
100009b8:	6ab1      	ldr	r1, [r6, #40]	@ 0x28
100009ba:	f106 0540 	add.w	r5, r6, #64	@ 0x40
100009be:	4288      	cmp	r0, r1
100009c0:	d1bf      	bne.n	10000942 <qpak_open+0x4e>
100009c2:	202c      	movs	r0, #44	@ 0x2c
100009c4:	9a02      	ldr	r2, [sp, #8]
100009c6:	9b00      	ldr	r3, [sp, #0]
100009c8:	5831      	ldr	r1, [r6, r0]
100009ca:	3004      	adds	r0, #4
100009cc:	2900      	cmp	r1, #0
100009ce:	d1b8      	bne.n	10000942 <qpak_open+0x4e>
100009d0:	2840      	cmp	r0, #64	@ 0x40
100009d2:	d1f9      	bne.n	100009c8 <qpak_open+0xd4>
100009d4:	4628      	mov	r0, r5
100009d6:	9302      	str	r3, [sp, #8]
100009d8:	460d      	mov	r5, r1
100009da:	46da      	mov	sl, fp
100009dc:	4689      	mov	r9, r1
100009de:	4603      	mov	r3, r0
100009e0:	9200      	str	r2, [sp, #0]
100009e2:	42bd      	cmp	r5, r7
100009e4:	d060      	beq.n	10000aa8 <qpak_open+0x1b4>
100009e6:	781a      	ldrb	r2, [r3, #0]
100009e8:	2a00      	cmp	r2, #0
100009ea:	d0aa      	beq.n	10000942 <qpak_open+0x4e>
100009ec:	2238      	movs	r2, #56	@ 0x38
100009ee:	2100      	movs	r1, #0
100009f0:	4618      	mov	r0, r3
100009f2:	9303      	str	r3, [sp, #12]
100009f4:	f008 f82c 	bl	10008a50 <memchr>
100009f8:	2800      	cmp	r0, #0
100009fa:	d0a2      	beq.n	10000942 <qpak_open+0x4e>
100009fc:	9b03      	ldr	r3, [sp, #12]
100009fe:	6c9a      	ldr	r2, [r3, #72]	@ 0x48
10000a00:	2a00      	cmp	r2, #0
10000a02:	d19e      	bne.n	10000942 <qpak_open+0x4e>
10000a04:	6cd8      	ldr	r0, [r3, #76]	@ 0x4c
10000a06:	2800      	cmp	r0, #0
10000a08:	d19b      	bne.n	10000942 <qpak_open+0x4e>
10000a0a:	6bda      	ldr	r2, [r3, #60]	@ 0x3c
10000a0c:	4591      	cmp	r9, r2
10000a0e:	d198      	bne.n	10000942 <qpak_open+0x4e>
10000a10:	f8d3 e038 	ldr.w	lr, [r3, #56]	@ 0x38
10000a14:	f8d3 c040 	ldr.w	ip, [r3, #64]	@ 0x40
10000a18:	f3ce 010b 	ubfx	r1, lr, #0, #12
10000a1c:	ea4f 321e 	mov.w	r2, lr, lsr #12
10000a20:	4281      	cmp	r1, r0
10000a22:	bf18      	it	ne
10000a24:	3201      	addne	r2, #1
10000a26:	4562      	cmp	r2, ip
10000a28:	d18b      	bne.n	10000942 <qpak_open+0x4e>
10000a2a:	9a01      	ldr	r2, [sp, #4]
10000a2c:	454a      	cmp	r2, r9
10000a2e:	d388      	bcc.n	10000942 <qpak_open+0x4e>
10000a30:	eba2 0209 	sub.w	r2, r2, r9
10000a34:	4594      	cmp	ip, r2
10000a36:	d884      	bhi.n	10000942 <qpak_open+0x4e>
10000a38:	4652      	mov	r2, sl
10000a3a:	4674      	mov	r4, lr
10000a3c:	46e2      	mov	sl, ip
10000a3e:	eb06 0108 	add.w	r1, r6, r8
10000a42:	eb01 1109 	add.w	r1, r1, r9, lsl #4
10000a46:	4550      	cmp	r0, sl
10000a48:	d047      	beq.n	10000ada <qpak_open+0x1e6>
10000a4a:	f8d1 c000 	ldr.w	ip, [r1]
10000a4e:	4562      	cmp	r2, ip
10000a50:	f47f af77 	bne.w	10000942 <qpak_open+0x4e>
10000a54:	684a      	ldr	r2, [r1, #4]
10000a56:	2a00      	cmp	r2, #0
10000a58:	f43f af73 	beq.w	10000942 <qpak_open+0x4e>
10000a5c:	ebc0 5300 	rsb	r3, r0, r0, lsl #20
10000a60:	eb04 3303 	add.w	r3, r4, r3, lsl #12
10000a64:	f5b3 5f80 	cmp.w	r3, #4096	@ 0x1000
10000a68:	bf28      	it	cs
10000a6a:	f44f 5380 	movcs.w	r3, #4096	@ 0x1000
10000a6e:	f8d1 e008 	ldr.w	lr, [r1, #8]
10000a72:	459e      	cmp	lr, r3
10000a74:	f47f af65 	bne.w	10000942 <qpak_open+0x4e>
10000a78:	68cb      	ldr	r3, [r1, #12]
10000a7a:	2b01      	cmp	r3, #1
10000a7c:	f63f af61 	bhi.w	10000942 <qpak_open+0x4e>
10000a80:	b343      	cbz	r3, 10000ad4 <qpak_open+0x1e0>
10000a82:	4596      	cmp	lr, r2
10000a84:	f67f af5d 	bls.w	10000942 <qpak_open+0x4e>
10000a88:	9b00      	ldr	r3, [sp, #0]
10000a8a:	4563      	cmp	r3, ip
10000a8c:	f4ff af59 	bcc.w	10000942 <qpak_open+0x4e>
10000a90:	eba3 030c 	sub.w	r3, r3, ip
10000a94:	429a      	cmp	r2, r3
10000a96:	f63f af54 	bhi.w	10000942 <qpak_open+0x4e>
10000a9a:	4462      	add	r2, ip
10000a9c:	3203      	adds	r2, #3
10000a9e:	3110      	adds	r1, #16
10000aa0:	f022 0203 	bic.w	r2, r2, #3
10000aa4:	3001      	adds	r0, #1
10000aa6:	e7ce      	b.n	10000a46 <qpak_open+0x152>
10000aa8:	e9dd 0301 	ldrd	r0, r3, [sp, #4]
10000aac:	4581      	cmp	r9, r0
10000aae:	9a00      	ldr	r2, [sp, #0]
10000ab0:	f47f af47 	bne.w	10000942 <qpak_open+0x4e>
10000ab4:	4592      	cmp	sl, r2
10000ab6:	f47f af44 	bne.w	10000942 <qpak_open+0x4e>
10000aba:	2240      	movs	r2, #64	@ 0x40
10000abc:	2001      	movs	r0, #1
10000abe:	e9c3 6a00 	strd	r6, sl, [r3]
10000ac2:	609d      	str	r5, [r3, #8]
10000ac4:	f8c3 900c 	str.w	r9, [r3, #12]
10000ac8:	f8c3 8014 	str.w	r8, [r3, #20]
10000acc:	f8c3 b018 	str.w	fp, [r3, #24]
10000ad0:	611a      	str	r2, [r3, #16]
10000ad2:	e737      	b.n	10000944 <qpak_open+0x50>
10000ad4:	4596      	cmp	lr, r2
10000ad6:	d0d7      	beq.n	10000a88 <qpak_open+0x194>
10000ad8:	e733      	b.n	10000942 <qpak_open+0x4e>
10000ada:	9b03      	ldr	r3, [sp, #12]
10000adc:	4692      	mov	sl, r2
10000ade:	4481      	add	r9, r0
10000ae0:	3501      	adds	r5, #1
10000ae2:	3350      	adds	r3, #80	@ 0x50
10000ae4:	e77d      	b.n	100009e2 <qpak_open+0xee>
10000ae6:	bf00      	nop
10000ae8:	10009054 	.word	0x10009054
10000aec:	00ebffc0 	.word	0x00ebffc0
10000af0:	cccccccd 	.word	0xcccccccd

10000af4 <qpak_find>:
10000af4:	b340      	cbz	r0, 10000b48 <qpak_find+0x54>
10000af6:	e92d 41f0 	stmdb	sp!, {r4, r5, r6, r7, r8, lr}
10000afa:	6804      	ldr	r4, [r0, #0]
10000afc:	b30c      	cbz	r4, 10000b42 <qpak_find+0x4e>
10000afe:	b301      	cbz	r1, 10000b42 <qpak_find+0x4e>
10000b00:	b1fa      	cbz	r2, 10000b42 <qpak_find+0x4e>
10000b02:	6887      	ldr	r7, [r0, #8]
10000b04:	b30f      	cbz	r7, 10000b4a <qpak_find+0x56>
10000b06:	6903      	ldr	r3, [r0, #16]
10000b08:	4690      	mov	r8, r2
10000b0a:	460e      	mov	r6, r1
10000b0c:	2500      	movs	r5, #0
10000b0e:	441c      	add	r4, r3
10000b10:	e003      	b.n	10000b1a <qpak_find+0x26>
10000b12:	42bd      	cmp	r5, r7
10000b14:	f104 0450 	add.w	r4, r4, #80	@ 0x50
10000b18:	d013      	beq.n	10000b42 <qpak_find+0x4e>
10000b1a:	4631      	mov	r1, r6
10000b1c:	4620      	mov	r0, r4
10000b1e:	f007 feb9 	bl	10008894 <strcmp>
10000b22:	3501      	adds	r5, #1
10000b24:	2800      	cmp	r0, #0
10000b26:	d1f4      	bne.n	10000b12 <qpak_find+0x1e>
10000b28:	6ba0      	ldr	r0, [r4, #56]	@ 0x38
10000b2a:	6be1      	ldr	r1, [r4, #60]	@ 0x3c
10000b2c:	6c22      	ldr	r2, [r4, #64]	@ 0x40
10000b2e:	6c63      	ldr	r3, [r4, #68]	@ 0x44
10000b30:	f8c8 0000 	str.w	r0, [r8]
10000b34:	e9c8 1201 	strd	r1, r2, [r8, #4]
10000b38:	2001      	movs	r0, #1
10000b3a:	f8c8 300c 	str.w	r3, [r8, #12]
10000b3e:	e8bd 81f0 	ldmia.w	sp!, {r4, r5, r6, r7, r8, pc}
10000b42:	2000      	movs	r0, #0
10000b44:	e8bd 81f0 	ldmia.w	sp!, {r4, r5, r6, r7, r8, pc}
10000b48:	4770      	bx	lr
10000b4a:	4638      	mov	r0, r7
10000b4c:	e7fa      	b.n	10000b44 <qpak_find+0x50>
10000b4e:	bf00      	nop

10000b50 <qpak_map>:
10000b50:	e92d 41f0 	stmdb	sp!, {r4, r5, r6, r7, r8, lr}
10000b54:	b082      	sub	sp, #8
10000b56:	4604      	mov	r4, r0
10000b58:	4615      	mov	r5, r2
10000b5a:	9301      	str	r3, [sp, #4]
10000b5c:	f7ff fe0a 	bl	10000774 <file_range>
10000b60:	b380      	cbz	r0, 10000bc4 <qpak_map+0x74>
10000b62:	9b01      	ldr	r3, [sp, #4]
10000b64:	b34b      	cbz	r3, 10000bba <qpak_map+0x6a>
10000b66:	f04f 0c00 	mov.w	ip, #0
10000b6a:	6849      	ldr	r1, [r1, #4]
10000b6c:	6826      	ldr	r6, [r4, #0]
10000b6e:	6962      	ldr	r2, [r4, #20]
10000b70:	eb01 3115 	add.w	r1, r1, r5, lsr #12
10000b74:	eb06 1101 	add.w	r1, r6, r1, lsl #4
10000b78:	4664      	mov	r4, ip
10000b7a:	f3c5 000b 	ubfx	r0, r5, #0, #12
10000b7e:	4411      	add	r1, r2
10000b80:	e007      	b.n	10000b92 <qpak_map+0x42>
10000b82:	4542      	cmp	r2, r8
10000b84:	d11e      	bne.n	10000bc4 <qpak_map+0x74>
10000b86:	42bd      	cmp	r5, r7
10000b88:	bf94      	ite	ls
10000b8a:	44ac      	addls	ip, r5
10000b8c:	44bc      	addhi	ip, r7
10000b8e:	4563      	cmp	r3, ip
10000b90:	d914      	bls.n	10000bbc <qpak_map+0x6c>
10000b92:	4686      	mov	lr, r0
10000b94:	68c8      	ldr	r0, [r1, #12]
10000b96:	eba3 050c 	sub.w	r5, r3, ip
10000b9a:	eb04 080c 	add.w	r8, r4, ip
10000b9e:	b960      	cbnz	r0, 10000bba <qpak_map+0x6a>
10000ba0:	688a      	ldr	r2, [r1, #8]
10000ba2:	4572      	cmp	r2, lr
10000ba4:	eba2 070e 	sub.w	r7, r2, lr
10000ba8:	d907      	bls.n	10000bba <qpak_map+0x6a>
10000baa:	680a      	ldr	r2, [r1, #0]
10000bac:	3110      	adds	r1, #16
10000bae:	4472      	add	r2, lr
10000bb0:	4432      	add	r2, r6
10000bb2:	2c00      	cmp	r4, #0
10000bb4:	d1e5      	bne.n	10000b82 <qpak_map+0x32>
10000bb6:	4614      	mov	r4, r2
10000bb8:	e7e5      	b.n	10000b86 <qpak_map+0x36>
10000bba:	2400      	movs	r4, #0
10000bbc:	4620      	mov	r0, r4
10000bbe:	b002      	add	sp, #8
10000bc0:	e8bd 81f0 	ldmia.w	sp!, {r4, r5, r6, r7, r8, pc}
10000bc4:	4604      	mov	r4, r0
10000bc6:	4620      	mov	r0, r4
10000bc8:	b002      	add	sp, #8
10000bca:	e8bd 81f0 	ldmia.w	sp!, {r4, r5, r6, r7, r8, pc}
10000bce:	bf00      	nop

10000bd0 <qpak_read>:
10000bd0:	e92d 4ff0 	stmdb	sp!, {r4, r5, r6, r7, r8, r9, sl, fp, lr}
10000bd4:	461f      	mov	r7, r3
10000bd6:	b085      	sub	sp, #20
10000bd8:	f8dd 903c 	ldr.w	r9, [sp, #60]	@ 0x3c
10000bdc:	4690      	mov	r8, r2
10000bde:	464b      	mov	r3, r9
10000be0:	463a      	mov	r2, r7
10000be2:	4683      	mov	fp, r0
10000be4:	f7ff fdc6 	bl	10000774 <file_range>
10000be8:	2800      	cmp	r0, #0
10000bea:	d050      	beq.n	10000c8e <qpak_read+0xbe>
10000bec:	9b0e      	ldr	r3, [sp, #56]	@ 0x38
10000bee:	2b00      	cmp	r3, #0
10000bf0:	d058      	beq.n	10000ca4 <qpak_read+0xd4>
10000bf2:	4605      	mov	r5, r0
10000bf4:	f1b9 0f00 	cmp.w	r9, #0
10000bf8:	d04a      	beq.n	10000c90 <qpak_read+0xc0>
10000bfa:	f108 0309 	add.w	r3, r8, #9
10000bfe:	e9cd 3002 	strd	r3, r0, [sp, #8]
10000c02:	4643      	mov	r3, r8
10000c04:	46b8      	mov	r8, r7
10000c06:	461f      	mov	r7, r3
10000c08:	9101      	str	r1, [sp, #4]
10000c0a:	9b01      	ldr	r3, [sp, #4]
10000c0c:	f8db 0000 	ldr.w	r0, [fp]
10000c10:	685e      	ldr	r6, [r3, #4]
10000c12:	f8db 3014 	ldr.w	r3, [fp, #20]
10000c16:	eb06 3618 	add.w	r6, r6, r8, lsr #12
10000c1a:	eb03 1306 	add.w	r3, r3, r6, lsl #4
10000c1e:	18c5      	adds	r5, r0, r3
10000c20:	68aa      	ldr	r2, [r5, #8]
10000c22:	f3c8 0a0b 	ubfx	sl, r8, #0, #12
10000c26:	4592      	cmp	sl, r2
10000c28:	d231      	bcs.n	10000c8e <qpak_read+0xbe>
10000c2a:	58c3      	ldr	r3, [r0, r3]
10000c2c:	4418      	add	r0, r3
10000c2e:	68eb      	ldr	r3, [r5, #12]
10000c30:	b1b3      	cbz	r3, 10000c60 <qpak_read+0x90>
10000c32:	b367      	cbz	r7, 10000c8e <qpak_read+0xbe>
10000c34:	7a3b      	ldrb	r3, [r7, #8]
10000c36:	b113      	cbz	r3, 10000c3e <qpak_read+0x6e>
10000c38:	683b      	ldr	r3, [r7, #0]
10000c3a:	455b      	cmp	r3, fp
10000c3c:	d02c      	beq.n	10000c98 <qpak_read+0xc8>
10000c3e:	f04f 0300 	mov.w	r3, #0
10000c42:	9a02      	ldr	r2, [sp, #8]
10000c44:	723b      	strb	r3, [r7, #8]
10000c46:	68ab      	ldr	r3, [r5, #8]
10000c48:	6869      	ldr	r1, [r5, #4]
10000c4a:	4614      	mov	r4, r2
10000c4c:	f7ff fdd6 	bl	100007fc <qpak_lz4_decode>
10000c50:	b1e8      	cbz	r0, 10000c8e <qpak_read+0xbe>
10000c52:	f04f 0301 	mov.w	r3, #1
10000c56:	e9c7 b600 	strd	fp, r6, [r7]
10000c5a:	723b      	strb	r3, [r7, #8]
10000c5c:	68aa      	ldr	r2, [r5, #8]
10000c5e:	4620      	mov	r0, r4
10000c60:	eba2 020a 	sub.w	r2, r2, sl
10000c64:	454a      	cmp	r2, r9
10000c66:	bf28      	it	cs
10000c68:	464a      	movcs	r2, r9
10000c6a:	4614      	mov	r4, r2
10000c6c:	eb00 010a 	add.w	r1, r0, sl
10000c70:	980e      	ldr	r0, [sp, #56]	@ 0x38
10000c72:	f007 ff37 	bl	10008ae4 <memcpy>
10000c76:	9b0e      	ldr	r3, [sp, #56]	@ 0x38
10000c78:	ebb9 0904 	subs.w	r9, r9, r4
10000c7c:	4423      	add	r3, r4
10000c7e:	930e      	str	r3, [sp, #56]	@ 0x38
10000c80:	44a0      	add	r8, r4
10000c82:	d1c2      	bne.n	10000c0a <qpak_read+0x3a>
10000c84:	9d03      	ldr	r5, [sp, #12]
10000c86:	4628      	mov	r0, r5
10000c88:	b005      	add	sp, #20
10000c8a:	e8bd 8ff0 	ldmia.w	sp!, {r4, r5, r6, r7, r8, r9, sl, fp, pc}
10000c8e:	2500      	movs	r5, #0
10000c90:	4628      	mov	r0, r5
10000c92:	b005      	add	sp, #20
10000c94:	e8bd 8ff0 	ldmia.w	sp!, {r4, r5, r6, r7, r8, r9, sl, fp, pc}
10000c98:	687b      	ldr	r3, [r7, #4]
10000c9a:	42b3      	cmp	r3, r6
10000c9c:	d1cf      	bne.n	10000c3e <qpak_read+0x6e>
10000c9e:	f107 0409 	add.w	r4, r7, #9
10000ca2:	e7dc      	b.n	10000c5e <qpak_read+0x8e>
10000ca4:	fab9 f589 	clz	r5, r9
10000ca8:	096d      	lsrs	r5, r5, #5
10000caa:	4628      	mov	r0, r5
10000cac:	b005      	add	sp, #20
10000cae:	e8bd 8ff0 	ldmia.w	sp!, {r4, r5, r6, r7, r8, r9, sl, fp, pc}
10000cb2:	bf00      	nop

10000cb4 <qsound_wav>:
10000cb4:	e92d 4ff0 	stmdb	sp!, {r4, r5, r6, r7, r8, r9, sl, fp, lr}
10000cb8:	b089      	sub	sp, #36	@ 0x24
10000cba:	b128      	cbz	r0, 10000cc8 <qsound_wav+0x14>
10000cbc:	b121      	cbz	r1, 10000cc8 <qsound_wav+0x14>
10000cbe:	2a0b      	cmp	r2, #11
10000cc0:	d902      	bls.n	10000cc8 <qsound_wav+0x14>
10000cc2:	780b      	ldrb	r3, [r1, #0]
10000cc4:	2b52      	cmp	r3, #82	@ 0x52
10000cc6:	d004      	beq.n	10000cd2 <qsound_wav+0x1e>
10000cc8:	2400      	movs	r4, #0
10000cca:	4620      	mov	r0, r4
10000ccc:	b009      	add	sp, #36	@ 0x24
10000cce:	e8bd 8ff0 	ldmia.w	sp!, {r4, r5, r6, r7, r8, r9, sl, fp, pc}
10000cd2:	784b      	ldrb	r3, [r1, #1]
10000cd4:	1c4c      	adds	r4, r1, #1
10000cd6:	2b49      	cmp	r3, #73	@ 0x49
10000cd8:	d1f6      	bne.n	10000cc8 <qsound_wav+0x14>
10000cda:	f814 3f01 	ldrb.w	r3, [r4, #1]!
10000cde:	2b46      	cmp	r3, #70	@ 0x46
10000ce0:	d1f2      	bne.n	10000cc8 <qsound_wav+0x14>
10000ce2:	7863      	ldrb	r3, [r4, #1]
10000ce4:	2b46      	cmp	r3, #70	@ 0x46
10000ce6:	d1ef      	bne.n	10000cc8 <qsound_wav+0x14>
10000ce8:	7a0b      	ldrb	r3, [r1, #8]
10000cea:	2b57      	cmp	r3, #87	@ 0x57
10000cec:	d1ec      	bne.n	10000cc8 <qsound_wav+0x14>
10000cee:	7a4b      	ldrb	r3, [r1, #9]
10000cf0:	2b41      	cmp	r3, #65	@ 0x41
10000cf2:	d1e9      	bne.n	10000cc8 <qsound_wav+0x14>
10000cf4:	7a8b      	ldrb	r3, [r1, #10]
10000cf6:	2b56      	cmp	r3, #86	@ 0x56
10000cf8:	d1e6      	bne.n	10000cc8 <qsound_wav+0x14>
10000cfa:	7acb      	ldrb	r3, [r1, #11]
10000cfc:	2b45      	cmp	r3, #69	@ 0x45
10000cfe:	d1e3      	bne.n	10000cc8 <qsound_wav+0x14>
10000d00:	2400      	movs	r4, #0
10000d02:	4682      	mov	sl, r0
10000d04:	230c      	movs	r3, #12
10000d06:	f04f 3bff 	mov.w	fp, #4294967295	@ 0xffffffff
10000d0a:	4626      	mov	r6, r4
10000d0c:	46a0      	mov	r8, r4
10000d0e:	46a1      	mov	r9, r4
10000d10:	4625      	mov	r5, r4
10000d12:	4627      	mov	r7, r4
10000d14:	4610      	mov	r0, r2
10000d16:	e9cd 4402 	strd	r4, r4, [sp, #8]
10000d1a:	e9cd 4404 	strd	r4, r4, [sp, #16]
10000d1e:	9406      	str	r4, [sp, #24]
10000d20:	9401      	str	r4, [sp, #4]
10000d22:	e00e      	b.n	10000d42 <qsound_wav+0x8e>
10000d24:	2a64      	cmp	r2, #100	@ 0x64
10000d26:	d04f      	beq.n	10000dc8 <qsound_wav+0x114>
10000d28:	2a63      	cmp	r2, #99	@ 0x63
10000d2a:	d05f      	beq.n	10000dec <qsound_wav+0x138>
10000d2c:	2a4c      	cmp	r2, #76	@ 0x4c
10000d2e:	d074      	beq.n	10000e1a <qsound_wav+0x166>
10000d30:	f10c 0c01 	add.w	ip, ip, #1
10000d34:	3308      	adds	r3, #8
10000d36:	f02c 0c01 	bic.w	ip, ip, #1
10000d3a:	4463      	add	r3, ip
10000d3c:	4298      	cmp	r0, r3
10000d3e:	f0c0 8096 	bcc.w	10000e6e <qsound_wav+0x1ba>
10000d42:	eba0 0c03 	sub.w	ip, r0, r3
10000d46:	f1bc 0f07 	cmp.w	ip, #7
10000d4a:	f240 8090 	bls.w	10000e6e <qsound_wav+0x1ba>
10000d4e:	eb01 0e03 	add.w	lr, r1, r3
10000d52:	f1ac 0208 	sub.w	r2, ip, #8
10000d56:	f8de c004 	ldr.w	ip, [lr, #4]
10000d5a:	4562      	cmp	r2, ip
10000d5c:	f0c0 8087 	bcc.w	10000e6e <qsound_wav+0x1ba>
10000d60:	5cca      	ldrb	r2, [r1, r3]
10000d62:	2a66      	cmp	r2, #102	@ 0x66
10000d64:	d1de      	bne.n	10000d24 <qsound_wav+0x70>
10000d66:	f89e 2001 	ldrb.w	r2, [lr, #1]
10000d6a:	f10e 0401 	add.w	r4, lr, #1
10000d6e:	2a6d      	cmp	r2, #109	@ 0x6d
10000d70:	d1de      	bne.n	10000d30 <qsound_wav+0x7c>
10000d72:	f814 2f01 	ldrb.w	r2, [r4, #1]!
10000d76:	2a74      	cmp	r2, #116	@ 0x74
10000d78:	d1da      	bne.n	10000d30 <qsound_wav+0x7c>
10000d7a:	7862      	ldrb	r2, [r4, #1]
10000d7c:	2a20      	cmp	r2, #32
10000d7e:	d1d7      	bne.n	10000d30 <qsound_wav+0x7c>
10000d80:	f1bc 0f0f 	cmp.w	ip, #15
10000d84:	d9a0      	bls.n	10000cc8 <qsound_wav+0x14>
10000d86:	f8be 2008 	ldrh.w	r2, [lr, #8]
10000d8a:	2a01      	cmp	r2, #1
10000d8c:	d19c      	bne.n	10000cc8 <qsound_wav+0x14>
10000d8e:	f8be 200a 	ldrh.w	r2, [lr, #10]
10000d92:	2a01      	cmp	r2, #1
10000d94:	d198      	bne.n	10000cc8 <qsound_wav+0x14>
10000d96:	f8be 4016 	ldrh.w	r4, [lr, #22]
10000d9a:	2c08      	cmp	r4, #8
10000d9c:	d001      	beq.n	10000da2 <qsound_wav+0xee>
10000d9e:	2c10      	cmp	r4, #16
10000da0:	d192      	bne.n	10000cc8 <qsound_wav+0x14>
10000da2:	f8be 2014 	ldrh.w	r2, [lr, #20]
10000da6:	f3c4 07c7 	ubfx	r7, r4, #3, #8
10000daa:	ebb2 0fd4 	cmp.w	r2, r4, lsr #3
10000dae:	d18b      	bne.n	10000cc8 <qsound_wav+0x14>
10000db0:	f642 3211 	movw	r2, #11025	@ 0x2b11
10000db4:	f8de 500c 	ldr.w	r5, [lr, #12]
10000db8:	4295      	cmp	r5, r2
10000dba:	d003      	beq.n	10000dc4 <qsound_wav+0x110>
10000dbc:	f245 6222 	movw	r2, #22050	@ 0x5622
10000dc0:	4295      	cmp	r5, r2
10000dc2:	d181      	bne.n	10000cc8 <qsound_wav+0x14>
10000dc4:	2601      	movs	r6, #1
10000dc6:	e7b3      	b.n	10000d30 <qsound_wav+0x7c>
10000dc8:	f89e 2001 	ldrb.w	r2, [lr, #1]
10000dcc:	f10e 0401 	add.w	r4, lr, #1
10000dd0:	2a61      	cmp	r2, #97	@ 0x61
10000dd2:	d1ad      	bne.n	10000d30 <qsound_wav+0x7c>
10000dd4:	f814 2f01 	ldrb.w	r2, [r4, #1]!
10000dd8:	2a74      	cmp	r2, #116	@ 0x74
10000dda:	d1a9      	bne.n	10000d30 <qsound_wav+0x7c>
10000ddc:	7862      	ldrb	r2, [r4, #1]
10000dde:	f10e 0e08 	add.w	lr, lr, #8
10000de2:	2a61      	cmp	r2, #97	@ 0x61
10000de4:	bf04      	itt	eq
10000de6:	46f0      	moveq	r8, lr
10000de8:	46e1      	moveq	r9, ip
10000dea:	e7a1      	b.n	10000d30 <qsound_wav+0x7c>
10000dec:	f89e 2001 	ldrb.w	r2, [lr, #1]
10000df0:	2a75      	cmp	r2, #117	@ 0x75
10000df2:	d19d      	bne.n	10000d30 <qsound_wav+0x7c>
10000df4:	f89e 2002 	ldrb.w	r2, [lr, #2]
10000df8:	2a65      	cmp	r2, #101	@ 0x65
10000dfa:	d199      	bne.n	10000d30 <qsound_wav+0x7c>
10000dfc:	f89e 2003 	ldrb.w	r2, [lr, #3]
10000e00:	2a20      	cmp	r2, #32
10000e02:	d195      	bne.n	10000d30 <qsound_wav+0x7c>
10000e04:	f1bc 0f1b 	cmp.w	ip, #27
10000e08:	d992      	bls.n	10000d30 <qsound_wav+0x7c>
10000e0a:	f8de 2008 	ldr.w	r2, [lr, #8]
10000e0e:	2a00      	cmp	r2, #0
10000e10:	d08e      	beq.n	10000d30 <qsound_wav+0x7c>
10000e12:	f8de 2020 	ldr.w	r2, [lr, #32]
10000e16:	4693      	mov	fp, r2
10000e18:	e78a      	b.n	10000d30 <qsound_wav+0x7c>
10000e1a:	f89e 2001 	ldrb.w	r2, [lr, #1]
10000e1e:	f10e 0401 	add.w	r4, lr, #1
10000e22:	2a49      	cmp	r2, #73	@ 0x49
10000e24:	d184      	bne.n	10000d30 <qsound_wav+0x7c>
10000e26:	f814 2f01 	ldrb.w	r2, [r4, #1]!
10000e2a:	2a53      	cmp	r2, #83	@ 0x53
10000e2c:	d180      	bne.n	10000d30 <qsound_wav+0x7c>
10000e2e:	7862      	ldrb	r2, [r4, #1]
10000e30:	2a54      	cmp	r2, #84	@ 0x54
10000e32:	f47f af7d 	bne.w	10000d30 <qsound_wav+0x7c>
10000e36:	f1bc 0f17 	cmp.w	ip, #23
10000e3a:	f67f af79 	bls.w	10000d30 <qsound_wav+0x7c>
10000e3e:	f89e 201c 	ldrb.w	r2, [lr, #28]
10000e42:	2a6d      	cmp	r2, #109	@ 0x6d
10000e44:	f47f af74 	bne.w	10000d30 <qsound_wav+0x7c>
10000e48:	f89e 201d 	ldrb.w	r2, [lr, #29]
10000e4c:	2a61      	cmp	r2, #97	@ 0x61
10000e4e:	f47f af6f 	bne.w	10000d30 <qsound_wav+0x7c>
10000e52:	f89e 201e 	ldrb.w	r2, [lr, #30]
10000e56:	2a72      	cmp	r2, #114	@ 0x72
10000e58:	f47f af6a 	bne.w	10000d30 <qsound_wav+0x7c>
10000e5c:	f89e 201f 	ldrb.w	r2, [lr, #31]
10000e60:	2a6b      	cmp	r2, #107	@ 0x6b
10000e62:	f47f af65 	bne.w	10000d30 <qsound_wav+0x7c>
10000e66:	f8de 2018 	ldr.w	r2, [lr, #24]
10000e6a:	9201      	str	r2, [sp, #4]
10000e6c:	e760      	b.n	10000d30 <qsound_wav+0x7c>
10000e6e:	4634      	mov	r4, r6
10000e70:	2e00      	cmp	r6, #0
10000e72:	f43f af29 	beq.w	10000cc8 <qsound_wav+0x14>
10000e76:	f1b8 0f00 	cmp.w	r8, #0
10000e7a:	f43f af25 	beq.w	10000cc8 <qsound_wav+0x14>
10000e7e:	f1b9 0f00 	cmp.w	r9, #0
10000e82:	f43f af21 	beq.w	10000cc8 <qsound_wav+0x14>
10000e86:	f1bb 3fff 	cmp.w	fp, #4294967295	@ 0xffffffff
10000e8a:	f6ff af1d 	blt.w	10000cc8 <qsound_wav+0x14>
10000e8e:	fbb9 f2f7 	udiv	r2, r9, r7
10000e92:	fb07 9312 	mls	r3, r7, r2, r9
10000e96:	2b00      	cmp	r3, #0
10000e98:	f47f af16 	bne.w	10000cc8 <qsound_wav+0x14>
10000e9c:	f1bb 3fff 	cmp.w	fp, #4294967295	@ 0xffffffff
10000ea0:	d00b      	beq.n	10000eba <qsound_wav+0x206>
10000ea2:	455a      	cmp	r2, fp
10000ea4:	f67f af10 	bls.w	10000cc8 <qsound_wav+0x14>
10000ea8:	9b01      	ldr	r3, [sp, #4]
10000eaa:	b133      	cbz	r3, 10000eba <qsound_wav+0x206>
10000eac:	eba2 020b 	sub.w	r2, r2, fp
10000eb0:	429a      	cmp	r2, r3
10000eb2:	f4ff af09 	bcc.w	10000cc8 <qsound_wav+0x14>
10000eb6:	eb03 020b 	add.w	r2, r3, fp
10000eba:	9504      	str	r5, [sp, #16]
10000ebc:	4655      	mov	r5, sl
10000ebe:	e9cd 8202 	strd	r8, r2, [sp, #8]
10000ec2:	f10d 0c08 	add.w	ip, sp, #8
10000ec6:	f8cd b014 	str.w	fp, [sp, #20]
10000eca:	e8bc 000f 	ldmia.w	ip!, {r0, r1, r2, r3}
10000ece:	c50f      	stmia	r5!, {r0, r1, r2, r3}
10000ed0:	f88d 7018 	strb.w	r7, [sp, #24]
10000ed4:	f8dc 3000 	ldr.w	r3, [ip]
10000ed8:	602b      	str	r3, [r5, #0]
10000eda:	e6f6      	b.n	10000cca <qsound_wav+0x16>

10000edc <qmix_start>:
10000edc:	2907      	cmp	r1, #7
10000ede:	d851      	bhi.n	10000f84 <qmix_start+0xa8>
10000ee0:	2a00      	cmp	r2, #0
10000ee2:	d04f      	beq.n	10000f84 <qmix_start+0xa8>
10000ee4:	e92d 41f0 	stmdb	sp!, {r4, r5, r6, r7, r8, lr}
10000ee8:	6814      	ldr	r4, [r2, #0]
10000eea:	b086      	sub	sp, #24
10000eec:	2c00      	cmp	r4, #0
10000eee:	d046      	beq.n	10000f7e <qmix_start+0xa2>
10000ef0:	f8d2 c004 	ldr.w	ip, [r2, #4]
10000ef4:	f1bc 0f00 	cmp.w	ip, #0
10000ef8:	d041      	beq.n	10000f7e <qmix_start+0xa2>
10000efa:	f642 3411 	movw	r4, #11025	@ 0x2b11
10000efe:	f8d2 e008 	ldr.w	lr, [r2, #8]
10000f02:	45a6      	cmp	lr, r4
10000f04:	d003      	beq.n	10000f0e <qmix_start+0x32>
10000f06:	f245 6422 	movw	r4, #22050	@ 0x5622
10000f0a:	45a6      	cmp	lr, r4
10000f0c:	d137      	bne.n	10000f7e <qmix_start+0xa2>
10000f0e:	f892 e010 	ldrb.w	lr, [r2, #16]
10000f12:	f10e 3eff 	add.w	lr, lr, #4294967295	@ 0xffffffff
10000f16:	f1be 0f01 	cmp.w	lr, #1
10000f1a:	d830      	bhi.n	10000f7e <qmix_start+0xa2>
10000f1c:	f8d2 e00c 	ldr.w	lr, [r2, #12]
10000f20:	f1be 3fff 	cmp.w	lr, #4294967295	@ 0xffffffff
10000f24:	db2b      	blt.n	10000f7e <qmix_start+0xa2>
10000f26:	d001      	beq.n	10000f2c <qmix_start+0x50>
10000f28:	45f4      	cmp	ip, lr
10000f2a:	d928      	bls.n	10000f7e <qmix_start+0xa2>
10000f2c:	4694      	mov	ip, r2
10000f2e:	eb01 01c1 	add.w	r1, r1, r1, lsl #3
10000f32:	ac01      	add	r4, sp, #4
10000f34:	eb00 0781 	add.w	r7, r0, r1, lsl #2
10000f38:	461d      	mov	r5, r3
10000f3a:	e8bc 000f 	ldmia.w	ip!, {r0, r1, r2, r3}
10000f3e:	c40f      	stmia	r4!, {r0, r1, r2, r3}
10000f40:	f8dc 3000 	ldr.w	r3, [ip]
10000f44:	2224      	movs	r2, #36	@ 0x24
10000f46:	2100      	movs	r1, #0
10000f48:	4638      	mov	r0, r7
10000f4a:	6023      	str	r3, [r4, #0]
10000f4c:	f007 fc5e 	bl	1000880c <memset>
10000f50:	46be      	mov	lr, r7
10000f52:	6826      	ldr	r6, [r4, #0]
10000f54:	9c0c      	ldr	r4, [sp, #48]	@ 0x30
10000f56:	2dff      	cmp	r5, #255	@ 0xff
10000f58:	bf28      	it	cs
10000f5a:	25ff      	movcs	r5, #255	@ 0xff
10000f5c:	f10d 0c04 	add.w	ip, sp, #4
10000f60:	2cff      	cmp	r4, #255	@ 0xff
10000f62:	e8bc 000f 	ldmia.w	ip!, {r0, r1, r2, r3}
10000f66:	bf28      	it	cs
10000f68:	24ff      	movcs	r4, #255	@ 0xff
10000f6a:	e8ae 000f 	stmia.w	lr!, {r0, r1, r2, r3}
10000f6e:	f04f 0201 	mov.w	r2, #1
10000f72:	f8ce 6000 	str.w	r6, [lr]
10000f76:	83bd      	strh	r5, [r7, #28]
10000f78:	83fc      	strh	r4, [r7, #30]
10000f7a:	f887 2020 	strb.w	r2, [r7, #32]
10000f7e:	b006      	add	sp, #24
10000f80:	e8bd 81f0 	ldmia.w	sp!, {r4, r5, r6, r7, r8, pc}
10000f84:	4770      	bx	lr
10000f86:	bf00      	nop

10000f88 <qmix_stop>:
10000f88:	2907      	cmp	r1, #7
10000f8a:	d806      	bhi.n	10000f9a <qmix_stop+0x12>
10000f8c:	2300      	movs	r3, #0
10000f8e:	eb01 01c1 	add.w	r1, r1, r1, lsl #3
10000f92:	eb00 0081 	add.w	r0, r0, r1, lsl #2
10000f96:	f880 3020 	strb.w	r3, [r0, #32]
10000f9a:	4770      	bx	lr

10000f9c <qmix_render>:
10000f9c:	2a00      	cmp	r2, #0
10000f9e:	d065      	beq.n	1000106c <qmix_render+0xd0>
10000fa0:	e92d 4ff0 	stmdb	sp!, {r4, r5, r6, r7, r8, r9, sl, fp, lr}
10000fa4:	4607      	mov	r7, r0
10000fa6:	f04f 0900 	mov.w	r9, #0
10000faa:	f245 6021 	movw	r0, #22049	@ 0x5621
10000fae:	f06f 087f 	mvn.w	r8, #127	@ 0x7f
10000fb2:	1e8d      	subs	r5, r1, #2
10000fb4:	b083      	sub	sp, #12
10000fb6:	eb05 0342 	add.w	r3, r5, r2, lsl #1
10000fba:	4c2d      	ldr	r4, [pc, #180]	@ (10001070 <qmix_render+0xd4>)
10000fbc:	9301      	str	r3, [sp, #4]
10000fbe:	f507 7e90 	add.w	lr, r7, #288	@ 0x120
10000fc2:	463b      	mov	r3, r7
10000fc4:	f04f 0c00 	mov.w	ip, #0
10000fc8:	e003      	b.n	10000fd2 <qmix_render+0x36>
10000fca:	619a      	str	r2, [r3, #24]
10000fcc:	3324      	adds	r3, #36	@ 0x24
10000fce:	4573      	cmp	r3, lr
10000fd0:	d036      	beq.n	10001040 <qmix_render+0xa4>
10000fd2:	f893 2020 	ldrb.w	r2, [r3, #32]
10000fd6:	2a00      	cmp	r2, #0
10000fd8:	d0f8      	beq.n	10000fcc <qmix_render+0x30>
10000fda:	f893 a010 	ldrb.w	sl, [r3, #16]
10000fde:	681a      	ldr	r2, [r3, #0]
10000fe0:	f1ba 0f01 	cmp.w	sl, #1
10000fe4:	6959      	ldr	r1, [r3, #20]
10000fe6:	d03d      	beq.n	10001064 <qmix_render+0xc8>
10000fe8:	f932 2011 	ldrsh.w	r2, [r2, r1, lsl #1]
10000fec:	2a00      	cmp	r2, #0
10000fee:	bfb8      	it	lt
10000ff0:	32ff      	addlt	r2, #255	@ 0xff
10000ff2:	ea4f 2a22 	mov.w	sl, r2, asr #8
10000ff6:	f8b3 b01e 	ldrh.w	fp, [r3, #30]
10000ffa:	8b9a      	ldrh	r2, [r3, #28]
10000ffc:	689e      	ldr	r6, [r3, #8]
10000ffe:	445a      	add	r2, fp
10001000:	fb0a f202 	mul.w	r2, sl, r2
10001004:	fb84 ba02 	smull	fp, sl, r4, r2
10001008:	4492      	add	sl, r2
1000100a:	17d2      	asrs	r2, r2, #31
1000100c:	ebc2 2a2a 	rsb	sl, r2, sl, asr #8
10001010:	699a      	ldr	r2, [r3, #24]
10001012:	44d4      	add	ip, sl
10001014:	4432      	add	r2, r6
10001016:	4282      	cmp	r2, r0
10001018:	d9d7      	bls.n	10000fca <qmix_render+0x2e>
1000101a:	f5a2 42ac 	sub.w	r2, r2, #22016	@ 0x5600
1000101e:	3a22      	subs	r2, #34	@ 0x22
10001020:	3101      	adds	r1, #1
10001022:	e9c3 1205 	strd	r1, r2, [r3, #20]
10001026:	685a      	ldr	r2, [r3, #4]
10001028:	4291      	cmp	r1, r2
1000102a:	d1cf      	bne.n	10000fcc <qmix_render+0x30>
1000102c:	68da      	ldr	r2, [r3, #12]
1000102e:	3324      	adds	r3, #36	@ 0x24
10001030:	2a00      	cmp	r2, #0
10001032:	bfac      	ite	ge
10001034:	f843 2c10 	strge.w	r2, [r3, #-16]
10001038:	f803 9c04 	strblt.w	r9, [r3, #-4]
1000103c:	4573      	cmp	r3, lr
1000103e:	d1c8      	bne.n	10000fd2 <qmix_render+0x36>
10001040:	45c4      	cmp	ip, r8
10001042:	bfb8      	it	lt
10001044:	46c4      	movlt	ip, r8
10001046:	f1bc 0f7f 	cmp.w	ip, #127	@ 0x7f
1000104a:	bfa8      	it	ge
1000104c:	f04f 0c7f 	movge.w	ip, #127	@ 0x7f
10001050:	9b01      	ldr	r3, [sp, #4]
10001052:	f10c 0c80 	add.w	ip, ip, #128	@ 0x80
10001056:	f825 cf02 	strh.w	ip, [r5, #2]!
1000105a:	42ab      	cmp	r3, r5
1000105c:	d1b1      	bne.n	10000fc2 <qmix_render+0x26>
1000105e:	b003      	add	sp, #12
10001060:	e8bd 8ff0 	ldmia.w	sp!, {r4, r5, r6, r7, r8, r9, sl, fp, pc}
10001064:	5c52      	ldrb	r2, [r2, r1]
10001066:	f1a2 0a80 	sub.w	sl, r2, #128	@ 0x80
1000106a:	e7c4      	b.n	10000ff6 <qmix_render+0x5a>
1000106c:	4770      	bx	lr
1000106e:	bf00      	nop
10001070:	80808081 	.word	0x80808081

10001074 <audio_dma_irq>:
10001074:	f04f 41a0 	mov.w	r1, #1342177280	@ 0x50000000
10001078:	2301      	movs	r3, #1
1000107a:	4a0f      	ldr	r2, [pc, #60]	@ (100010b8 <audio_dma_irq+0x44>)
1000107c:	b410      	push	{r4}
1000107e:	6814      	ldr	r4, [r2, #0]
10001080:	f8d1 040c 	ldr.w	r0, [r1, #1036]	@ 0x40c
10001084:	40a3      	lsls	r3, r4
10001086:	4203      	tst	r3, r0
10001088:	d006      	beq.n	10001098 <audio_dma_irq+0x24>
1000108a:	f04f 0c00 	mov.w	ip, #0
1000108e:	480b      	ldr	r0, [pc, #44]	@ (100010bc <audio_dma_irq+0x48>)
10001090:	f8c1 340c 	str.w	r3, [r1, #1036]	@ 0x40c
10001094:	f880 c000 	strb.w	ip, [r0]
10001098:	f04f 41a0 	mov.w	r1, #1342177280	@ 0x50000000
1000109c:	2301      	movs	r3, #1
1000109e:	6850      	ldr	r0, [r2, #4]
100010a0:	f8d1 240c 	ldr.w	r2, [r1, #1036]	@ 0x40c
100010a4:	4083      	lsls	r3, r0
100010a6:	421a      	tst	r2, r3
100010a8:	d004      	beq.n	100010b4 <audio_dma_irq+0x40>
100010aa:	2000      	movs	r0, #0
100010ac:	4a03      	ldr	r2, [pc, #12]	@ (100010bc <audio_dma_irq+0x48>)
100010ae:	f8c1 340c 	str.w	r3, [r1, #1036]	@ 0x40c
100010b2:	7050      	strb	r0, [r2, #1]
100010b4:	bc10      	pop	{r4}
100010b6:	4770      	bx	lr
100010b8:	200010b8 	.word	0x200010b8
100010bc:	20011330 	.word	0x20011330

100010c0 <input_service>:
100010c0:	b530      	push	{r4, r5, lr}
100010c2:	4b1f      	ldr	r3, [pc, #124]	@ (10001140 <input_service+0x80>)
100010c4:	4c1f      	ldr	r4, [pc, #124]	@ (10001144 <input_service+0x84>)
100010c6:	6a9a      	ldr	r2, [r3, #40]	@ 0x28
100010c8:	6823      	ldr	r3, [r4, #0]
100010ca:	b085      	sub	sp, #20
100010cc:	1ad3      	subs	r3, r2, r3
100010ce:	2b00      	cmp	r3, #0
100010d0:	db2a      	blt.n	10001128 <input_service+0x68>
100010d2:	481d      	ldr	r0, [pc, #116]	@ (10001148 <input_service+0x88>)
100010d4:	f10d 010e 	add.w	r1, sp, #14
100010d8:	9201      	str	r2, [sp, #4]
100010da:	f001 f8df 	bl	1000229c <qwstpad_read_buttons>
100010de:	9a01      	ldr	r2, [sp, #4]
100010e0:	f502 521c 	add.w	r2, r2, #9984	@ 0x2700
100010e4:	3210      	adds	r2, #16
100010e6:	b308      	cbz	r0, 1000112c <input_service+0x6c>
100010e8:	f8bd 300e 	ldrh.w	r3, [sp, #14]
100010ec:	4917      	ldr	r1, [pc, #92]	@ (1000114c <input_service+0x8c>)
100010ee:	f3c3 0309 	ubfx	r3, r3, #0, #10
100010f2:	f8ad 300e 	strh.w	r3, [sp, #14]
100010f6:	e8c1 3f9f 	stlh	r3, [r1]
100010fa:	4815      	ldr	r0, [pc, #84]	@ (10001150 <input_service+0x90>)
100010fc:	f8bd c00e 	ldrh.w	ip, [sp, #14]
10001100:	6801      	ldr	r1, [r0, #0]
10001102:	0c0b      	lsrs	r3, r1, #16
10001104:	041b      	lsls	r3, r3, #16
10001106:	ea43 030c 	orr.w	r3, r3, ip
1000110a:	ea2c 0e01 	bic.w	lr, ip, r1
1000110e:	ea43 430e 	orr.w	r3, r3, lr, lsl #16
10001112:	e850 ef00 	ldrex	lr, [r0]
10001116:	458e      	cmp	lr, r1
10001118:	d103      	bne.n	10001122 <input_service+0x62>
1000111a:	e8c0 3fe5 	stlex	r5, r3, [r0]
1000111e:	2d00      	cmp	r5, #0
10001120:	d1f7      	bne.n	10001112 <input_service+0x52>
10001122:	4671      	mov	r1, lr
10001124:	d1ed      	bne.n	10001102 <input_service+0x42>
10001126:	6022      	str	r2, [r4, #0]
10001128:	b005      	add	sp, #20
1000112a:	bd30      	pop	{r4, r5, pc}
1000112c:	4b09      	ldr	r3, [pc, #36]	@ (10001154 <input_service+0x94>)
1000112e:	e853 0f00 	ldrex	r0, [r3]
10001132:	3001      	adds	r0, #1
10001134:	e843 0100 	strex	r1, r0, [r3]
10001138:	2900      	cmp	r1, #0
1000113a:	d0f4      	beq.n	10001126 <input_service+0x66>
1000113c:	e7f7      	b.n	1000112e <input_service+0x6e>
1000113e:	bf00      	nop
10001140:	400b0000 	.word	0x400b0000
10001144:	200139fc 	.word	0x200139fc
10001148:	200131c8 	.word	0x200131c8
1000114c:	2001484c 	.word	0x2001484c
10001150:	20013d4c 	.word	0x20013d4c
10001154:	20013d64 	.word	0x20013d64

10001158 <audio_service>:
10001158:	e92d 4ff0 	stmdb	sp!, {r4, r5, r6, r7, r8, r9, sl, fp, lr}
1000115c:	f04f 0902 	mov.w	r9, #2
10001160:	4e64      	ldr	r6, [pc, #400]	@ (100012f4 <audio_service+0x19c>)
10001162:	f8df 81b0 	ldr.w	r8, [pc, #432]	@ 10001314 <audio_service+0x1bc>
10001166:	4c64      	ldr	r4, [pc, #400]	@ (100012f8 <audio_service+0x1a0>)
10001168:	4f64      	ldr	r7, [pc, #400]	@ (100012fc <audio_service+0x1a4>)
1000116a:	b083      	sub	sp, #12
1000116c:	6835      	ldr	r5, [r6, #0]
1000116e:	f818 3005 	ldrb.w	r3, [r8, r5]
10001172:	f003 01ff 	and.w	r1, r3, #255	@ 0xff
10001176:	2b00      	cmp	r3, #0
10001178:	d15f      	bne.n	1000123a <audio_service+0xe2>
1000117a:	6823      	ldr	r3, [r4, #0]
1000117c:	2b7f      	cmp	r3, #127	@ 0x7f
1000117e:	d95f      	bls.n	10001240 <audio_service+0xe8>
10001180:	2d01      	cmp	r5, #1
10001182:	d85a      	bhi.n	1000123a <audio_service+0xe2>
10001184:	f8df b190 	ldr.w	fp, [pc, #400]	@ 10001318 <audio_service+0x1c0>
10001188:	f85b 3025 	ldr.w	r3, [fp, r5, lsl #2]
1000118c:	2b00      	cmp	r3, #0
1000118e:	db54      	blt.n	1000123a <audio_service+0xe2>
10001190:	f818 3005 	ldrb.w	r3, [r8, r5]
10001194:	2b00      	cmp	r3, #0
10001196:	d150      	bne.n	1000123a <audio_service+0xe2>
10001198:	f8df a180 	ldr.w	sl, [pc, #384]	@ 1000131c <audio_service+0x1c4>
1000119c:	4b58      	ldr	r3, [pc, #352]	@ (10001300 <audio_service+0x1a8>)
1000119e:	f8da 1000 	ldr.w	r1, [sl]
100011a2:	4858      	ldr	r0, [pc, #352]	@ (10001304 <audio_service+0x1ac>)
100011a4:	f44f 7280 	mov.w	r2, #256	@ 0x100
100011a8:	eb00 0141 	add.w	r1, r0, r1, lsl #1
100011ac:	eb03 2005 	add.w	r0, r3, r5, lsl #8
100011b0:	f007 fc98 	bl	10008ae4 <memcpy>
100011b4:	4603      	mov	r3, r0
100011b6:	f3ef 8110 	mrs	r1, PRIMASK
100011ba:	b672      	cpsid	i
100011bc:	2201      	movs	r2, #1
100011be:	f04f 0c80 	mov.w	ip, #128	@ 0x80
100011c2:	f85b 0025 	ldr.w	r0, [fp, r5, lsl #2]
100011c6:	f808 2005 	strb.w	r2, [r8, r5]
100011ca:	f8db 2000 	ldr.w	r2, [fp]
100011ce:	ea4f 1e80 	mov.w	lr, r0, lsl #6
100011d2:	f10e 4ea0 	add.w	lr, lr, #1342177280	@ 0x50000000
100011d6:	0192      	lsls	r2, r2, #6
100011d8:	f102 42a0 	add.w	r2, r2, #1342177280	@ 0x50000000
100011dc:	f8ce 3000 	str.w	r3, [lr]
100011e0:	f8ce c008 	str.w	ip, [lr, #8]
100011e4:	6913      	ldr	r3, [r2, #16]
100011e6:	015a      	lsls	r2, r3, #5
100011e8:	d407      	bmi.n	100011fa <audio_service+0xa2>
100011ea:	f8db 3004 	ldr.w	r3, [fp, #4]
100011ee:	019b      	lsls	r3, r3, #6
100011f0:	f103 43a0 	add.w	r3, r3, #1342177280	@ 0x50000000
100011f4:	691b      	ldr	r3, [r3, #16]
100011f6:	015b      	lsls	r3, r3, #5
100011f8:	d55f      	bpl.n	100012ba <audio_service+0x162>
100011fa:	f381 8810 	msr	PRIMASK, r1
100011fe:	f8da 2000 	ldr.w	r2, [sl]
10001202:	f5b2 7f60 	cmp.w	r2, #896	@ 0x380
10001206:	f102 0380 	add.w	r3, r2, #128	@ 0x80
1000120a:	bf08      	it	eq
1000120c:	2300      	moveq	r3, #0
1000120e:	6822      	ldr	r2, [r4, #0]
10001210:	f8ca 3000 	str.w	r3, [sl]
10001214:	3a80      	subs	r2, #128	@ 0x80
10001216:	6022      	str	r2, [r4, #0]
10001218:	6832      	ldr	r2, [r6, #0]
1000121a:	f082 0201 	eor.w	r2, r2, #1
1000121e:	6032      	str	r2, [r6, #0]
10001220:	e857 3f00 	ldrex	r3, [r7]
10001224:	3301      	adds	r3, #1
10001226:	e847 3200 	strex	r2, r3, [r7]
1000122a:	2a00      	cmp	r2, #0
1000122c:	d1f8      	bne.n	10001220 <audio_service+0xc8>
1000122e:	f1b9 0f01 	cmp.w	r9, #1
10001232:	d002      	beq.n	1000123a <audio_service+0xe2>
10001234:	f04f 0901 	mov.w	r9, #1
10001238:	e798      	b.n	1000116c <audio_service+0x14>
1000123a:	b003      	add	sp, #12
1000123c:	e8bd 8ff0 	ldmia.w	sp!, {r4, r5, r6, r7, r8, r9, sl, fp, pc}
10001240:	f8df b0dc 	ldr.w	fp, [pc, #220]	@ 10001320 <audio_service+0x1c8>
10001244:	f8db 3000 	ldr.w	r3, [fp]
10001248:	e8d3 0fcf 	ldaexb	r0, [r3]
1000124c:	2201      	movs	r2, #1
1000124e:	2800      	cmp	r0, #0
10001250:	d1fa      	bne.n	10001248 <audio_service+0xf0>
10001252:	e8c3 2f40 	strexb	r0, r2, [r3]
10001256:	2800      	cmp	r0, #0
10001258:	d1f6      	bne.n	10001248 <audio_service+0xf0>
1000125a:	f3bf 8f5f 	dmb	sy
1000125e:	6822      	ldr	r2, [r4, #0]
10001260:	2a7f      	cmp	r2, #127	@ 0x7f
10001262:	d842      	bhi.n	100012ea <audio_service+0x192>
10001264:	e9cd 5900 	strd	r5, r9, [sp]
10001268:	f8df a0b8 	ldr.w	sl, [pc, #184]	@ 10001324 <audio_service+0x1cc>
1000126c:	4d25      	ldr	r5, [pc, #148]	@ (10001304 <audio_service+0x1ac>)
1000126e:	f8da 1000 	ldr.w	r1, [sl]
10001272:	f1c2 0280 	rsb	r2, r2, #128	@ 0x80
10001276:	f5c1 6380 	rsb	r3, r1, #1024	@ 0x400
1000127a:	429a      	cmp	r2, r3
1000127c:	bf28      	it	cs
1000127e:	461a      	movcs	r2, r3
10001280:	4691      	mov	r9, r2
10001282:	4821      	ldr	r0, [pc, #132]	@ (10001308 <audio_service+0x1b0>)
10001284:	eb05 0141 	add.w	r1, r5, r1, lsl #1
10001288:	f7ff fe88 	bl	10000f9c <qmix_render>
1000128c:	f8da 3000 	ldr.w	r3, [sl]
10001290:	444b      	add	r3, r9
10001292:	f5b3 6f80 	cmp.w	r3, #1024	@ 0x400
10001296:	bf08      	it	eq
10001298:	2300      	moveq	r3, #0
1000129a:	f8ca 3000 	str.w	r3, [sl]
1000129e:	6823      	ldr	r3, [r4, #0]
100012a0:	eb09 0203 	add.w	r2, r9, r3
100012a4:	2a7f      	cmp	r2, #127	@ 0x7f
100012a6:	6022      	str	r2, [r4, #0]
100012a8:	d9e1      	bls.n	1000126e <audio_service+0x116>
100012aa:	e9dd 5900 	ldrd	r5, r9, [sp]
100012ae:	2300      	movs	r3, #0
100012b0:	f8db 2000 	ldr.w	r2, [fp]
100012b4:	e8c2 3f8f 	stlb	r3, [r2]
100012b8:	e762      	b.n	10001180 <audio_service+0x28>
100012ba:	4b14      	ldr	r3, [pc, #80]	@ (1000130c <audio_service+0x1b4>)
100012bc:	781a      	ldrb	r2, [r3, #0]
100012be:	b942      	cbnz	r2, 100012d2 <audio_service+0x17a>
100012c0:	2201      	movs	r2, #1
100012c2:	f04f 45a0 	mov.w	r5, #1342177280	@ 0x50000000
100012c6:	fa02 f000 	lsl.w	r0, r2, r0
100012ca:	f8c5 0450 	str.w	r0, [r5, #1104]	@ 0x450
100012ce:	701a      	strb	r2, [r3, #0]
100012d0:	e793      	b.n	100011fa <audio_service+0xa2>
100012d2:	4a0f      	ldr	r2, [pc, #60]	@ (10001310 <audio_service+0x1b8>)
100012d4:	e852 cf00 	ldrex	ip, [r2]
100012d8:	f10c 0c01 	add.w	ip, ip, #1
100012dc:	e842 c000 	strex	r0, ip, [r2]
100012e0:	2800      	cmp	r0, #0
100012e2:	d1f7      	bne.n	100012d4 <audio_service+0x17c>
100012e4:	f85b 0025 	ldr.w	r0, [fp, r5, lsl #2]
100012e8:	e7ea      	b.n	100012c0 <audio_service+0x168>
100012ea:	f8db 3000 	ldr.w	r3, [fp]
100012ee:	e8c3 1f8f 	stlb	r1, [r3]
100012f2:	e745      	b.n	10001180 <audio_service+0x28>
100012f4:	20011d44 	.word	0x20011d44
100012f8:	20011b34 	.word	0x20011b34
100012fc:	20013d5c 	.word	0x20013d5c
10001300:	20011b40 	.word	0x20011b40
10001304:	20011334 	.word	0x20011334
10001308:	200138d8 	.word	0x200138d8
1000130c:	20014851 	.word	0x20014851
10001310:	20013d60 	.word	0x20013d60
10001314:	20011330 	.word	0x20011330
10001318:	200010b8 	.word	0x200010b8
1000131c:	20011b38 	.word	0x20011b38
10001320:	2001132c 	.word	0x2001132c
10001324:	20011b3c 	.word	0x20011b3c

10001328 <worker>:
10001328:	e92d 4ff0 	stmdb	sp!, {r4, r5, r6, r7, r8, r9, sl, fp, lr}
1000132c:	49cc      	ldr	r1, [pc, #816]	@ (10001660 <worker+0x338>)
1000132e:	b085      	sub	sp, #20
10001330:	48cc      	ldr	r0, [pc, #816]	@ (10001664 <worker+0x33c>)
10001332:	f007 f815 	bl	10008360 <i2c_init>
10001336:	2103      	movs	r1, #3
10001338:	2014      	movs	r0, #20
1000133a:	f000 fff3 	bl	10002324 <gpio_set_function>
1000133e:	2103      	movs	r1, #3
10001340:	2015      	movs	r0, #21
10001342:	f000 ffef 	bl	10002324 <gpio_set_function>
10001346:	2200      	movs	r2, #0
10001348:	2101      	movs	r1, #1
1000134a:	2014      	movs	r0, #20
1000134c:	f001 f808 	bl	10002360 <gpio_set_pulls>
10001350:	2200      	movs	r2, #0
10001352:	2101      	movs	r1, #1
10001354:	2015      	movs	r0, #21
10001356:	f001 f803 	bl	10002360 <gpio_set_pulls>
1000135a:	2300      	movs	r3, #0
1000135c:	2221      	movs	r2, #33	@ 0x21
1000135e:	49c1      	ldr	r1, [pc, #772]	@ (10001664 <worker+0x33c>)
10001360:	48c1      	ldr	r0, [pc, #772]	@ (10001668 <worker+0x340>)
10001362:	f000 ff19 	bl	10002198 <qwstpad_init>
10001366:	2800      	cmp	r0, #0
10001368:	f000 8166 	beq.w	10001638 <worker+0x310>
1000136c:	2001      	movs	r0, #1
1000136e:	f001 f8dd 	bl	1000252c <spin_lock_claim_unused>
10001372:	2400      	movs	r4, #0
10001374:	4bbd      	ldr	r3, [pc, #756]	@ (1000166c <worker+0x344>)
10001376:	4abe      	ldr	r2, [pc, #760]	@ (10001670 <worker+0x348>)
10001378:	4403      	add	r3, r0
1000137a:	21f0      	movs	r1, #240	@ 0xf0
1000137c:	9400      	str	r4, [sp, #0]
1000137e:	f44f 70a0 	mov.w	r0, #320	@ 0x140
10001382:	6013      	str	r3, [r2, #0]
10001384:	4623      	mov	r3, r4
10001386:	4622      	mov	r2, r4
10001388:	f000 fb4e 	bl	10001a28 <st7789_init>
1000138c:	4620      	mov	r0, r4
1000138e:	f000 fafb 	bl	10001988 <st7789_set_backlight>
10001392:	4621      	mov	r1, r4
10001394:	f44f 7220 	mov.w	r2, #640	@ 0x280
10001398:	48b6      	ldr	r0, [pc, #728]	@ (10001674 <worker+0x34c>)
1000139a:	f007 fa37 	bl	1000880c <memset>
1000139e:	4621      	mov	r1, r4
100013a0:	4620      	mov	r0, r4
100013a2:	23f0      	movs	r3, #240	@ 0xf0
100013a4:	f44f 72a0 	mov.w	r2, #320	@ 0x140
100013a8:	f000 fb1a 	bl	100019e0 <st7789_set_window>
100013ac:	24f0      	movs	r4, #240	@ 0xf0
100013ae:	f000 fa85 	bl	100018bc <st7789_start_write>
100013b2:	f44f 7120 	mov.w	r1, #640	@ 0x280
100013b6:	48af      	ldr	r0, [pc, #700]	@ (10001674 <worker+0x34c>)
100013b8:	f000 fa56 	bl	10001868 <st7789_write_dma>
100013bc:	3c01      	subs	r4, #1
100013be:	d1f8      	bne.n	100013b2 <worker+0x8a>
100013c0:	f000 faa0 	bl	10001904 <st7789_end_write>
100013c4:	20ff      	movs	r0, #255	@ 0xff
100013c6:	f000 fadf 	bl	10001988 <st7789_set_backlight>
100013ca:	4dab      	ldr	r5, [pc, #684]	@ (10001678 <worker+0x350>)
100013cc:	49ab      	ldr	r1, [pc, #684]	@ (1000167c <worker+0x354>)
100013ce:	4aac      	ldr	r2, [pc, #688]	@ (10001680 <worker+0x358>)
100013d0:	4bac      	ldr	r3, [pc, #688]	@ (10001684 <worker+0x35c>)
100013d2:	200d      	movs	r0, #13
100013d4:	6014      	str	r4, [r2, #0]
100013d6:	601c      	str	r4, [r3, #0]
100013d8:	602c      	str	r4, [r5, #0]
100013da:	600c      	str	r4, [r1, #0]
100013dc:	f000 ffd2 	bl	10002384 <gpio_init>
100013e0:	230d      	movs	r3, #13
100013e2:	f04f 0201 	mov.w	r2, #1
100013e6:	ec42 3044 	gpioc_bit_oe_put r3, r2
100013ea:	ec44 3040 	gpioc_bit_out_put r3, r4
100013ee:	2104      	movs	r1, #4
100013f0:	200c      	movs	r0, #12
100013f2:	f000 ff97 	bl	10002324 <gpio_set_function>
100013f6:	2306      	movs	r3, #6
100013f8:	f8df 82d0 	ldr.w	r8, [pc, #720]	@ 100016cc <worker+0x3a4>
100013fc:	4da2      	ldr	r5, [pc, #648]	@ (10001688 <worker+0x360>)
100013fe:	2005      	movs	r0, #5
10001400:	602c      	str	r4, [r5, #0]
10001402:	f8c8 3000 	str.w	r3, [r8]
10001406:	f001 ff4b 	bl	100032a0 <clock_get_hz>
1000140a:	2210      	movs	r2, #16
1000140c:	4603      	mov	r3, r0
1000140e:	4621      	mov	r1, r4
10001410:	489e      	ldr	r0, [pc, #632]	@ (1000168c <worker+0x364>)
10001412:	26ff      	movs	r6, #255	@ 0xff
10001414:	fbe3 0102 	umlal	r0, r1, r3, r2
10001418:	2300      	movs	r3, #0
1000141a:	4a9d      	ldr	r2, [pc, #628]	@ (10001690 <worker+0x368>)
1000141c:	f007 fc14 	bl	10008c48 <____aeabi_uldivmod_veneer>
10001420:	f8d8 3000 	ldr.w	r3, [r8]
10001424:	682d      	ldr	r5, [r5, #0]
10001426:	eb03 0383 	add.w	r3, r3, r3, lsl #2
1000142a:	009b      	lsls	r3, r3, #2
1000142c:	f103 4280 	add.w	r2, r3, #1073741824	@ 0x40000000
10001430:	f102 030c 	add.w	r3, r2, #12
10001434:	f502 2228 	add.w	r2, r2, #688128	@ 0xa8000
10001438:	6014      	str	r4, [r2, #0]
1000143a:	f503 2928 	add.w	r9, r3, #688128	@ 0xa8000
1000143e:	6094      	str	r4, [r2, #8]
10001440:	60d4      	str	r4, [r2, #12]
10001442:	6116      	str	r6, [r2, #16]
10001444:	6050      	str	r0, [r2, #4]
10001446:	6014      	str	r4, [r2, #0]
10001448:	f8d9 2000 	ldr.w	r2, [r9]
1000144c:	f503 2329 	add.w	r3, r3, #692224	@ 0xa9000
10001450:	2d00      	cmp	r5, #0
10001452:	f040 80fb 	bne.w	1000164c <worker+0x324>
10001456:	f082 0280 	eor.w	r2, r2, #128	@ 0x80
1000145a:	b292      	uxth	r2, r2
1000145c:	601a      	str	r2, [r3, #0]
1000145e:	2001      	movs	r0, #1
10001460:	f006 fe28 	bl	100080b4 <dma_claim_unused_channel>
10001464:	4c8b      	ldr	r4, [pc, #556]	@ (10001694 <worker+0x36c>)
10001466:	2501      	movs	r5, #1
10001468:	6020      	str	r0, [r4, #0]
1000146a:	2001      	movs	r0, #1
1000146c:	f006 fe22 	bl	100080b4 <dma_claim_unused_channel>
10001470:	4602      	mov	r2, r0
10001472:	f04f 4ea0 	mov.w	lr, #1342177280	@ 0x50000000
10001476:	f04f 0c00 	mov.w	ip, #0
1000147a:	6062      	str	r2, [r4, #4]
1000147c:	f8d8 7000 	ldr.w	r7, [r8]
10001480:	6824      	ldr	r4, [r4, #0]
10001482:	4b85      	ldr	r3, [pc, #532]	@ (10001698 <worker+0x370>)
10001484:	3720      	adds	r7, #32
10001486:	ea03 3b44 	and.w	fp, r3, r4, lsl #13
1000148a:	ea03 3342 	and.w	r3, r3, r2, lsl #13
1000148e:	ea43 4347 	orr.w	r3, r3, r7, lsl #17
10001492:	f423 33f0 	bic.w	r3, r3, #122880	@ 0x1e000
10001496:	ea4b 4b47 	orr.w	fp, fp, r7, lsl #17
1000149a:	ea43 3344 	orr.w	r3, r3, r4, lsl #13
1000149e:	f42b 37f0 	bic.w	r7, fp, #122880	@ 0x1e000
100014a2:	f043 0315 	orr.w	r3, r3, #21
100014a6:	9303      	str	r3, [sp, #12]
100014a8:	4e7c      	ldr	r6, [pc, #496]	@ (1000169c <worker+0x374>)
100014aa:	f8df a224 	ldr.w	sl, [pc, #548]	@ 100016d0 <worker+0x3a8>
100014ae:	4b7c      	ldr	r3, [pc, #496]	@ (100016a0 <worker+0x378>)
100014b0:	ea47 3742 	orr.w	r7, r7, r2, lsl #13
100014b4:	eb0e 1b84 	add.w	fp, lr, r4, lsl #6
100014b8:	f047 0715 	orr.w	r7, r7, #21
100014bc:	fa05 f404 	lsl.w	r4, r5, r4
100014c0:	f886 c000 	strb.w	ip, [r6]
100014c4:	f8cb 3000 	str.w	r3, [fp]
100014c8:	f8cb 9004 	str.w	r9, [fp, #4]
100014cc:	f503 7380 	add.w	r3, r3, #256	@ 0x100
100014d0:	f8cb c008 	str.w	ip, [fp, #8]
100014d4:	f8cb 7010 	str.w	r7, [fp, #16]
100014d8:	f8ce 440c 	str.w	r4, [lr, #1036]	@ 0x40c
100014dc:	f8ca 4404 	str.w	r4, [sl, #1028]	@ 0x404
100014e0:	eb0e 1482 	add.w	r4, lr, r2, lsl #6
100014e4:	f886 c001 	strb.w	ip, [r6, #1]
100014e8:	6023      	str	r3, [r4, #0]
100014ea:	9b03      	ldr	r3, [sp, #12]
100014ec:	fa05 f202 	lsl.w	r2, r5, r2
100014f0:	f8c4 9004 	str.w	r9, [r4, #4]
100014f4:	200a      	movs	r0, #10
100014f6:	f8c4 c008 	str.w	ip, [r4, #8]
100014fa:	496a      	ldr	r1, [pc, #424]	@ (100016a4 <worker+0x37c>)
100014fc:	6123      	str	r3, [r4, #16]
100014fe:	f8ce 240c 	str.w	r2, [lr, #1036]	@ 0x40c
10001502:	f8ca 2404 	str.w	r2, [sl, #1028]	@ 0x404
10001506:	f001 f889 	bl	1000261c <irq_set_exclusive_handler>
1000150a:	4629      	mov	r1, r5
1000150c:	200a      	movs	r0, #10
1000150e:	f001 f843 	bl	10002598 <irq_set_enabled>
10001512:	f8d8 3000 	ldr.w	r3, [r8]
10001516:	eb03 0383 	add.w	r3, r3, r3, lsl #2
1000151a:	009b      	lsls	r3, r3, #2
1000151c:	f103 4380 	add.w	r3, r3, #1073741824	@ 0x40000000
10001520:	f503 2228 	add.w	r2, r3, #688128	@ 0xa8000
10001524:	6812      	ldr	r2, [r2, #0]
10001526:	f503 2329 	add.w	r3, r3, #692224	@ 0xa9000
1000152a:	ea25 0202 	bic.w	r2, r5, r2
1000152e:	601a      	str	r2, [r3, #0]
10001530:	f7ff fe12 	bl	10001158 <audio_service>
10001534:	f44f 707a 	mov.w	r0, #1000	@ 0x3e8
10001538:	f001 fdf2 	bl	10003120 <busy_wait_us_32>
1000153c:	230d      	movs	r3, #13
1000153e:	ec45 3040 	gpioc_bit_out_put r3, r5
10001542:	4a59      	ldr	r2, [pc, #356]	@ (100016a8 <worker+0x380>)
10001544:	4b59      	ldr	r3, [pc, #356]	@ (100016ac <worker+0x384>)
10001546:	6a92      	ldr	r2, [r2, #40]	@ 0x28
10001548:	601a      	str	r2, [r3, #0]
1000154a:	f7ff fdb9 	bl	100010c0 <input_service>
1000154e:	4b58      	ldr	r3, [pc, #352]	@ (100016b0 <worker+0x388>)
10001550:	e8c3 5faf 	stl	r5, [r3]
10001554:	f8df 817c 	ldr.w	r8, [pc, #380]	@ 100016d4 <worker+0x3ac>
10001558:	f8df 917c 	ldr.w	r9, [pc, #380]	@ 100016d8 <worker+0x3b0>
1000155c:	4c55      	ldr	r4, [pc, #340]	@ (100016b4 <worker+0x38c>)
1000155e:	4e45      	ldr	r6, [pc, #276]	@ (10001674 <worker+0x34c>)
10001560:	f5a8 7741 	sub.w	r7, r8, #772	@ 0x304
10001564:	e8d9 3faf 	lda	r3, [r9]
10001568:	2b02      	cmp	r3, #2
1000156a:	d160      	bne.n	1000162e <worker+0x306>
1000156c:	2303      	movs	r3, #3
1000156e:	e8c9 3faf 	stl	r3, [r9]
10001572:	4a51      	ldr	r2, [pc, #324]	@ (100016b8 <worker+0x390>)
10001574:	4951      	ldr	r1, [pc, #324]	@ (100016bc <worker+0x394>)
10001576:	f812 3c02 	ldrb.w	r3, [r2, #-2]
1000157a:	f812 0c03 	ldrb.w	r0, [r2, #-3]
1000157e:	089b      	lsrs	r3, r3, #2
10001580:	08c0      	lsrs	r0, r0, #3
10001582:	015b      	lsls	r3, r3, #5
10001584:	ea43 23c0 	orr.w	r3, r3, r0, lsl #11
10001588:	f812 0c01 	ldrb.w	r0, [r2, #-1]
1000158c:	3203      	adds	r2, #3
1000158e:	ea43 03d0 	orr.w	r3, r3, r0, lsr #3
10001592:	ba5b      	rev16	r3, r3
10001594:	4590      	cmp	r8, r2
10001596:	f821 3f02 	strh.w	r3, [r1, #2]!
1000159a:	d1ec      	bne.n	10001576 <worker+0x24e>
1000159c:	23c8      	movs	r3, #200	@ 0xc8
1000159e:	f44f 72a0 	mov.w	r2, #320	@ 0x140
100015a2:	2114      	movs	r1, #20
100015a4:	2000      	movs	r0, #0
100015a6:	f000 fa1b 	bl	100019e0 <st7789_set_window>
100015aa:	f04f 0a00 	mov.w	sl, #0
100015ae:	f000 f985 	bl	100018bc <st7789_start_write>
100015b2:	f8df b128 	ldr.w	fp, [pc, #296]	@ 100016dc <worker+0x3b4>
100015b6:	6823      	ldr	r3, [r4, #0]
100015b8:	4553      	cmp	r3, sl
100015ba:	d044      	beq.n	10001646 <worker+0x31e>
100015bc:	4b40      	ldr	r3, [pc, #256]	@ (100016c0 <worker+0x398>)
100015be:	f1ba 0f00 	cmp.w	sl, #0
100015c2:	bf0c      	ite	eq
100015c4:	4630      	moveq	r0, r6
100015c6:	4618      	movne	r0, r3
100015c8:	465b      	mov	r3, fp
100015ca:	1e82      	subs	r2, r0, #2
100015cc:	f50b 7ba0 	add.w	fp, fp, #320	@ 0x140
100015d0:	f813 1f01 	ldrb.w	r1, [r3, #1]!
100015d4:	4d3b      	ldr	r5, [pc, #236]	@ (100016c4 <worker+0x39c>)
100015d6:	459b      	cmp	fp, r3
100015d8:	f835 1011 	ldrh.w	r1, [r5, r1, lsl #1]
100015dc:	f822 1f02 	strh.w	r1, [r2, #2]!
100015e0:	d1f6      	bne.n	100015d0 <worker+0x2a8>
100015e2:	f44f 7120 	mov.w	r1, #640	@ 0x280
100015e6:	f8c4 a000 	str.w	sl, [r4]
100015ea:	f000 f93d 	bl	10001868 <st7789_write_dma>
100015ee:	f7ff fdb3 	bl	10001158 <audio_service>
100015f2:	f7ff fd65 	bl	100010c0 <input_service>
100015f6:	45bb      	cmp	fp, r7
100015f8:	f08a 0a01 	eor.w	sl, sl, #1
100015fc:	d1db      	bne.n	100015b6 <worker+0x28e>
100015fe:	6823      	ldr	r3, [r4, #0]
10001600:	2b01      	cmp	r3, #1
10001602:	d804      	bhi.n	1000160e <worker+0x2e6>
10001604:	f000 f93e 	bl	10001884 <st7789_dma_wait>
10001608:	f04f 33ff 	mov.w	r3, #4294967295	@ 0xffffffff
1000160c:	6023      	str	r3, [r4, #0]
1000160e:	f000 f979 	bl	10001904 <st7789_end_write>
10001612:	f04f 33ff 	mov.w	r3, #4294967295	@ 0xffffffff
10001616:	6023      	str	r3, [r4, #0]
10001618:	2300      	movs	r3, #0
1000161a:	e8c9 3faf 	stl	r3, [r9]
1000161e:	492a      	ldr	r1, [pc, #168]	@ (100016c8 <worker+0x3a0>)
10001620:	e851 3f00 	ldrex	r3, [r1]
10001624:	3301      	adds	r3, #1
10001626:	e841 3200 	strex	r2, r3, [r1]
1000162a:	2a00      	cmp	r2, #0
1000162c:	d1f8      	bne.n	10001620 <worker+0x2f8>
1000162e:	f7ff fd47 	bl	100010c0 <input_service>
10001632:	f7ff fd91 	bl	10001158 <audio_service>
10001636:	e795      	b.n	10001564 <worker+0x23c>
10001638:	4b1d      	ldr	r3, [pc, #116]	@ (100016b0 <worker+0x388>)
1000163a:	2202      	movs	r2, #2
1000163c:	e8c3 2faf 	stl	r2, [r3]
10001640:	b005      	add	sp, #20
10001642:	e8bd 8ff0 	ldmia.w	sp!, {r4, r5, r6, r7, r8, r9, sl, fp, pc}
10001646:	f000 f91d 	bl	10001884 <st7789_dma_wait>
1000164a:	e7b7      	b.n	100015bc <worker+0x294>
1000164c:	f482 0200 	eor.w	r2, r2, #8388608	@ 0x800000
10001650:	f36f 020f 	bfc	r2, #0, #16
10001654:	2d01      	cmp	r5, #1
10001656:	601a      	str	r2, [r3, #0]
10001658:	bf08      	it	eq
1000165a:	f109 0902 	addeq.w	r9, r9, #2
1000165e:	e6fe      	b.n	1000145e <worker+0x136>
10001660:	00061a80 	.word	0x00061a80
10001664:	20001180 	.word	0x20001180
10001668:	200131c8 	.word	0x200131c8
1000166c:	200111d4 	.word	0x200111d4
10001670:	2001132c 	.word	0x2001132c
10001674:	200131d4 	.word	0x200131d4
10001678:	20011b38 	.word	0x20011b38
1000167c:	20011b3c 	.word	0x20011b3c
10001680:	20011b34 	.word	0x20011b34
10001684:	20011d44 	.word	0x20011d44
10001688:	20011328 	.word	0x20011328
1000168c:	002b1100 	.word	0x002b1100
10001690:	00562200 	.word	0x00562200
10001694:	200010b8 	.word	0x200010b8
10001698:	fc01ffff 	.word	0xfc01ffff
1000169c:	20011330 	.word	0x20011330
100016a0:	20011b40 	.word	0x20011b40
100016a4:	10001075 	.word	0x10001075
100016a8:	400b0000 	.word	0x400b0000
100016ac:	200139fc 	.word	0x200139fc
100016b0:	20013d54 	.word	0x20013d54
100016b4:	200010c0 	.word	0x200010c0
100016b8:	20010de7 	.word	0x20010de7
100016bc:	200136d6 	.word	0x200136d6
100016c0:	20013454 	.word	0x20013454
100016c4:	200136d8 	.word	0x200136d8
100016c8:	20013d58 	.word	0x20013d58
100016cc:	20011d40 	.word	0x20011d40
100016d0:	50002000 	.word	0x50002000
100016d4:	200110e7 	.word	0x200110e7
100016d8:	200013e0 	.word	0x200013e0
100016dc:	200013e3 	.word	0x200013e3

100016e0 <qservice_start>:
100016e0:	4913      	ldr	r1, [pc, #76]	@ (10001730 <qservice_start+0x50>)
100016e2:	e8d1 0faf 	lda	r0, [r1]
100016e6:	b128      	cbz	r0, 100016f4 <qservice_start+0x14>
100016e8:	f1a0 0001 	sub.w	r0, r0, #1
100016ec:	fab0 f080 	clz	r0, r0
100016f0:	0940      	lsrs	r0, r0, #5
100016f2:	4770      	bx	lr
100016f4:	b508      	push	{r3, lr}
100016f6:	480f      	ldr	r0, [pc, #60]	@ (10001734 <qservice_start+0x54>)
100016f8:	f006 fcb8 	bl	1000806c <multicore_launch_core1>
100016fc:	f8df c038 	ldr.w	ip, [pc, #56]	@ 10001738 <qservice_start+0x58>
10001700:	490b      	ldr	r1, [pc, #44]	@ (10001730 <qservice_start+0x50>)
10001702:	f8dc 2028 	ldr.w	r2, [ip, #40]	@ 0x28
10001706:	f502 1237 	add.w	r2, r2, #2998272	@ 0x2dc000
1000170a:	f502 62d8 	add.w	r2, r2, #1728	@ 0x6c0
1000170e:	e004      	b.n	1000171a <qservice_start+0x3a>
10001710:	f8dc 3028 	ldr.w	r3, [ip, #40]	@ 0x28
10001714:	1a9b      	subs	r3, r3, r2
10001716:	4283      	cmp	r3, r0
10001718:	da08      	bge.n	1000172c <qservice_start+0x4c>
1000171a:	e8d1 0faf 	lda	r0, [r1]
1000171e:	2800      	cmp	r0, #0
10001720:	d0f6      	beq.n	10001710 <qservice_start+0x30>
10001722:	f1a0 0001 	sub.w	r0, r0, #1
10001726:	fab0 f080 	clz	r0, r0
1000172a:	0940      	lsrs	r0, r0, #5
1000172c:	bd08      	pop	{r3, pc}
1000172e:	bf00      	nop
10001730:	20013d54 	.word	0x20013d54
10001734:	10001329 	.word	0x10001329
10001738:	400b0000 	.word	0x400b0000

1000173c <qservice_frame_acquire>:
1000173c:	4b05      	ldr	r3, [pc, #20]	@ (10001754 <qservice_frame_acquire+0x18>)
1000173e:	e8d3 2faf 	lda	r2, [r3]
10001742:	b92a      	cbnz	r2, 10001750 <qservice_frame_acquire+0x14>
10001744:	2101      	movs	r1, #1
10001746:	e8c3 1faf 	stl	r1, [r3]
1000174a:	6002      	str	r2, [r0, #0]
1000174c:	1d18      	adds	r0, r3, #4
1000174e:	4770      	bx	lr
10001750:	2000      	movs	r0, #0
10001752:	4770      	bx	lr
10001754:	200013e0 	.word	0x200013e0

10001758 <qservice_frame_submit>:
10001758:	b510      	push	{r4, lr}
1000175a:	4c06      	ldr	r4, [pc, #24]	@ (10001774 <qservice_frame_submit+0x1c>)
1000175c:	f44f 7240 	mov.w	r2, #768	@ 0x300
10001760:	f504 407a 	add.w	r0, r4, #64000	@ 0xfa00
10001764:	3004      	adds	r0, #4
10001766:	f007 f9bd 	bl	10008ae4 <memcpy>
1000176a:	2302      	movs	r3, #2
1000176c:	e8c4 3faf 	stl	r3, [r4]
10001770:	bd10      	pop	{r4, pc}
10001772:	bf00      	nop
10001774:	200013e0 	.word	0x200013e0

10001778 <qservice_buttons>:
10001778:	4b02      	ldr	r3, [pc, #8]	@ (10001784 <qservice_buttons+0xc>)
1000177a:	e8d3 0f9f 	ldah	r0, [r3]
1000177e:	b280      	uxth	r0, r0
10001780:	4770      	bx	lr
10001782:	bf00      	nop
10001784:	2001484c 	.word	0x2001484c

10001788 <qservice_buttons_pressed>:
10001788:	4b04      	ldr	r3, [pc, #16]	@ (1000179c <qservice_buttons_pressed+0x14>)
1000178a:	e8d3 0fef 	ldaex	r0, [r3]
1000178e:	b282      	uxth	r2, r0
10001790:	e8c3 2fe1 	stlex	r1, r2, [r3]
10001794:	2900      	cmp	r1, #0
10001796:	d1f8      	bne.n	1000178a <qservice_buttons_pressed+0x2>
10001798:	0c00      	lsrs	r0, r0, #16
1000179a:	4770      	bx	lr
1000179c:	20013d4c 	.word	0x20013d4c

100017a0 <qservice_sound_start>:
100017a0:	2807      	cmp	r0, #7
100017a2:	d820      	bhi.n	100017e6 <qservice_sound_start+0x46>
100017a4:	b1f9      	cbz	r1, 100017e6 <qservice_sound_start+0x46>
100017a6:	b530      	push	{r4, r5, lr}
100017a8:	4c10      	ldr	r4, [pc, #64]	@ (100017ec <qservice_sound_start+0x4c>)
100017aa:	b083      	sub	sp, #12
100017ac:	469c      	mov	ip, r3
100017ae:	6825      	ldr	r5, [r4, #0]
100017b0:	4613      	mov	r3, r2
100017b2:	460a      	mov	r2, r1
100017b4:	4601      	mov	r1, r0
100017b6:	e8d5 0fcf 	ldaexb	r0, [r5]
100017ba:	f05f 0e01 	movs.w	lr, #1
100017be:	2800      	cmp	r0, #0
100017c0:	d1f9      	bne.n	100017b6 <qservice_sound_start+0x16>
100017c2:	e8c5 ef40 	strexb	r0, lr, [r5]
100017c6:	2800      	cmp	r0, #0
100017c8:	d1f5      	bne.n	100017b6 <qservice_sound_start+0x16>
100017ca:	f3bf 8f5f 	dmb	sy
100017ce:	4808      	ldr	r0, [pc, #32]	@ (100017f0 <qservice_sound_start+0x50>)
100017d0:	f8cd c000 	str.w	ip, [sp]
100017d4:	f7ff fb82 	bl	10000edc <qmix_start>
100017d8:	2300      	movs	r3, #0
100017da:	6822      	ldr	r2, [r4, #0]
100017dc:	e8c2 3f8f 	stlb	r3, [r2]
100017e0:	2001      	movs	r0, #1
100017e2:	b003      	add	sp, #12
100017e4:	bd30      	pop	{r4, r5, pc}
100017e6:	2000      	movs	r0, #0
100017e8:	4770      	bx	lr
100017ea:	bf00      	nop
100017ec:	2001132c 	.word	0x2001132c
100017f0:	200138d8 	.word	0x200138d8

100017f4 <qservice_sound_stop>:
100017f4:	2807      	cmp	r0, #7
100017f6:	d901      	bls.n	100017fc <qservice_sound_stop+0x8>
100017f8:	2000      	movs	r0, #0
100017fa:	4770      	bx	lr
100017fc:	b508      	push	{r3, lr}
100017fe:	4b0d      	ldr	r3, [pc, #52]	@ (10001834 <qservice_sound_stop+0x40>)
10001800:	4601      	mov	r1, r0
10001802:	681a      	ldr	r2, [r3, #0]
10001804:	e8d2 cfcf 	ldaexb	ip, [r2]
10001808:	2001      	movs	r0, #1
1000180a:	f1bc 0f00 	cmp.w	ip, #0
1000180e:	d1f9      	bne.n	10001804 <qservice_sound_stop+0x10>
10001810:	e8c2 0f4c 	strexb	ip, r0, [r2]
10001814:	f1bc 0f00 	cmp.w	ip, #0
10001818:	d1f4      	bne.n	10001804 <qservice_sound_stop+0x10>
1000181a:	f3bf 8f5f 	dmb	sy
1000181e:	4806      	ldr	r0, [pc, #24]	@ (10001838 <qservice_sound_stop+0x44>)
10001820:	f7ff fbb2 	bl	10000f88 <qmix_stop>
10001824:	4b03      	ldr	r3, [pc, #12]	@ (10001834 <qservice_sound_stop+0x40>)
10001826:	2200      	movs	r2, #0
10001828:	681b      	ldr	r3, [r3, #0]
1000182a:	e8c3 2f8f 	stlb	r2, [r3]
1000182e:	2001      	movs	r0, #1
10001830:	bd08      	pop	{r3, pc}
10001832:	bf00      	nop
10001834:	2001132c 	.word	0x2001132c
10001838:	200138d8 	.word	0x200138d8

1000183c <qservice_stats>:
1000183c:	4b09      	ldr	r3, [pc, #36]	@ (10001864 <qservice_stats+0x28>)
1000183e:	e8d3 1faf 	lda	r1, [r3]
10001842:	1d1a      	adds	r2, r3, #4
10001844:	6001      	str	r1, [r0, #0]
10001846:	e8d2 1faf 	lda	r1, [r2]
1000184a:	f103 0208 	add.w	r2, r3, #8
1000184e:	6041      	str	r1, [r0, #4]
10001850:	e8d2 2faf 	lda	r2, [r2]
10001854:	330c      	adds	r3, #12
10001856:	6082      	str	r2, [r0, #8]
10001858:	e8d3 2faf 	lda	r2, [r3]
1000185c:	2300      	movs	r3, #0
1000185e:	e9c0 2303 	strd	r2, r3, [r0, #12]
10001862:	4770      	bx	lr
10001864:	20013d58 	.word	0x20013d58

10001868 <st7789_write_dma>:
10001868:	4b05      	ldr	r3, [pc, #20]	@ (10001880 <st7789_write_dma+0x18>)
1000186a:	781a      	ldrb	r2, [r3, #0]
1000186c:	0192      	lsls	r2, r2, #6
1000186e:	f102 42a0 	add.w	r2, r2, #1342177280	@ 0x50000000
10001872:	6913      	ldr	r3, [r2, #16]
10001874:	015b      	lsls	r3, r3, #5
10001876:	d4fc      	bmi.n	10001872 <st7789_write_dma+0xa>
10001878:	6091      	str	r1, [r2, #8]
1000187a:	63d0      	str	r0, [r2, #60]	@ 0x3c
1000187c:	4770      	bx	lr
1000187e:	bf00      	nop
10001880:	20014857 	.word	0x20014857

10001884 <st7789_dma_wait>:
10001884:	4b0a      	ldr	r3, [pc, #40]	@ (100018b0 <st7789_dma_wait+0x2c>)
10001886:	781a      	ldrb	r2, [r3, #0]
10001888:	0192      	lsls	r2, r2, #6
1000188a:	f102 42a0 	add.w	r2, r2, #1342177280	@ 0x50000000
1000188e:	6913      	ldr	r3, [r2, #16]
10001890:	015b      	lsls	r3, r3, #5
10001892:	d4fc      	bmi.n	1000188e <st7789_dma_wait+0xa>
10001894:	2201      	movs	r2, #1
10001896:	4b07      	ldr	r3, [pc, #28]	@ (100018b4 <st7789_dma_wait+0x30>)
10001898:	4907      	ldr	r1, [pc, #28]	@ (100018b8 <st7789_dma_wait+0x34>)
1000189a:	781b      	ldrb	r3, [r3, #0]
1000189c:	6809      	ldr	r1, [r1, #0]
1000189e:	3318      	adds	r3, #24
100018a0:	409a      	lsls	r2, r3
100018a2:	684b      	ldr	r3, [r1, #4]
100018a4:	4213      	tst	r3, r2
100018a6:	d0fc      	beq.n	100018a2 <st7789_dma_wait+0x1e>
100018a8:	2001      	movs	r0, #1
100018aa:	f001 bc39 	b.w	10003120 <busy_wait_us_32>
100018ae:	bf00      	nop
100018b0:	20014857 	.word	0x20014857
100018b4:	20014859 	.word	0x20014859
100018b8:	20013d50 	.word	0x20013d50

100018bc <st7789_start_write>:
100018bc:	b510      	push	{r4, lr}
100018be:	221c      	movs	r2, #28
100018c0:	b082      	sub	sp, #8
100018c2:	f04f 0300 	mov.w	r3, #0
100018c6:	ec43 2040 	gpioc_bit_out_put r2, r3
100018ca:	221b      	movs	r2, #27
100018cc:	ec43 2040 	gpioc_bit_out_put r2, r3
100018d0:	232c      	movs	r3, #44	@ 0x2c
100018d2:	4a0b      	ldr	r2, [pc, #44]	@ (10001900 <st7789_start_write+0x44>)
100018d4:	f88d 3007 	strb.w	r3, [sp, #7]
100018d8:	7812      	ldrb	r2, [r2, #0]
100018da:	0192      	lsls	r2, r2, #6
100018dc:	f102 42a0 	add.w	r2, r2, #1342177280	@ 0x50000000
100018e0:	6913      	ldr	r3, [r2, #16]
100018e2:	015b      	lsls	r3, r3, #5
100018e4:	d4fc      	bmi.n	100018e0 <st7789_start_write+0x24>
100018e6:	2401      	movs	r4, #1
100018e8:	f10d 0307 	add.w	r3, sp, #7
100018ec:	6094      	str	r4, [r2, #8]
100018ee:	63d3      	str	r3, [r2, #60]	@ 0x3c
100018f0:	f7ff ffc8 	bl	10001884 <st7789_dma_wait>
100018f4:	231c      	movs	r3, #28
100018f6:	ec44 3040 	gpioc_bit_out_put r3, r4
100018fa:	b002      	add	sp, #8
100018fc:	bd10      	pop	{r4, pc}
100018fe:	bf00      	nop
10001900:	20014857 	.word	0x20014857

10001904 <st7789_end_write>:
10001904:	b508      	push	{r3, lr}
10001906:	f7ff ffbd 	bl	10001884 <st7789_dma_wait>
1000190a:	231b      	movs	r3, #27
1000190c:	f04f 0201 	mov.w	r2, #1
10001910:	ec42 3040 	gpioc_bit_out_put r3, r2
10001914:	bd08      	pop	{r3, pc}
10001916:	bf00      	nop

10001918 <st7789_command>:
10001918:	b5f0      	push	{r4, r5, r6, r7, lr}
1000191a:	b083      	sub	sp, #12
1000191c:	261c      	movs	r6, #28
1000191e:	f04f 0300 	mov.w	r3, #0
10001922:	f88d 0007 	strb.w	r0, [sp, #7]
10001926:	460c      	mov	r4, r1
10001928:	4615      	mov	r5, r2
1000192a:	ec43 6040 	gpioc_bit_out_put r6, r3
1000192e:	221b      	movs	r2, #27
10001930:	ec43 2040 	gpioc_bit_out_put r2, r3
10001934:	4e13      	ldr	r6, [pc, #76]	@ (10001984 <st7789_command+0x6c>)
10001936:	7830      	ldrb	r0, [r6, #0]
10001938:	0180      	lsls	r0, r0, #6
1000193a:	f100 40a0 	add.w	r0, r0, #1342177280	@ 0x50000000
1000193e:	6903      	ldr	r3, [r0, #16]
10001940:	015a      	lsls	r2, r3, #5
10001942:	d4fc      	bmi.n	1000193e <st7789_command+0x26>
10001944:	2701      	movs	r7, #1
10001946:	f10d 0307 	add.w	r3, sp, #7
1000194a:	6087      	str	r7, [r0, #8]
1000194c:	63c3      	str	r3, [r0, #60]	@ 0x3c
1000194e:	f7ff ff99 	bl	10001884 <st7789_dma_wait>
10001952:	b104      	cbz	r4, 10001956 <st7789_command+0x3e>
10001954:	b935      	cbnz	r5, 10001964 <st7789_command+0x4c>
10001956:	231b      	movs	r3, #27
10001958:	f04f 0201 	mov.w	r2, #1
1000195c:	ec42 3040 	gpioc_bit_out_put r3, r2
10001960:	b003      	add	sp, #12
10001962:	bdf0      	pop	{r4, r5, r6, r7, pc}
10001964:	231c      	movs	r3, #28
10001966:	ec47 3040 	gpioc_bit_out_put r3, r7
1000196a:	7832      	ldrb	r2, [r6, #0]
1000196c:	0192      	lsls	r2, r2, #6
1000196e:	f102 42a0 	add.w	r2, r2, #1342177280	@ 0x50000000
10001972:	6913      	ldr	r3, [r2, #16]
10001974:	015b      	lsls	r3, r3, #5
10001976:	d4fc      	bmi.n	10001972 <st7789_command+0x5a>
10001978:	6095      	str	r5, [r2, #8]
1000197a:	63d4      	str	r4, [r2, #60]	@ 0x3c
1000197c:	f7ff ff82 	bl	10001884 <st7789_dma_wait>
10001980:	e7e9      	b.n	10001956 <st7789_command+0x3e>
10001982:	bf00      	nop
10001984:	20014857 	.word	0x20014857

10001988 <st7789_set_backlight>:
10001988:	ee07 0a90 	vmov	s15, r0
1000198c:	ed9f 7a0f 	vldr	s14, [pc, #60]	@ 100019cc <st7789_set_backlight+0x44>
10001990:	eef8 7a67 	vcvt.f32.u32	s15, s15
10001994:	eec7 7a87 	vdiv.f32	s15, s15, s14
10001998:	b508      	push	{r3, lr}
1000199a:	ee17 0a90 	vmov	r0, s15
1000199e:	490c      	ldr	r1, [pc, #48]	@ (100019d0 <st7789_set_backlight+0x48>)
100019a0:	f002 fd20 	bl	100043e4 <__wrap_powf>
100019a4:	ed9f 7a0b 	vldr	s14, [pc, #44]	@ 100019d4 <st7789_set_backlight+0x4c>
100019a8:	ee06 0a90 	vmov	s13, r0
100019ac:	eef6 7a00 	vmov.f32	s15, #96	@ 0x3f000000  0.5
100019b0:	eee6 7a87 	vfma.f32	s15, s13, s14
100019b4:	eefc 7ae7 	vcvt.u32.f32	s15, s15
100019b8:	ee17 1a90 	vmov	r1, s15
100019bc:	4b06      	ldr	r3, [pc, #24]	@ (100019d8 <st7789_set_backlight+0x50>)
100019be:	4a07      	ldr	r2, [pc, #28]	@ (100019dc <st7789_set_backlight+0x54>)
100019c0:	6f1b      	ldr	r3, [r3, #112]	@ 0x70
100019c2:	404b      	eors	r3, r1
100019c4:	b29b      	uxth	r3, r3
100019c6:	6713      	str	r3, [r2, #112]	@ 0x70
100019c8:	bd08      	pop	{r3, pc}
100019ca:	bf00      	nop
100019cc:	437f0000 	.word	0x437f0000
100019d0:	40333333 	.word	0x40333333
100019d4:	477fff00 	.word	0x477fff00
100019d8:	400a8000 	.word	0x400a8000
100019dc:	400a9000 	.word	0x400a9000

100019e0 <st7789_set_window>:
100019e0:	b510      	push	{r4, lr}
100019e2:	468e      	mov	lr, r1
100019e4:	f102 3cff 	add.w	ip, r2, #4294967295	@ 0xffffffff
100019e8:	3b01      	subs	r3, #1
100019ea:	b082      	sub	sp, #8
100019ec:	4484      	add	ip, r0
100019ee:	4473      	add	r3, lr
100019f0:	fa9c fc9c 	rev16.w	ip, ip
100019f4:	fa9e fe9e 	rev16.w	lr, lr
100019f8:	ba5b      	rev16	r3, r3
100019fa:	4669      	mov	r1, sp
100019fc:	ba44      	rev16	r4, r0
100019fe:	2204      	movs	r2, #4
10001a00:	202a      	movs	r0, #42	@ 0x2a
10001a02:	f8ad c002 	strh.w	ip, [sp, #2]
10001a06:	f8ad e004 	strh.w	lr, [sp, #4]
10001a0a:	f8ad 3006 	strh.w	r3, [sp, #6]
10001a0e:	f8ad 4000 	strh.w	r4, [sp]
10001a12:	f7ff ff81 	bl	10001918 <st7789_command>
10001a16:	2204      	movs	r2, #4
10001a18:	202b      	movs	r0, #43	@ 0x2b
10001a1a:	eb0d 0102 	add.w	r1, sp, r2
10001a1e:	f7ff ff7b 	bl	10001918 <st7789_command>
10001a22:	b002      	add	sp, #8
10001a24:	bd10      	pop	{r4, pc}
10001a26:	bf00      	nop

10001a28 <st7789_init>:
10001a28:	e92d 4ff0 	stmdb	sp!, {r4, r5, r6, r7, r8, r9, sl, fp, lr}
10001a2c:	b0a1      	sub	sp, #132	@ 0x84
10001a2e:	4cc2      	ldr	r4, [pc, #776]	@ (10001d38 <st7789_init+0x310>)
10001a30:	9304      	str	r3, [sp, #16]
10001a32:	4606      	mov	r6, r0
10001a34:	f89d 30a8 	ldrb.w	r3, [sp, #168]	@ 0xa8
10001a38:	48c0      	ldr	r0, [pc, #768]	@ (10001d3c <st7789_init+0x314>)
10001a3a:	460d      	mov	r5, r1
10001a3c:	2110      	movs	r1, #16
10001a3e:	4691      	mov	r9, r2
10001a40:	9303      	str	r3, [sp, #12]
10001a42:	6020      	str	r0, [r4, #0]
10001a44:	f006 fd88 	bl	10008558 <pio_set_gpio_base>
10001a48:	2101      	movs	r1, #1
10001a4a:	6820      	ldr	r0, [r4, #0]
10001a4c:	f006 fd68 	bl	10008520 <pio_claim_unused_sm>
10001a50:	f8df b318 	ldr.w	fp, [pc, #792]	@ 10001d6c <st7789_init+0x344>
10001a54:	49ba      	ldr	r1, [pc, #744]	@ (10001d40 <st7789_init+0x318>)
10001a56:	f88b 0000 	strb.w	r0, [fp]
10001a5a:	6820      	ldr	r0, [r4, #0]
10001a5c:	f006 fda0 	bl	100085a0 <pio_add_program>
10001a60:	6821      	ldr	r1, [r4, #0]
10001a62:	4fb8      	ldr	r7, [pc, #736]	@ (10001d44 <st7789_init+0x31c>)
10001a64:	f101 412f 	add.w	r1, r1, #2936012800	@ 0xaf000000
10001a68:	f501 0160 	add.w	r1, r1, #14680064	@ 0xe00000
10001a6c:	0d09      	lsrs	r1, r1, #20
10001a6e:	3106      	adds	r1, #6
10001a70:	7038      	strb	r0, [r7, #0]
10001a72:	b2c9      	uxtb	r1, r1
10001a74:	201e      	movs	r0, #30
10001a76:	f000 fc55 	bl	10002324 <gpio_set_function>
10001a7a:	2105      	movs	r1, #5
10001a7c:	201f      	movs	r0, #31
10001a7e:	f000 fc51 	bl	10002324 <gpio_set_function>
10001a82:	231f      	movs	r3, #31
10001a84:	f04f 0201 	mov.w	r2, #1
10001a88:	ec42 3044 	gpioc_bit_oe_put r3, r2
10001a8c:	f04f 0820 	mov.w	r8, #32
10001a90:	6821      	ldr	r1, [r4, #0]
10001a92:	4640      	mov	r0, r8
10001a94:	f101 412f 	add.w	r1, r1, #2936012800	@ 0xaf000000
10001a98:	f501 0160 	add.w	r1, r1, #14680064	@ 0xe00000
10001a9c:	0d09      	lsrs	r1, r1, #20
10001a9e:	3106      	adds	r1, #6
10001aa0:	b2c9      	uxtb	r1, r1
10001aa2:	f108 0801 	add.w	r8, r8, #1
10001aa6:	f000 fc3d 	bl	10002324 <gpio_set_function>
10001aaa:	f1b8 0f28 	cmp.w	r8, #40	@ 0x28
10001aae:	d1ef      	bne.n	10001a90 <st7789_init+0x68>
10001ab0:	f04f 0801 	mov.w	r8, #1
10001ab4:	f89b 1000 	ldrb.w	r1, [fp]
10001ab8:	2308      	movs	r3, #8
10001aba:	2220      	movs	r2, #32
10001abc:	6820      	ldr	r0, [r4, #0]
10001abe:	f8cd 8000 	str.w	r8, [sp]
10001ac2:	f006 fd89 	bl	100085d8 <pio_sm_set_consecutive_pindirs>
10001ac6:	f8cd 8000 	str.w	r8, [sp]
10001aca:	221e      	movs	r2, #30
10001acc:	4643      	mov	r3, r8
10001ace:	f89b 1000 	ldrb.w	r1, [fp]
10001ad2:	6820      	ldr	r0, [r4, #0]
10001ad4:	f006 fd80 	bl	100085d8 <pio_sm_set_consecutive_pindirs>
10001ad8:	f44f 3380 	mov.w	r3, #65536	@ 0x10000
10001adc:	499a      	ldr	r1, [pc, #616]	@ (10001d48 <st7789_init+0x320>)
10001ade:	4a9b      	ldr	r2, [pc, #620]	@ (10001d4c <st7789_init+0x324>)
10001ae0:	931b      	str	r3, [sp, #108]	@ 0x6c
10001ae2:	e9cd 121e 	strd	r1, r2, [sp, #120]	@ 0x78
10001ae6:	783b      	ldrb	r3, [r7, #0]
10001ae8:	4a99      	ldr	r2, [pc, #612]	@ (10001d50 <st7789_init+0x328>)
10001aea:	2005      	movs	r0, #5
10001aec:	921d      	str	r2, [sp, #116]	@ 0x74
10001aee:	eb03 0208 	add.w	r2, r3, r8
10001af2:	01db      	lsls	r3, r3, #7
10001af4:	ea43 3302 	orr.w	r3, r3, r2, lsl #12
10001af8:	931c      	str	r3, [sp, #112]	@ 0x70
10001afa:	f001 fbd1 	bl	100032a0 <clock_get_hz>
10001afe:	ee07 0a10 	vmov	s14, r0
10001b02:	ed9f 6a94 	vldr	s12, [pc, #592]	@ 10001d54 <st7789_init+0x32c>
10001b06:	eeb8 7a47 	vcvt.f32.u32	s14, s14
10001b0a:	eddf 6a93 	vldr	s13, [pc, #588]	@ 10001d58 <st7789_init+0x330>
10001b0e:	eec7 7a06 	vdiv.f32	s15, s14, s12
10001b12:	ee77 7aa6 	vadd.f32	s15, s15, s13
10001b16:	eebc 7ae7 	vcvt.u32.f32	s14, s15
10001b1a:	ee17 3a10 	vmov	r3, s14
10001b1e:	b29a      	uxth	r2, r3
10001b20:	2a00      	cmp	r2, #0
10001b22:	f000 81be 	beq.w	10001ea2 <st7789_init+0x47a>
10001b26:	ee07 2a10 	vmov	s14, r2
10001b2a:	eeb8 7a47 	vcvt.f32.u32	s14, s14
10001b2e:	eddf 6a8b 	vldr	s13, [pc, #556]	@ 10001d5c <st7789_init+0x334>
10001b32:	ee77 7ac7 	vsub.f32	s15, s15, s14
10001b36:	ee67 7aa6 	vmul.f32	s15, s15, s13
10001b3a:	eefc 7ae7 	vcvt.u32.f32	s15, s15
10001b3e:	edcd 7a05 	vstr	s15, [sp, #20]
10001b42:	f89d 3014 	ldrb.w	r3, [sp, #20]
10001b46:	021b      	lsls	r3, r3, #8
10001b48:	ea43 4302 	orr.w	r3, r3, r2, lsl #16
10001b4c:	783a      	ldrb	r2, [r7, #0]
10001b4e:	2701      	movs	r7, #1
10001b50:	f89b 1000 	ldrb.w	r1, [fp]
10001b54:	931b      	str	r3, [sp, #108]	@ 0x6c
10001b56:	6820      	ldr	r0, [r4, #0]
10001b58:	ab1b      	add	r3, sp, #108	@ 0x6c
10001b5a:	f006 fd83 	bl	10008664 <pio_sm_init>
10001b5e:	6822      	ldr	r2, [r4, #0]
10001b60:	f89b 3000 	ldrb.w	r3, [fp]
10001b64:	6811      	ldr	r1, [r2, #0]
10001b66:	fa07 f303 	lsl.w	r3, r7, r3
10001b6a:	430b      	orrs	r3, r1
10001b6c:	6013      	str	r3, [r2, #0]
10001b6e:	4638      	mov	r0, r7
10001b70:	f006 faa0 	bl	100080b4 <dma_claim_unused_channel>
10001b74:	f04f 0a00 	mov.w	sl, #0
10001b78:	6823      	ldr	r3, [r4, #0]
10001b7a:	f89b b000 	ldrb.w	fp, [fp]
10001b7e:	f103 412f 	add.w	r1, r3, #2936012800	@ 0xaf000000
10001b82:	f501 0160 	add.w	r1, r1, #14680064	@ 0xe00000
10001b86:	b2c2      	uxtb	r2, r0
10001b88:	0d09      	lsrs	r1, r1, #20
10001b8a:	eb0b 04c1 	add.w	r4, fp, r1, lsl #3
10001b8e:	0351      	lsls	r1, r2, #13
10001b90:	f8df 81dc 	ldr.w	r8, [pc, #476]	@ 10001d70 <st7789_init+0x348>
10001b94:	f421 01fc 	bic.w	r1, r1, #8257536	@ 0x7e0000
10001b98:	f10b 0b04 	add.w	fp, fp, #4
10001b9c:	ea41 4144 	orr.w	r1, r1, r4, lsl #17
10001ba0:	0192      	lsls	r2, r2, #6
10001ba2:	f102 42a0 	add.w	r2, r2, #1342177280	@ 0x50000000
10001ba6:	f888 0000 	strb.w	r0, [r8]
10001baa:	f041 0111 	orr.w	r1, r1, #17
10001bae:	eb03 008b 	add.w	r0, r3, fp, lsl #2
10001bb2:	f8c2 a000 	str.w	sl, [r2]
10001bb6:	f04f 0c1f 	mov.w	ip, #31
10001bba:	6050      	str	r0, [r2, #4]
10001bbc:	f8c2 a008 	str.w	sl, [r2, #8]
10001bc0:	6111      	str	r1, [r2, #16]
10001bc2:	ec47 c040 	gpioc_bit_out_put ip, r7
10001bc6:	2105      	movs	r1, #5
10001bc8:	201c      	movs	r0, #28
10001bca:	f000 fbab 	bl	10002324 <gpio_set_function>
10001bce:	221c      	movs	r2, #28
10001bd0:	ec47 2044 	gpioc_bit_oe_put r2, r7
10001bd4:	2105      	movs	r1, #5
10001bd6:	201b      	movs	r0, #27
10001bd8:	f000 fba4 	bl	10002324 <gpio_set_function>
10001bdc:	f04f 0b1b 	mov.w	fp, #27
10001be0:	ec47 b044 	gpioc_bit_oe_put fp, r7
10001be4:	f64f 7cff 	movw	ip, #65535	@ 0xffff
10001be8:	2310      	movs	r3, #16
10001bea:	4c5d      	ldr	r4, [pc, #372]	@ (10001d60 <st7789_init+0x338>)
10001bec:	2104      	movs	r1, #4
10001bee:	f8c4 c074 	str.w	ip, [r4, #116]	@ 0x74
10001bf2:	201a      	movs	r0, #26
10001bf4:	f8c4 a064 	str.w	sl, [r4, #100]	@ 0x64
10001bf8:	f8c4 a06c 	str.w	sl, [r4, #108]	@ 0x6c
10001bfc:	f8c4 a070 	str.w	sl, [r4, #112]	@ 0x70
10001c00:	f8c4 c074 	str.w	ip, [r4, #116]	@ 0x74
10001c04:	66a3      	str	r3, [r4, #104]	@ 0x68
10001c06:	6667      	str	r7, [r4, #100]	@ 0x64
10001c08:	f000 fb8c 	bl	10002324 <gpio_set_function>
10001c0c:	6f21      	ldr	r1, [r4, #112]	@ 0x70
10001c0e:	4855      	ldr	r0, [pc, #340]	@ (10001d64 <st7789_init+0x33c>)
10001c10:	b289      	uxth	r1, r1
10001c12:	6701      	str	r1, [r0, #112]	@ 0x70
10001c14:	221c      	movs	r2, #28
10001c16:	f88d 705c 	strb.w	r7, [sp, #92]	@ 0x5c
10001c1a:	ec4a 2040 	gpioc_bit_out_put r2, sl
10001c1e:	ec4a b040 	gpioc_bit_out_put fp, sl
10001c22:	f898 2000 	ldrb.w	r2, [r8]
10001c26:	0192      	lsls	r2, r2, #6
10001c28:	f102 42a0 	add.w	r2, r2, #1342177280	@ 0x50000000
10001c2c:	6917      	ldr	r7, [r2, #16]
10001c2e:	f017 6780 	ands.w	r7, r7, #67108864	@ 0x4000000
10001c32:	d1fb      	bne.n	10001c2c <st7789_init+0x204>
10001c34:	2301      	movs	r3, #1
10001c36:	ac17      	add	r4, sp, #92	@ 0x5c
10001c38:	6093      	str	r3, [r2, #8]
10001c3a:	63d4      	str	r4, [r2, #60]	@ 0x3c
10001c3c:	f7ff fe22 	bl	10001884 <st7789_dma_wait>
10001c40:	f04f 0b1b 	mov.w	fp, #27
10001c44:	2301      	movs	r3, #1
10001c46:	ec43 b040 	gpioc_bit_out_put fp, r3
10001c4a:	2096      	movs	r0, #150	@ 0x96
10001c4c:	f001 f9a4 	bl	10002f98 <sleep_ms>
10001c50:	9b03      	ldr	r3, [sp, #12]
10001c52:	2b01      	cmp	r3, #1
10001c54:	bf14      	ite	ne
10001c56:	2305      	movne	r3, #5
10001c58:	2306      	moveq	r3, #6
10001c5a:	f88d 3037 	strb.w	r3, [sp, #55]	@ 0x37
10001c5e:	2335      	movs	r3, #53	@ 0x35
10001c60:	f88d 305c 	strb.w	r3, [sp, #92]	@ 0x5c
10001c64:	231c      	movs	r3, #28
10001c66:	ec47 3040 	gpioc_bit_out_put r3, r7
10001c6a:	ec47 b040 	gpioc_bit_out_put fp, r7
10001c6e:	f898 2000 	ldrb.w	r2, [r8]
10001c72:	0192      	lsls	r2, r2, #6
10001c74:	f102 42a0 	add.w	r2, r2, #1342177280	@ 0x50000000
10001c78:	6917      	ldr	r7, [r2, #16]
10001c7a:	f017 6780 	ands.w	r7, r7, #67108864	@ 0x4000000
10001c7e:	d1fb      	bne.n	10001c78 <st7789_init+0x250>
10001c80:	f04f 0a01 	mov.w	sl, #1
10001c84:	f8c2 a008 	str.w	sl, [r2, #8]
10001c88:	63d4      	str	r4, [r2, #60]	@ 0x3c
10001c8a:	f7ff fdfb 	bl	10001884 <st7789_dma_wait>
10001c8e:	231b      	movs	r3, #27
10001c90:	ec4a 3040 	gpioc_bit_out_put r3, sl
10001c94:	203a      	movs	r0, #58	@ 0x3a
10001c96:	4652      	mov	r2, sl
10001c98:	f10d 0137 	add.w	r1, sp, #55	@ 0x37
10001c9c:	f7ff fe3c 	bl	10001918 <st7789_command>
10001ca0:	2333      	movs	r3, #51	@ 0x33
10001ca2:	f88d 3048 	strb.w	r3, [sp, #72]	@ 0x48
10001ca6:	4b30      	ldr	r3, [pc, #192]	@ (10001d68 <st7789_init+0x340>)
10001ca8:	2205      	movs	r2, #5
10001caa:	20b2      	movs	r0, #178	@ 0xb2
10001cac:	a911      	add	r1, sp, #68	@ 0x44
10001cae:	9311      	str	r3, [sp, #68]	@ 0x44
10001cb0:	f7ff fe32 	bl	10001918 <st7789_command>
10001cb4:	232c      	movs	r3, #44	@ 0x2c
10001cb6:	4652      	mov	r2, sl
10001cb8:	20c0      	movs	r0, #192	@ 0xc0
10001cba:	a906      	add	r1, sp, #24
10001cbc:	f88d 3018 	strb.w	r3, [sp, #24]
10001cc0:	f7ff fe2a 	bl	10001918 <st7789_command>
10001cc4:	20c2      	movs	r0, #194	@ 0xc2
10001cc6:	4652      	mov	r2, sl
10001cc8:	a907      	add	r1, sp, #28
10001cca:	f88d a01c 	strb.w	sl, [sp, #28]
10001cce:	f7ff fe23 	bl	10001918 <st7789_command>
10001cd2:	2312      	movs	r3, #18
10001cd4:	4652      	mov	r2, sl
10001cd6:	20c3      	movs	r0, #195	@ 0xc3
10001cd8:	a908      	add	r1, sp, #32
10001cda:	f88d 3020 	strb.w	r3, [sp, #32]
10001cde:	f7ff fe1b 	bl	10001918 <st7789_command>
10001ce2:	2320      	movs	r3, #32
10001ce4:	4652      	mov	r2, sl
10001ce6:	20c4      	movs	r0, #196	@ 0xc4
10001ce8:	a909      	add	r1, sp, #36	@ 0x24
10001cea:	f88d 3024 	strb.w	r3, [sp, #36]	@ 0x24
10001cee:	f7ff fe13 	bl	10001918 <st7789_command>
10001cf2:	f24a 13a4 	movw	r3, #41380	@ 0xa1a4
10001cf6:	2202      	movs	r2, #2
10001cf8:	20d0      	movs	r0, #208	@ 0xd0
10001cfa:	a90f      	add	r1, sp, #60	@ 0x3c
10001cfc:	f8ad 303c 	strh.w	r3, [sp, #60]	@ 0x3c
10001d00:	f7ff fe0a 	bl	10001918 <st7789_command>
10001d04:	230f      	movs	r3, #15
10001d06:	4652      	mov	r2, sl
10001d08:	20c6      	movs	r0, #198	@ 0xc6
10001d0a:	a90a      	add	r1, sp, #40	@ 0x28
10001d0c:	f88d 3028 	strb.w	r3, [sp, #40]	@ 0x28
10001d10:	f7ff fe02 	bl	10001918 <st7789_command>
10001d14:	f44f 4340 	mov.w	r3, #49152	@ 0xc000
10001d18:	2202      	movs	r2, #2
10001d1a:	20b0      	movs	r0, #176	@ 0xb0
10001d1c:	a910      	add	r1, sp, #64	@ 0x40
10001d1e:	f8ad 3040 	strh.w	r3, [sp, #64]	@ 0x40
10001d22:	f7ff fdf9 	bl	10001918 <st7789_command>
10001d26:	2ef0      	cmp	r6, #240	@ 0xf0
10001d28:	f000 80e3 	beq.w	10001ef2 <st7789_init+0x4ca>
10001d2c:	f5b6 7fa0 	cmp.w	r6, #320	@ 0x140
10001d30:	f000 80b9 	beq.w	10001ea6 <st7789_init+0x47e>
10001d34:	e01e      	b.n	10001d74 <st7789_init+0x34c>
10001d36:	bf00      	nop
10001d38:	20013d50 	.word	0x20013d50
10001d3c:	50300000 	.word	0x50300000
10001d40:	10009060 	.word	0x10009060
10001d44:	20014858 	.word	0x20014858
10001d48:	20807800 	.word	0x20807800
10001d4c:	ffff87e2 	.word	0xffff87e2
10001d50:	50060000 	.word	0x50060000
10001d54:	4bf42400 	.word	0x4bf42400
10001d58:	3b000000 	.word	0x3b000000
10001d5c:	43800000 	.word	0x43800000
10001d60:	400a8000 	.word	0x400a8000
10001d64:	400a9000 	.word	0x400a9000
10001d68:	33000c0c 	.word	0x33000c0c
10001d6c:	20014859 	.word	0x20014859
10001d70:	20014857 	.word	0x20014857
10001d74:	ab0e      	add	r3, sp, #56	@ 0x38
10001d76:	9303      	str	r3, [sp, #12]
10001d78:	f10d 0a4c 	add.w	sl, sp, #76	@ 0x4c
10001d7c:	2321      	movs	r3, #33	@ 0x21
10001d7e:	221c      	movs	r2, #28
10001d80:	f88d 305c 	strb.w	r3, [sp, #92]	@ 0x5c
10001d84:	f04f 0300 	mov.w	r3, #0
10001d88:	ec43 2040 	gpioc_bit_out_put r2, r3
10001d8c:	221b      	movs	r2, #27
10001d8e:	ec43 2040 	gpioc_bit_out_put r2, r3
10001d92:	f898 2000 	ldrb.w	r2, [r8]
10001d96:	0192      	lsls	r2, r2, #6
10001d98:	f102 42a0 	add.w	r2, r2, #1342177280	@ 0x50000000
10001d9c:	6913      	ldr	r3, [r2, #16]
10001d9e:	f013 6380 	ands.w	r3, r3, #67108864	@ 0x4000000
10001da2:	d1fb      	bne.n	10001d9c <st7789_init+0x374>
10001da4:	2701      	movs	r7, #1
10001da6:	6097      	str	r7, [r2, #8]
10001da8:	63d4      	str	r4, [r2, #60]	@ 0x3c
10001daa:	469b      	mov	fp, r3
10001dac:	f7ff fd6a 	bl	10001884 <st7789_dma_wait>
10001db0:	231b      	movs	r3, #27
10001db2:	ec47 3040 	gpioc_bit_out_put r3, r7
10001db6:	2211      	movs	r2, #17
10001db8:	f88d 205c 	strb.w	r2, [sp, #92]	@ 0x5c
10001dbc:	221c      	movs	r2, #28
10001dbe:	ec4b 2040 	gpioc_bit_out_put r2, fp
10001dc2:	ec4b 3040 	gpioc_bit_out_put r3, fp
10001dc6:	f898 2000 	ldrb.w	r2, [r8]
10001dca:	0192      	lsls	r2, r2, #6
10001dcc:	f102 42a0 	add.w	r2, r2, #1342177280	@ 0x50000000
10001dd0:	6913      	ldr	r3, [r2, #16]
10001dd2:	f013 6380 	ands.w	r3, r3, #67108864	@ 0x4000000
10001dd6:	d1fb      	bne.n	10001dd0 <st7789_init+0x3a8>
10001dd8:	2701      	movs	r7, #1
10001dda:	6097      	str	r7, [r2, #8]
10001ddc:	63d4      	str	r4, [r2, #60]	@ 0x3c
10001dde:	469b      	mov	fp, r3
10001de0:	f7ff fd50 	bl	10001884 <st7789_dma_wait>
10001de4:	231b      	movs	r3, #27
10001de6:	ec47 3040 	gpioc_bit_out_put r3, r7
10001dea:	2229      	movs	r2, #41	@ 0x29
10001dec:	f88d 205c 	strb.w	r2, [sp, #92]	@ 0x5c
10001df0:	221c      	movs	r2, #28
10001df2:	ec4b 2040 	gpioc_bit_out_put r2, fp
10001df6:	ec4b 3040 	gpioc_bit_out_put r3, fp
10001dfa:	f898 2000 	ldrb.w	r2, [r8]
10001dfe:	0192      	lsls	r2, r2, #6
10001e00:	f102 42a0 	add.w	r2, r2, #1342177280	@ 0x50000000
10001e04:	6913      	ldr	r3, [r2, #16]
10001e06:	f013 6380 	ands.w	r3, r3, #67108864	@ 0x4000000
10001e0a:	d1fb      	bne.n	10001e04 <st7789_init+0x3dc>
10001e0c:	f04f 0b01 	mov.w	fp, #1
10001e10:	f8c2 b008 	str.w	fp, [r2, #8]
10001e14:	63d4      	str	r4, [r2, #60]	@ 0x3c
10001e16:	4698      	mov	r8, r3
10001e18:	f7ff fd34 	bl	10001884 <st7789_dma_wait>
10001e1c:	231b      	movs	r3, #27
10001e1e:	ec4b 3040 	gpioc_bit_out_put r3, fp
10001e22:	2064      	movs	r0, #100	@ 0x64
10001e24:	f001 f8b8 	bl	10002f98 <sleep_ms>
10001e28:	f009 03fd 	and.w	r3, r9, #253	@ 0xfd
10001e2c:	455b      	cmp	r3, fp
10001e2e:	462b      	mov	r3, r5
10001e30:	bf1c      	itt	ne
10001e32:	4635      	movne	r5, r6
10001e34:	461e      	movne	r6, r3
10001e36:	2df0      	cmp	r5, #240	@ 0xf0
10001e38:	f8cd 804c 	str.w	r8, [sp, #76]	@ 0x4c
10001e3c:	f8cd 805c 	str.w	r8, [sp, #92]	@ 0x5c
10001e40:	f88d 8038 	strb.w	r8, [sp, #56]	@ 0x38
10001e44:	f000 809a 	beq.w	10001f7c <st7789_init+0x554>
10001e48:	2d87      	cmp	r5, #135	@ 0x87
10001e4a:	d043      	beq.n	10001ed4 <st7789_init+0x4ac>
10001e4c:	f5b5 7fa0 	cmp.w	r5, #320	@ 0x140
10001e50:	f000 80ba 	beq.w	10001fc8 <st7789_init+0x5a0>
10001e54:	4643      	mov	r3, r8
10001e56:	4642      	mov	r2, r8
10001e58:	4641      	mov	r1, r8
10001e5a:	4640      	mov	r0, r8
10001e5c:	f8ad 004c 	strh.w	r0, [sp, #76]	@ 0x4c
10001e60:	f8ad 104e 	strh.w	r1, [sp, #78]	@ 0x4e
10001e64:	f8ad 205c 	strh.w	r2, [sp, #92]	@ 0x5c
10001e68:	4651      	mov	r1, sl
10001e6a:	2204      	movs	r2, #4
10001e6c:	202a      	movs	r0, #42	@ 0x2a
10001e6e:	f8ad 305e 	strh.w	r3, [sp, #94]	@ 0x5e
10001e72:	f7ff fd51 	bl	10001918 <st7789_command>
10001e76:	4621      	mov	r1, r4
10001e78:	2204      	movs	r2, #4
10001e7a:	202b      	movs	r0, #43	@ 0x2b
10001e7c:	f7ff fd4c 	bl	10001918 <st7789_command>
10001e80:	2201      	movs	r2, #1
10001e82:	9903      	ldr	r1, [sp, #12]
10001e84:	2036      	movs	r0, #54	@ 0x36
10001e86:	f7ff fd47 	bl	10001918 <st7789_command>
10001e8a:	2032      	movs	r0, #50	@ 0x32
10001e8c:	f001 f884 	bl	10002f98 <sleep_ms>
10001e90:	4b9e      	ldr	r3, [pc, #632]	@ (1000210c <st7789_init+0x6e4>)
10001e92:	4a9f      	ldr	r2, [pc, #636]	@ (10002110 <st7789_init+0x6e8>)
10001e94:	6f1b      	ldr	r3, [r3, #112]	@ 0x70
10001e96:	43db      	mvns	r3, r3
10001e98:	b29b      	uxth	r3, r3
10001e9a:	6713      	str	r3, [r2, #112]	@ 0x70
10001e9c:	b021      	add	sp, #132	@ 0x84
10001e9e:	e8bd 8ff0 	ldmia.w	sp!, {r4, r5, r6, r7, r8, r9, sl, fp, pc}
10001ea2:	4613      	mov	r3, r2
10001ea4:	e650      	b.n	10001b48 <st7789_init+0x120>
10001ea6:	2df0      	cmp	r5, #240	@ 0xf0
10001ea8:	f47f af64 	bne.w	10001d74 <st7789_init+0x34c>
10001eac:	2335      	movs	r3, #53	@ 0x35
10001eae:	4652      	mov	r2, sl
10001eb0:	20b7      	movs	r0, #183	@ 0xb7
10001eb2:	a90d      	add	r1, sp, #52	@ 0x34
10001eb4:	f88d 3034 	strb.w	r3, [sp, #52]	@ 0x34
10001eb8:	f7ff fd2e 	bl	10001918 <st7789_command>
10001ebc:	231f      	movs	r3, #31
10001ebe:	f88d 3038 	strb.w	r3, [sp, #56]	@ 0x38
10001ec2:	ab0e      	add	r3, sp, #56	@ 0x38
10001ec4:	4652      	mov	r2, sl
10001ec6:	4619      	mov	r1, r3
10001ec8:	20bb      	movs	r0, #187	@ 0xbb
10001eca:	9303      	str	r3, [sp, #12]
10001ecc:	4f91      	ldr	r7, [pc, #580]	@ (10002114 <st7789_init+0x6ec>)
10001ece:	f7ff fd23 	bl	10001918 <st7789_command>
10001ed2:	e036      	b.n	10001f42 <st7789_init+0x51a>
10001ed4:	2ef0      	cmp	r6, #240	@ 0xf0
10001ed6:	d1bd      	bne.n	10001e54 <st7789_init+0x42c>
10001ed8:	f1b9 0f01 	cmp.w	r9, #1
10001edc:	f000 80e5 	beq.w	100020aa <st7789_init+0x682>
10001ee0:	f241 7301 	movw	r3, #5889	@ 0x1701
10001ee4:	f44f 5220 	mov.w	r2, #10240	@ 0x2800
10001ee8:	f44f 413a 	mov.w	r1, #47616	@ 0xba00
10001eec:	f44f 5050 	mov.w	r0, #13312	@ 0x3400
10001ef0:	e7b4      	b.n	10001e5c <st7789_init+0x434>
10001ef2:	2df0      	cmp	r5, #240	@ 0xf0
10001ef4:	f000 80a8 	beq.w	10002048 <st7789_init+0x620>
10001ef8:	2d87      	cmp	r5, #135	@ 0x87
10001efa:	f47f af3b 	bne.w	10001d74 <st7789_init+0x34c>
10001efe:	4652      	mov	r2, sl
10001f00:	20c3      	movs	r0, #195	@ 0xc3
10001f02:	a90b      	add	r1, sp, #44	@ 0x2c
10001f04:	f88d 702c 	strb.w	r7, [sp, #44]	@ 0x2c
10001f08:	f7ff fd06 	bl	10001918 <st7789_command>
10001f0c:	2375      	movs	r3, #117	@ 0x75
10001f0e:	4652      	mov	r2, sl
10001f10:	20b7      	movs	r0, #183	@ 0xb7
10001f12:	a90c      	add	r1, sp, #48	@ 0x30
10001f14:	f88d 3030 	strb.w	r3, [sp, #48]	@ 0x30
10001f18:	f7ff fcfe 	bl	10001918 <st7789_command>
10001f1c:	233d      	movs	r3, #61	@ 0x3d
10001f1e:	4652      	mov	r2, sl
10001f20:	20bb      	movs	r0, #187	@ 0xbb
10001f22:	a90d      	add	r1, sp, #52	@ 0x34
10001f24:	f88d 3034 	strb.w	r3, [sp, #52]	@ 0x34
10001f28:	f7ff fcf6 	bl	10001918 <st7789_command>
10001f2c:	23a1      	movs	r3, #161	@ 0xa1
10001f2e:	f88d 3038 	strb.w	r3, [sp, #56]	@ 0x38
10001f32:	ab0e      	add	r3, sp, #56	@ 0x38
10001f34:	4652      	mov	r2, sl
10001f36:	4619      	mov	r1, r3
10001f38:	20d6      	movs	r0, #214	@ 0xd6
10001f3a:	9303      	str	r3, [sp, #12]
10001f3c:	f7ff fcec 	bl	10001918 <st7789_command>
10001f40:	4f75      	ldr	r7, [pc, #468]	@ (10002118 <st7789_init+0x6f0>)
10001f42:	f10d 0c4c 	add.w	ip, sp, #76	@ 0x4c
10001f46:	46e2      	mov	sl, ip
10001f48:	e897 000f 	ldmia.w	r7, {r0, r1, r2, r3}
10001f4c:	e8ac 0007 	stmia.w	ip!, {r0, r1, r2}
10001f50:	4651      	mov	r1, sl
10001f52:	f8ac 3000 	strh.w	r3, [ip]
10001f56:	220e      	movs	r2, #14
10001f58:	20e0      	movs	r0, #224	@ 0xe0
10001f5a:	f7ff fcdd 	bl	10001918 <st7789_command>
10001f5e:	46a4      	mov	ip, r4
10001f60:	f107 0b10 	add.w	fp, r7, #16
10001f64:	e89b 000f 	ldmia.w	fp, {r0, r1, r2, r3}
10001f68:	e8ac 0007 	stmia.w	ip!, {r0, r1, r2}
10001f6c:	220e      	movs	r2, #14
10001f6e:	4621      	mov	r1, r4
10001f70:	20e1      	movs	r0, #225	@ 0xe1
10001f72:	f8ac 3000 	strh.w	r3, [ip]
10001f76:	f7ff fccf 	bl	10001918 <st7789_command>
10001f7a:	e6ff      	b.n	10001d7c <st7789_init+0x354>
10001f7c:	2ef0      	cmp	r6, #240	@ 0xf0
10001f7e:	d036      	beq.n	10001fee <st7789_init+0x5c6>
10001f80:	2e87      	cmp	r6, #135	@ 0x87
10001f82:	d012      	beq.n	10001faa <st7789_init+0x582>
10001f84:	f5b6 7fa0 	cmp.w	r6, #320	@ 0x140
10001f88:	d150      	bne.n	1000202c <st7789_init+0x604>
10001f8a:	f109 39ff 	add.w	r9, r9, #4294967295	@ 0xffffffff
10001f8e:	f1b9 0f01 	cmp.w	r9, #1
10001f92:	bf8c      	ite	hi
10001f94:	2000      	movhi	r0, #0
10001f96:	20c0      	movls	r0, #192	@ 0xc0
10001f98:	4642      	mov	r2, r8
10001f9a:	f88d 0038 	strb.w	r0, [sp, #56]	@ 0x38
10001f9e:	f643 7301 	movw	r3, #16129	@ 0x3f01
10001fa2:	f44f 416f 	mov.w	r1, #61184	@ 0xef00
10001fa6:	4640      	mov	r0, r8
10001fa8:	e758      	b.n	10001e5c <st7789_init+0x434>
10001faa:	f1b9 0f00 	cmp.w	r9, #0
10001fae:	d15f      	bne.n	10002070 <st7789_init+0x648>
10001fb0:	f44f 433b 	mov.w	r3, #47872	@ 0xbb00
10001fb4:	f44f 5254 	mov.w	r2, #13568	@ 0x3500
10001fb8:	2170      	movs	r1, #112	@ 0x70
10001fba:	f88d 1038 	strb.w	r1, [sp, #56]	@ 0x38
10001fbe:	f44f 5020 	mov.w	r0, #10240	@ 0x2800
10001fc2:	f241 7101 	movw	r1, #5889	@ 0x1701
10001fc6:	e749      	b.n	10001e5c <st7789_init+0x434>
10001fc8:	2ef0      	cmp	r6, #240	@ 0xf0
10001fca:	f47f af43 	bne.w	10001e54 <st7789_init+0x42c>
10001fce:	f109 39ff 	add.w	r9, r9, #4294967295	@ 0xffffffff
10001fd2:	f1b9 0f01 	cmp.w	r9, #1
10001fd6:	bf8c      	ite	hi
10001fd8:	2070      	movhi	r0, #112	@ 0x70
10001fda:	20b0      	movls	r0, #176	@ 0xb0
10001fdc:	4642      	mov	r2, r8
10001fde:	f88d 0038 	strb.w	r0, [sp, #56]	@ 0x38
10001fe2:	f44f 436f 	mov.w	r3, #61184	@ 0xef00
10001fe6:	f643 7101 	movw	r1, #16129	@ 0x3f01
10001fea:	4640      	mov	r0, r8
10001fec:	e736      	b.n	10001e5c <st7789_init+0x434>
10001fee:	9b04      	ldr	r3, [sp, #16]
10001ff0:	b153      	cbz	r3, 10002008 <st7789_init+0x5e0>
10001ff2:	f1b9 0f02 	cmp.w	r9, #2
10001ff6:	d046      	beq.n	10002086 <st7789_init+0x65e>
10001ff8:	f1b9 0f03 	cmp.w	r9, #3
10001ffc:	d06a      	beq.n	100020d4 <st7789_init+0x6ac>
10001ffe:	f1b9 0f01 	cmp.w	r9, #1
10002002:	d05e      	beq.n	100020c2 <st7789_init+0x69a>
10002004:	4b45      	ldr	r3, [pc, #276]	@ (1000211c <st7789_init+0x6f4>)
10002006:	e00a      	b.n	1000201e <st7789_init+0x5f6>
10002008:	f1b9 0f02 	cmp.w	r9, #2
1000200c:	d044      	beq.n	10002098 <st7789_init+0x670>
1000200e:	f1b9 0f03 	cmp.w	r9, #3
10002012:	d072      	beq.n	100020fa <st7789_init+0x6d2>
10002014:	f1b9 0f01 	cmp.w	r9, #1
10002018:	d065      	beq.n	100020e6 <st7789_init+0x6be>
1000201a:	f44f 036f 	mov.w	r3, #15663104	@ 0xef0000
1000201e:	22ef      	movs	r2, #239	@ 0xef
10002020:	9317      	str	r3, [sp, #92]	@ 0x5c
10002022:	2304      	movs	r3, #4
10002024:	f8ad 204e 	strh.w	r2, [sp, #78]	@ 0x4e
10002028:	f88d 3038 	strb.w	r3, [sp, #56]	@ 0x38
1000202c:	f8bd 004c 	ldrh.w	r0, [sp, #76]	@ 0x4c
10002030:	f8bd 104e 	ldrh.w	r1, [sp, #78]	@ 0x4e
10002034:	f8bd 205c 	ldrh.w	r2, [sp, #92]	@ 0x5c
10002038:	f8bd 805e 	ldrh.w	r8, [sp, #94]	@ 0x5e
1000203c:	ba40      	rev16	r0, r0
1000203e:	ba49      	rev16	r1, r1
10002040:	ba52      	rev16	r2, r2
10002042:	fa98 f398 	rev16.w	r3, r8
10002046:	e709      	b.n	10001e5c <st7789_init+0x434>
10002048:	2314      	movs	r3, #20
1000204a:	4652      	mov	r2, sl
1000204c:	20b7      	movs	r0, #183	@ 0xb7
1000204e:	a90d      	add	r1, sp, #52	@ 0x34
10002050:	f88d 3034 	strb.w	r3, [sp, #52]	@ 0x34
10002054:	f7ff fc60 	bl	10001918 <st7789_command>
10002058:	2337      	movs	r3, #55	@ 0x37
1000205a:	f88d 3038 	strb.w	r3, [sp, #56]	@ 0x38
1000205e:	ab0e      	add	r3, sp, #56	@ 0x38
10002060:	4652      	mov	r2, sl
10002062:	4619      	mov	r1, r3
10002064:	20bb      	movs	r0, #187	@ 0xbb
10002066:	9303      	str	r3, [sp, #12]
10002068:	4f2d      	ldr	r7, [pc, #180]	@ (10002120 <st7789_init+0x6f8>)
1000206a:	f7ff fc55 	bl	10001918 <st7789_command>
1000206e:	e768      	b.n	10001f42 <st7789_init+0x51a>
10002070:	f1b9 0f02 	cmp.w	r9, #2
10002074:	f44f 433a 	mov.w	r3, #47616	@ 0xba00
10002078:	f44f 5250 	mov.w	r2, #13312	@ 0x3400
1000207c:	d101      	bne.n	10002082 <st7789_init+0x65a>
1000207e:	21b0      	movs	r1, #176	@ 0xb0
10002080:	e79b      	b.n	10001fba <st7789_init+0x592>
10002082:	2170      	movs	r1, #112	@ 0x70
10002084:	e799      	b.n	10001fba <st7789_init+0x592>
10002086:	22ef      	movs	r2, #239	@ 0xef
10002088:	23c4      	movs	r3, #196	@ 0xc4
1000208a:	4924      	ldr	r1, [pc, #144]	@ (1000211c <st7789_init+0x6f4>)
1000208c:	f8ad 204e 	strh.w	r2, [sp, #78]	@ 0x4e
10002090:	9117      	str	r1, [sp, #92]	@ 0x5c
10002092:	f88d 3038 	strb.w	r3, [sp, #56]	@ 0x38
10002096:	e7c9      	b.n	1000202c <st7789_init+0x604>
10002098:	22ef      	movs	r2, #239	@ 0xef
1000209a:	23c4      	movs	r3, #196	@ 0xc4
1000209c:	4921      	ldr	r1, [pc, #132]	@ (10002124 <st7789_init+0x6fc>)
1000209e:	f8ad 204e 	strh.w	r2, [sp, #78]	@ 0x4e
100020a2:	9117      	str	r1, [sp, #92]	@ 0x5c
100020a4:	f88d 3038 	strb.w	r3, [sp, #56]	@ 0x38
100020a8:	e7c0      	b.n	1000202c <st7789_init+0x604>
100020aa:	25c0      	movs	r5, #192	@ 0xc0
100020ac:	f241 7301 	movw	r3, #5889	@ 0x1701
100020b0:	f44f 5220 	mov.w	r2, #10240	@ 0x2800
100020b4:	f44f 413b 	mov.w	r1, #47872	@ 0xbb00
100020b8:	f44f 5054 	mov.w	r0, #13568	@ 0x3500
100020bc:	f88d 5038 	strb.w	r5, [sp, #56]	@ 0x38
100020c0:	e6cc      	b.n	10001e5c <st7789_init+0x434>
100020c2:	22ef      	movs	r2, #239	@ 0xef
100020c4:	2364      	movs	r3, #100	@ 0x64
100020c6:	4915      	ldr	r1, [pc, #84]	@ (1000211c <st7789_init+0x6f4>)
100020c8:	f8ad 205e 	strh.w	r2, [sp, #94]	@ 0x5e
100020cc:	9113      	str	r1, [sp, #76]	@ 0x4c
100020ce:	f88d 3038 	strb.w	r3, [sp, #56]	@ 0x38
100020d2:	e7ab      	b.n	1000202c <st7789_init+0x604>
100020d4:	22ef      	movs	r2, #239	@ 0xef
100020d6:	23a0      	movs	r3, #160	@ 0xa0
100020d8:	4910      	ldr	r1, [pc, #64]	@ (1000211c <st7789_init+0x6f4>)
100020da:	f8ad 205e 	strh.w	r2, [sp, #94]	@ 0x5e
100020de:	9113      	str	r1, [sp, #76]	@ 0x4c
100020e0:	f88d 3038 	strb.w	r3, [sp, #56]	@ 0x38
100020e4:	e7a2      	b.n	1000202c <st7789_init+0x604>
100020e6:	f44f 026f 	mov.w	r2, #15663104	@ 0xef0000
100020ea:	23ef      	movs	r3, #239	@ 0xef
100020ec:	2164      	movs	r1, #100	@ 0x64
100020ee:	9213      	str	r2, [sp, #76]	@ 0x4c
100020f0:	f88d 1038 	strb.w	r1, [sp, #56]	@ 0x38
100020f4:	f8ad 305e 	strh.w	r3, [sp, #94]	@ 0x5e
100020f8:	e798      	b.n	1000202c <st7789_init+0x604>
100020fa:	22ef      	movs	r2, #239	@ 0xef
100020fc:	23a0      	movs	r3, #160	@ 0xa0
100020fe:	4909      	ldr	r1, [pc, #36]	@ (10002124 <st7789_init+0x6fc>)
10002100:	f8ad 205e 	strh.w	r2, [sp, #94]	@ 0x5e
10002104:	9113      	str	r1, [sp, #76]	@ 0x4c
10002106:	f88d 3038 	strb.w	r3, [sp, #56]	@ 0x38
1000210a:	e78f      	b.n	1000202c <st7789_init+0x604>
1000210c:	400a8000 	.word	0x400a8000
10002110:	400a9000 	.word	0x400a9000
10002114:	1000908c 	.word	0x1000908c
10002118:	100090ac 	.word	0x100090ac
1000211c:	01170028 	.word	0x01170028
10002120:	1000906c 	.word	0x1000906c
10002124:	013f0050 	.word	0x013f0050

10002128 <update_leds>:
10002128:	2300      	movs	r3, #0
1000212a:	b510      	push	{r4, lr}
1000212c:	469c      	mov	ip, r3
1000212e:	2401      	movs	r4, #1
10002130:	f8df e060 	ldr.w	lr, [pc, #96]	@ 10002194 <update_leds+0x6c>
10002134:	7941      	ldrb	r1, [r0, #5]
10002136:	b084      	sub	sp, #16
10002138:	fa41 f203 	asr.w	r2, r1, r3
1000213c:	07d2      	lsls	r2, r2, #31
1000213e:	d405      	bmi.n	1000214c <update_leds+0x24>
10002140:	f81e 2003 	ldrb.w	r2, [lr, r3]
10002144:	fa04 f202 	lsl.w	r2, r4, r2
10002148:	ea4c 0c02 	orr.w	ip, ip, r2
1000214c:	3301      	adds	r3, #1
1000214e:	2b04      	cmp	r3, #4
10002150:	d1f2      	bne.n	10002138 <update_leds+0x10>
10002152:	6803      	ldr	r3, [r0, #0]
10002154:	b1d3      	cbz	r3, 1000218c <update_leds+0x64>
10002156:	4602      	mov	r2, r0
10002158:	f04f 0e00 	mov.w	lr, #0
1000215c:	2402      	movs	r4, #2
1000215e:	7911      	ldrb	r1, [r2, #4]
10002160:	f88d c00d 	strb.w	ip, [sp, #13]
10002164:	4618      	mov	r0, r3
10002166:	ea4f 2c1c 	mov.w	ip, ip, lsr #8
1000216a:	2303      	movs	r3, #3
1000216c:	aa03      	add	r2, sp, #12
1000216e:	f8cd e000 	str.w	lr, [sp]
10002172:	f88d c00e 	strb.w	ip, [sp, #14]
10002176:	f88d 400c 	strb.w	r4, [sp, #12]
1000217a:	f006 f91d 	bl	100083b8 <i2c_write_blocking>
1000217e:	f1a0 0003 	sub.w	r0, r0, #3
10002182:	fab0 f080 	clz	r0, r0
10002186:	0940      	lsrs	r0, r0, #5
10002188:	b004      	add	sp, #16
1000218a:	bd10      	pop	{r4, pc}
1000218c:	4618      	mov	r0, r3
1000218e:	b004      	add	sp, #16
10002190:	bd10      	pop	{r4, pc}
10002192:	bf00      	nop
10002194:	100090d8 	.word	0x100090d8

10002198 <qwstpad_init>:
10002198:	e92d 43f0 	stmdb	sp!, {r4, r5, r6, r7, r8, r9, lr}
1000219c:	b085      	sub	sp, #20
1000219e:	2800      	cmp	r0, #0
100021a0:	d074      	beq.n	1000228c <qwstpad_init+0xf4>
100021a2:	2900      	cmp	r1, #0
100021a4:	d072      	beq.n	1000228c <qwstpad_init+0xf4>
100021a6:	f1a2 0c21 	sub.w	ip, r2, #33	@ 0x21
100021aa:	fa5f fc8c 	uxtb.w	ip, ip
100021ae:	f1bc 0f06 	cmp.w	ip, #6
100021b2:	d86b      	bhi.n	1000228c <qwstpad_init+0xf4>
100021b4:	2455      	movs	r4, #85	@ 0x55
100021b6:	fa24 f40c 	lsr.w	r4, r4, ip
100021ba:	f014 0401 	ands.w	r4, r4, #1
100021be:	d065      	beq.n	1000228c <qwstpad_init+0xf4>
100021c0:	4698      	mov	r8, r3
100021c2:	f643 7306 	movw	r3, #16134	@ 0x3f06
100021c6:	4605      	mov	r5, r0
100021c8:	f8ad 300c 	strh.w	r3, [sp, #12]
100021cc:	f04f 0300 	mov.w	r3, #0
100021d0:	6001      	str	r1, [r0, #0]
100021d2:	2600      	movs	r6, #0
100021d4:	716b      	strb	r3, [r5, #5]
100021d6:	23f9      	movs	r3, #249	@ 0xf9
100021d8:	712a      	strb	r2, [r5, #4]
100021da:	4608      	mov	r0, r1
100021dc:	f88d 300e 	strb.w	r3, [sp, #14]
100021e0:	4611      	mov	r1, r2
100021e2:	4691      	mov	r9, r2
100021e4:	2303      	movs	r3, #3
100021e6:	9600      	str	r6, [sp, #0]
100021e8:	aa03      	add	r2, sp, #12
100021ea:	f006 f8e5 	bl	100083b8 <i2c_write_blocking>
100021ee:	4607      	mov	r7, r0
100021f0:	6828      	ldr	r0, [r5, #0]
100021f2:	2800      	cmp	r0, #0
100021f4:	d04a      	beq.n	1000228c <qwstpad_init+0xf4>
100021f6:	f643 7304 	movw	r3, #16132	@ 0x3f04
100021fa:	f8ad 300c 	strh.w	r3, [sp, #12]
100021fe:	23f8      	movs	r3, #248	@ 0xf8
10002200:	9600      	str	r6, [sp, #0]
10002202:	7929      	ldrb	r1, [r5, #4]
10002204:	f88d 300e 	strb.w	r3, [sp, #14]
10002208:	aa03      	add	r2, sp, #12
1000220a:	2303      	movs	r3, #3
1000220c:	f006 f8d4 	bl	100083b8 <i2c_write_blocking>
10002210:	2803      	cmp	r0, #3
10002212:	6829      	ldr	r1, [r5, #0]
10002214:	d128      	bne.n	10002268 <qwstpad_init+0xd0>
10002216:	2f03      	cmp	r7, #3
10002218:	d126      	bne.n	10002268 <qwstpad_init+0xd0>
1000221a:	2900      	cmp	r1, #0
1000221c:	d036      	beq.n	1000228c <qwstpad_init+0xf4>
1000221e:	4608      	mov	r0, r1
10002220:	f24c 0102 	movw	r1, #49154	@ 0xc002
10002224:	2300      	movs	r3, #0
10002226:	f8ad 100c 	strh.w	r1, [sp, #12]
1000222a:	2106      	movs	r1, #6
1000222c:	9300      	str	r3, [sp, #0]
1000222e:	f88d 100e 	strb.w	r1, [sp, #14]
10002232:	463b      	mov	r3, r7
10002234:	7929      	ldrb	r1, [r5, #4]
10002236:	aa03      	add	r2, sp, #12
10002238:	f006 f8be 	bl	100083b8 <i2c_write_blocking>
1000223c:	2803      	cmp	r0, #3
1000223e:	d125      	bne.n	1000228c <qwstpad_init+0xf4>
10002240:	f1b8 0f00 	cmp.w	r8, #0
10002244:	d023      	beq.n	1000228e <qwstpad_init+0xf6>
10002246:	f1a9 0223 	sub.w	r2, r9, #35	@ 0x23
1000224a:	b2d2      	uxtb	r2, r2
1000224c:	2a04      	cmp	r2, #4
1000224e:	f04f 0301 	mov.w	r3, #1
10002252:	d802      	bhi.n	1000225a <qwstpad_init+0xc2>
10002254:	4910      	ldr	r1, [pc, #64]	@ (10002298 <qwstpad_init+0x100>)
10002256:	5c8a      	ldrb	r2, [r1, r2]
10002258:	4093      	lsls	r3, r2
1000225a:	4628      	mov	r0, r5
1000225c:	716b      	strb	r3, [r5, #5]
1000225e:	b005      	add	sp, #20
10002260:	e8bd 43f0 	ldmia.w	sp!, {r4, r5, r6, r7, r8, r9, lr}
10002264:	f7ff bf60 	b.w	10002128 <update_leds>
10002268:	b181      	cbz	r1, 1000228c <qwstpad_init+0xf4>
1000226a:	f24c 0302 	movw	r3, #49154	@ 0xc002
1000226e:	f04f 0c00 	mov.w	ip, #0
10002272:	2406      	movs	r4, #6
10002274:	4608      	mov	r0, r1
10002276:	f8ad 300c 	strh.w	r3, [sp, #12]
1000227a:	7929      	ldrb	r1, [r5, #4]
1000227c:	2303      	movs	r3, #3
1000227e:	aa03      	add	r2, sp, #12
10002280:	f8cd c000 	str.w	ip, [sp]
10002284:	f88d 400e 	strb.w	r4, [sp, #14]
10002288:	f006 f896 	bl	100083b8 <i2c_write_blocking>
1000228c:	2400      	movs	r4, #0
1000228e:	4620      	mov	r0, r4
10002290:	b005      	add	sp, #20
10002292:	e8bd 83f0 	ldmia.w	sp!, {r4, r5, r6, r7, r8, r9, pc}
10002296:	bf00      	nop
10002298:	100090cc 	.word	0x100090cc

1000229c <qwstpad_read_buttons>:
1000229c:	b1c8      	cbz	r0, 100022d2 <qwstpad_read_buttons+0x36>
1000229e:	b1c1      	cbz	r1, 100022d2 <qwstpad_read_buttons+0x36>
100022a0:	f04f 0300 	mov.w	r3, #0
100022a4:	b570      	push	{r4, r5, r6, lr}
100022a6:	6802      	ldr	r2, [r0, #0]
100022a8:	b084      	sub	sp, #16
100022aa:	f88d 300b 	strb.w	r3, [sp, #11]
100022ae:	b16a      	cbz	r2, 100022cc <qwstpad_read_buttons+0x30>
100022b0:	2301      	movs	r3, #1
100022b2:	460d      	mov	r5, r1
100022b4:	4601      	mov	r1, r0
100022b6:	4606      	mov	r6, r0
100022b8:	7909      	ldrb	r1, [r1, #4]
100022ba:	4610      	mov	r0, r2
100022bc:	9300      	str	r3, [sp, #0]
100022be:	f10d 020b 	add.w	r2, sp, #11
100022c2:	f006 f879 	bl	100083b8 <i2c_write_blocking>
100022c6:	2801      	cmp	r0, #1
100022c8:	4604      	mov	r4, r0
100022ca:	d004      	beq.n	100022d6 <qwstpad_read_buttons+0x3a>
100022cc:	2000      	movs	r0, #0
100022ce:	b004      	add	sp, #16
100022d0:	bd70      	pop	{r4, r5, r6, pc}
100022d2:	2000      	movs	r0, #0
100022d4:	4770      	bx	lr
100022d6:	2200      	movs	r2, #0
100022d8:	9200      	str	r2, [sp, #0]
100022da:	2302      	movs	r3, #2
100022dc:	7931      	ldrb	r1, [r6, #4]
100022de:	6830      	ldr	r0, [r6, #0]
100022e0:	aa03      	add	r2, sp, #12
100022e2:	f006 f877 	bl	100083d4 <i2c_read_blocking>
100022e6:	2802      	cmp	r0, #2
100022e8:	d1f0      	bne.n	100022cc <qwstpad_read_buttons+0x30>
100022ea:	2200      	movs	r2, #0
100022ec:	4611      	mov	r1, r2
100022ee:	f8bd e00c 	ldrh.w	lr, [sp, #12]
100022f2:	f8df c02c 	ldr.w	ip, [pc, #44]	@ 10002320 <qwstpad_read_buttons+0x84>
100022f6:	f81c 0b01 	ldrb.w	r0, [ip], #1
100022fa:	fa04 f302 	lsl.w	r3, r4, r2
100022fe:	430b      	orrs	r3, r1
10002300:	fa04 f000 	lsl.w	r0, r4, r0
10002304:	ea1e 0f00 	tst.w	lr, r0
10002308:	b29b      	uxth	r3, r3
1000230a:	f102 0201 	add.w	r2, r2, #1
1000230e:	bf18      	it	ne
10002310:	4619      	movne	r1, r3
10002312:	2a0a      	cmp	r2, #10
10002314:	d1ef      	bne.n	100022f6 <qwstpad_read_buttons+0x5a>
10002316:	2001      	movs	r0, #1
10002318:	8029      	strh	r1, [r5, #0]
1000231a:	b004      	add	sp, #16
1000231c:	bd70      	pop	{r4, r5, r6, pc}
1000231e:	bf00      	nop
10002320:	100090e0 	.word	0x100090e0

10002324 <gpio_set_function>:
10002324:	f44f 7c80 	mov.w	ip, #256	@ 0x100
10002328:	4b0c      	ldr	r3, [pc, #48]	@ (1000235c <gpio_set_function+0x38>)
1000232a:	b500      	push	{lr}
1000232c:	f853 2020 	ldr.w	r2, [r3, r0, lsl #2]
10002330:	eb03 0380 	add.w	r3, r3, r0, lsl #2
10002334:	00c0      	lsls	r0, r0, #3
10002336:	f082 0240 	eor.w	r2, r2, #64	@ 0x40
1000233a:	f100 4080 	add.w	r0, r0, #1073741824	@ 0x40000000
1000233e:	f503 5e80 	add.w	lr, r3, #4096	@ 0x1000
10002342:	f002 02c0 	and.w	r2, r2, #192	@ 0xc0
10002346:	f500 3020 	add.w	r0, r0, #163840	@ 0x28000
1000234a:	f503 5340 	add.w	r3, r3, #12288	@ 0x3000
1000234e:	f8ce 2000 	str.w	r2, [lr]
10002352:	6041      	str	r1, [r0, #4]
10002354:	f8c3 c000 	str.w	ip, [r3]
10002358:	bd00      	pop	{pc}
1000235a:	bf00      	nop
1000235c:	40038004 	.word	0x40038004

10002360 <gpio_set_pulls>:
10002360:	f8df c01c 	ldr.w	ip, [pc, #28]	@ 10002380 <gpio_set_pulls+0x20>
10002364:	00c9      	lsls	r1, r1, #3
10002366:	ea41 0182 	orr.w	r1, r1, r2, lsl #2
1000236a:	f85c 2020 	ldr.w	r2, [ip, r0, lsl #2]
1000236e:	eb0c 0380 	add.w	r3, ip, r0, lsl #2
10002372:	4051      	eors	r1, r2
10002374:	f503 5380 	add.w	r3, r3, #4096	@ 0x1000
10002378:	f001 010c 	and.w	r1, r1, #12
1000237c:	6019      	str	r1, [r3, #0]
1000237e:	4770      	bx	lr
10002380:	40038004 	.word	0x40038004

10002384 <gpio_init>:
10002384:	f04f 0300 	mov.w	r3, #0
10002388:	b500      	push	{lr}
1000238a:	ec43 0044 	gpioc_bit_oe_put r0, r3
1000238e:	ec43 0040 	gpioc_bit_out_put r0, r3
10002392:	f04f 0e05 	mov.w	lr, #5
10002396:	f44f 7c80 	mov.w	ip, #256	@ 0x100
1000239a:	4b0c      	ldr	r3, [pc, #48]	@ (100023cc <gpio_init+0x48>)
1000239c:	00c2      	lsls	r2, r0, #3
1000239e:	f853 1020 	ldr.w	r1, [r3, r0, lsl #2]
100023a2:	eb03 0080 	add.w	r0, r3, r0, lsl #2
100023a6:	f081 0140 	eor.w	r1, r1, #64	@ 0x40
100023aa:	f102 4380 	add.w	r3, r2, #1073741824	@ 0x40000000
100023ae:	f503 3320 	add.w	r3, r3, #163840	@ 0x28000
100023b2:	f001 02c0 	and.w	r2, r1, #192	@ 0xc0
100023b6:	f500 5180 	add.w	r1, r0, #4096	@ 0x1000
100023ba:	f500 5040 	add.w	r0, r0, #12288	@ 0x3000
100023be:	600a      	str	r2, [r1, #0]
100023c0:	f8c3 e004 	str.w	lr, [r3, #4]
100023c4:	f8c0 c000 	str.w	ip, [r0]
100023c8:	bd00      	pop	{pc}
100023ca:	bf00      	nop
100023cc:	40038004 	.word	0x40038004

100023d0 <panic>:
100023d0:	b40f      	push	{r0, r1, r2, r3}
100023d2:	b500      	push	{lr}
100023d4:	4808      	ldr	r0, [pc, #32]	@ (100023f8 <panic+0x28>)
100023d6:	b083      	sub	sp, #12
100023d8:	f003 fc64 	bl	10005ca4 <__wrap_puts>
100023dc:	9b04      	ldr	r3, [sp, #16]
100023de:	b13b      	cbz	r3, 100023f0 <panic+0x20>
100023e0:	a905      	add	r1, sp, #20
100023e2:	4618      	mov	r0, r3
100023e4:	9101      	str	r1, [sp, #4]
100023e6:	f003 fb1d 	bl	10005a24 <weak_raw_vprintf>
100023ea:	4804      	ldr	r0, [pc, #16]	@ (100023fc <panic+0x2c>)
100023ec:	f003 fc5a 	bl	10005ca4 <__wrap_puts>
100023f0:	2001      	movs	r0, #1
100023f2:	f003 fb2f 	bl	10005a54 <_exit>
100023f6:	bf00      	nop
100023f8:	10008e78 	.word	0x10008e78
100023fc:	10008e74 	.word	0x10008e74

10002400 <hw_claim_lock>:
10002400:	f3ef 8010 	mrs	r0, PRIMASK
10002404:	b672      	cpsid	i
10002406:	4b06      	ldr	r3, [pc, #24]	@ (10002420 <hw_claim_lock+0x20>)
10002408:	e8d3 1fcf 	ldaexb	r1, [r3]
1000240c:	2201      	movs	r2, #1
1000240e:	2900      	cmp	r1, #0
10002410:	d1fa      	bne.n	10002408 <hw_claim_lock+0x8>
10002412:	e8c3 2f41 	strexb	r1, r2, [r3]
10002416:	2900      	cmp	r1, #0
10002418:	d1f6      	bne.n	10002408 <hw_claim_lock+0x8>
1000241a:	f3bf 8f5f 	dmb	sy
1000241e:	4770      	bx	lr
10002420:	200111df 	.word	0x200111df

10002424 <hw_claim_unlock>:
10002424:	2300      	movs	r3, #0
10002426:	4a03      	ldr	r2, [pc, #12]	@ (10002434 <hw_claim_unlock+0x10>)
10002428:	e8c2 3f8f 	stlb	r3, [r2]
1000242c:	f380 8810 	msr	PRIMASK, r0
10002430:	4770      	bx	lr
10002432:	bf00      	nop
10002434:	200111df 	.word	0x200111df

10002438 <hw_claim_or_assert>:
10002438:	b570      	push	{r4, r5, r6, lr}
1000243a:	4616      	mov	r6, r2
1000243c:	f3ef 8410 	mrs	r4, PRIMASK
10002440:	b672      	cpsid	i
10002442:	f8df e048 	ldr.w	lr, [pc, #72]	@ 1000248c <hw_claim_or_assert+0x54>
10002446:	e8de 2fcf 	ldaexb	r2, [lr]
1000244a:	2301      	movs	r3, #1
1000244c:	2a00      	cmp	r2, #0
1000244e:	d1fa      	bne.n	10002446 <hw_claim_or_assert+0xe>
10002450:	e8ce 3f42 	strexb	r2, r3, [lr]
10002454:	2a00      	cmp	r2, #0
10002456:	d1f6      	bne.n	10002446 <hw_claim_or_assert+0xe>
10002458:	f3bf 8f5f 	dmb	sy
1000245c:	2301      	movs	r3, #1
1000245e:	f001 0c07 	and.w	ip, r1, #7
10002462:	08ca      	lsrs	r2, r1, #3
10002464:	fa03 f30c 	lsl.w	r3, r3, ip
10002468:	f810 c002 	ldrb.w	ip, [r0, r2]
1000246c:	ea1c 0503 	ands.w	r5, ip, r3
10002470:	d108      	bne.n	10002484 <hw_claim_or_assert+0x4c>
10002472:	ea4c 0c03 	orr.w	ip, ip, r3
10002476:	f800 c002 	strb.w	ip, [r0, r2]
1000247a:	e8ce 5f8f 	stlb	r5, [lr]
1000247e:	f384 8810 	msr	PRIMASK, r4
10002482:	bd70      	pop	{r4, r5, r6, pc}
10002484:	4630      	mov	r0, r6
10002486:	f7ff ffa3 	bl	100023d0 <panic>
1000248a:	bf00      	nop
1000248c:	200111df 	.word	0x200111df

10002490 <hw_claim_unused_from_range>:
10002490:	b5f8      	push	{r3, r4, r5, r6, r7, lr}
10002492:	460f      	mov	r7, r1
10002494:	4619      	mov	r1, r3
10002496:	f3ef 8610 	mrs	r6, PRIMASK
1000249a:	b672      	cpsid	i
1000249c:	4d1c      	ldr	r5, [pc, #112]	@ (10002510 <hw_claim_unused_from_range+0x80>)
1000249e:	e8d5 4fcf 	ldaexb	r4, [r5]
100024a2:	2301      	movs	r3, #1
100024a4:	2c00      	cmp	r4, #0
100024a6:	d1fa      	bne.n	1000249e <hw_claim_unused_from_range+0xe>
100024a8:	e8c5 3f44 	strexb	r4, r3, [r5]
100024ac:	2c00      	cmp	r4, #0
100024ae:	d1f6      	bne.n	1000249e <hw_claim_unused_from_range+0xe>
100024b0:	f3bf 8f5f 	dmb	sy
100024b4:	428a      	cmp	r2, r1
100024b6:	d81b      	bhi.n	100024f0 <hw_claim_unused_from_range+0x60>
100024b8:	2401      	movs	r4, #1
100024ba:	e002      	b.n	100024c2 <hw_claim_unused_from_range+0x32>
100024bc:	3201      	adds	r2, #1
100024be:	4291      	cmp	r1, r2
100024c0:	d322      	bcc.n	10002508 <hw_claim_unused_from_range+0x78>
100024c2:	08d3      	lsrs	r3, r2, #3
100024c4:	f810 e003 	ldrb.w	lr, [r0, r3]
100024c8:	f002 0c07 	and.w	ip, r2, #7
100024cc:	fa04 fc0c 	lsl.w	ip, r4, ip
100024d0:	ea1e 0f0c 	tst.w	lr, ip
100024d4:	d1f2      	bne.n	100024bc <hw_claim_unused_from_range+0x2c>
100024d6:	ea4e 0e0c 	orr.w	lr, lr, ip
100024da:	f800 e003 	strb.w	lr, [r0, r3]
100024de:	4610      	mov	r0, r2
100024e0:	2300      	movs	r3, #0
100024e2:	e8c5 3f8f 	stlb	r3, [r5]
100024e6:	f386 8810 	msr	PRIMASK, r6
100024ea:	4298      	cmp	r0, r3
100024ec:	db07      	blt.n	100024fe <hw_claim_unused_from_range+0x6e>
100024ee:	bdf8      	pop	{r3, r4, r5, r6, r7, pc}
100024f0:	2300      	movs	r3, #0
100024f2:	e8c5 3f8f 	stlb	r3, [r5]
100024f6:	f386 8810 	msr	PRIMASK, r6
100024fa:	f04f 30ff 	mov.w	r0, #4294967295	@ 0xffffffff
100024fe:	2f00      	cmp	r7, #0
10002500:	d0f5      	beq.n	100024ee <hw_claim_unused_from_range+0x5e>
10002502:	9806      	ldr	r0, [sp, #24]
10002504:	f7ff ff64 	bl	100023d0 <panic>
10002508:	f04f 30ff 	mov.w	r0, #4294967295	@ 0xffffffff
1000250c:	e7e8      	b.n	100024e0 <hw_claim_unused_from_range+0x50>
1000250e:	bf00      	nop
10002510:	200111df 	.word	0x200111df

10002514 <next_striped_spin_lock_num>:
10002514:	4a04      	ldr	r2, [pc, #16]	@ (10002528 <next_striped_spin_lock_num+0x14>)
10002516:	7810      	ldrb	r0, [r2, #0]
10002518:	1c43      	adds	r3, r0, #1
1000251a:	b2db      	uxtb	r3, r3
1000251c:	2b18      	cmp	r3, #24
1000251e:	bf28      	it	cs
10002520:	2310      	movcs	r3, #16
10002522:	7013      	strb	r3, [r2, #0]
10002524:	4770      	bx	lr
10002526:	bf00      	nop
10002528:	200010c4 	.word	0x200010c4

1000252c <spin_lock_claim_unused>:
1000252c:	b500      	push	{lr}
1000252e:	f8df c01c 	ldr.w	ip, [pc, #28]	@ 1000254c <spin_lock_claim_unused+0x20>
10002532:	b083      	sub	sp, #12
10002534:	4601      	mov	r1, r0
10002536:	231f      	movs	r3, #31
10002538:	2218      	movs	r2, #24
1000253a:	f8cd c000 	str.w	ip, [sp]
1000253e:	4802      	ldr	r0, [pc, #8]	@ (10002548 <spin_lock_claim_unused+0x1c>)
10002540:	f7ff ffa6 	bl	10002490 <hw_claim_unused_from_range>
10002544:	b003      	add	sp, #12
10002546:	bd00      	pop	{pc}
10002548:	20012d5c 	.word	0x20012d5c
1000254c:	10008e88 	.word	0x10008e88

10002550 <spinlock_set_extexclall>:
10002550:	f04f 22e0 	mov.w	r2, #3758153728	@ 0xe000e000
10002554:	6893      	ldr	r3, [r2, #8]
10002556:	f043 5300 	orr.w	r3, r3, #536870912	@ 0x20000000
1000255a:	6093      	str	r3, [r2, #8]
1000255c:	4770      	bx	lr
1000255e:	bf00      	nop

10002560 <spin_locks_reset>:
10002560:	2100      	movs	r1, #0
10002562:	4b04      	ldr	r3, [pc, #16]	@ (10002574 <spin_locks_reset+0x14>)
10002564:	f103 0220 	add.w	r2, r3, #32
10002568:	e8c3 1f8f 	stlb	r1, [r3]
1000256c:	3301      	adds	r3, #1
1000256e:	4293      	cmp	r3, r2
10002570:	d1fa      	bne.n	10002568 <spin_locks_reset+0x8>
10002572:	4770      	bx	lr
10002574:	200111d4 	.word	0x200111d4

10002578 <runtime_init_per_core_irq_priorities>:
10002578:	f04f 3080 	mov.w	r0, #2155905152	@ 0x80808080
1000257c:	4b04      	ldr	r3, [pc, #16]	@ (10002590 <runtime_init_per_core_irq_priorities+0x18>)
1000257e:	4905      	ldr	r1, [pc, #20]	@ (10002594 <runtime_init_per_core_irq_priorities+0x1c>)
10002580:	461a      	mov	r2, r3
10002582:	3304      	adds	r3, #4
10002584:	428b      	cmp	r3, r1
10002586:	6010      	str	r0, [r2, #0]
10002588:	d1fa      	bne.n	10002580 <runtime_init_per_core_irq_priorities+0x8>
1000258a:	b662      	cpsie	i
1000258c:	4770      	bx	lr
1000258e:	bf00      	nop
10002590:	e000e400 	.word	0xe000e400
10002594:	e000e434 	.word	0xe000e434

10002598 <irq_set_enabled>:
10002598:	2301      	movs	r3, #1
1000259a:	f000 021f 	and.w	r2, r0, #31
1000259e:	4093      	lsls	r3, r2
100025a0:	0940      	lsrs	r0, r0, #5
100025a2:	b141      	cbz	r1, 100025b6 <irq_set_enabled+0x1e>
100025a4:	0080      	lsls	r0, r0, #2
100025a6:	f100 4060 	add.w	r0, r0, #3758096384	@ 0xe0000000
100025aa:	f500 4061 	add.w	r0, r0, #57600	@ 0xe100
100025ae:	f8c0 3180 	str.w	r3, [r0, #384]	@ 0x180
100025b2:	6003      	str	r3, [r0, #0]
100025b4:	4770      	bx	lr
100025b6:	4a02      	ldr	r2, [pc, #8]	@ (100025c0 <irq_set_enabled+0x28>)
100025b8:	3020      	adds	r0, #32
100025ba:	f842 3020 	str.w	r3, [r2, r0, lsl #2]
100025be:	4770      	bx	lr
100025c0:	e000e100 	.word	0xe000e100

100025c4 <irq_is_enabled>:
100025c4:	2301      	movs	r3, #1
100025c6:	4a06      	ldr	r2, [pc, #24]	@ (100025e0 <irq_is_enabled+0x1c>)
100025c8:	0941      	lsrs	r1, r0, #5
100025ca:	f852 2021 	ldr.w	r2, [r2, r1, lsl #2]
100025ce:	f000 001f 	and.w	r0, r0, #31
100025d2:	4083      	lsls	r3, r0
100025d4:	4213      	tst	r3, r2
100025d6:	bf14      	ite	ne
100025d8:	2001      	movne	r0, #1
100025da:	2000      	moveq	r0, #0
100025dc:	4770      	bx	lr
100025de:	bf00      	nop
100025e0:	e000e100 	.word	0xe000e100

100025e4 <irq_set_pending>:
100025e4:	2201      	movs	r2, #1
100025e6:	0943      	lsrs	r3, r0, #5
100025e8:	4903      	ldr	r1, [pc, #12]	@ (100025f8 <irq_set_pending+0x14>)
100025ea:	f000 001f 	and.w	r0, r0, #31
100025ee:	4082      	lsls	r2, r0
100025f0:	3340      	adds	r3, #64	@ 0x40
100025f2:	f841 2023 	str.w	r2, [r1, r3, lsl #2]
100025f6:	4770      	bx	lr
100025f8:	e000e100 	.word	0xe000e100

100025fc <irq_has_shared_handler>:
100025fc:	4a05      	ldr	r2, [pc, #20]	@ (10002614 <irq_has_shared_handler+0x18>)
100025fe:	3010      	adds	r0, #16
10002600:	6892      	ldr	r2, [r2, #8]
10002602:	4b05      	ldr	r3, [pc, #20]	@ (10002618 <irq_has_shared_handler+0x1c>)
10002604:	f852 0020 	ldr.w	r0, [r2, r0, lsl #2]
10002608:	1ac0      	subs	r0, r0, r3
1000260a:	2847      	cmp	r0, #71	@ 0x47
1000260c:	bf8c      	ite	hi
1000260e:	2000      	movhi	r0, #0
10002610:	2001      	movls	r0, #1
10002612:	4770      	bx	lr
10002614:	e000ed00 	.word	0xe000ed00
10002618:	200010c8 	.word	0x200010c8

1000261c <irq_set_exclusive_handler>:
1000261c:	b508      	push	{r3, lr}
1000261e:	f3ef 8e10 	mrs	lr, PRIMASK
10002622:	b672      	cpsid	i
10002624:	4b13      	ldr	r3, [pc, #76]	@ (10002674 <irq_set_exclusive_handler+0x58>)
10002626:	e8d3 cfcf 	ldaexb	ip, [r3]
1000262a:	2201      	movs	r2, #1
1000262c:	f1bc 0f00 	cmp.w	ip, #0
10002630:	d1f9      	bne.n	10002626 <irq_set_exclusive_handler+0xa>
10002632:	e8c3 2f4c 	strexb	ip, r2, [r3]
10002636:	f1bc 0f00 	cmp.w	ip, #0
1000263a:	d1f4      	bne.n	10002626 <irq_set_exclusive_handler+0xa>
1000263c:	f3bf 8f5f 	dmb	sy
10002640:	4a0d      	ldr	r2, [pc, #52]	@ (10002678 <irq_set_exclusive_handler+0x5c>)
10002642:	3010      	adds	r0, #16
10002644:	6892      	ldr	r2, [r2, #8]
10002646:	f8df c034 	ldr.w	ip, [pc, #52]	@ 1000267c <irq_set_exclusive_handler+0x60>
1000264a:	f852 2020 	ldr.w	r2, [r2, r0, lsl #2]
1000264e:	4562      	cmp	r2, ip
10002650:	d001      	beq.n	10002656 <irq_set_exclusive_handler+0x3a>
10002652:	4291      	cmp	r1, r2
10002654:	d10b      	bne.n	1000266e <irq_set_exclusive_handler+0x52>
10002656:	4a08      	ldr	r2, [pc, #32]	@ (10002678 <irq_set_exclusive_handler+0x5c>)
10002658:	6892      	ldr	r2, [r2, #8]
1000265a:	f842 1020 	str.w	r1, [r2, r0, lsl #2]
1000265e:	f3bf 8f5f 	dmb	sy
10002662:	2200      	movs	r2, #0
10002664:	e8c3 2f8f 	stlb	r2, [r3]
10002668:	f38e 8810 	msr	PRIMASK, lr
1000266c:	bd08      	pop	{r3, pc}
1000266e:	f000 ff85 	bl	1000357c <hard_assertion_failure>
10002672:	bf00      	nop
10002674:	200111dd 	.word	0x200111dd
10002678:	e000ed00 	.word	0xe000ed00
1000267c:	10000111 	.word	0x10000111

10002680 <irq_add_shared_handler>:
10002680:	e92d 4ff8 	stmdb	sp!, {r3, r4, r5, r6, r7, r8, r9, sl, fp, lr}
10002684:	468b      	mov	fp, r1
10002686:	4611      	mov	r1, r2
10002688:	f3ef 8810 	mrs	r8, PRIMASK
1000268c:	b672      	cpsid	i
1000268e:	4f66      	ldr	r7, [pc, #408]	@ (10002828 <irq_add_shared_handler+0x1a8>)
10002690:	e8d7 2fcf 	ldaexb	r2, [r7]
10002694:	2301      	movs	r3, #1
10002696:	2a00      	cmp	r2, #0
10002698:	d1fa      	bne.n	10002690 <irq_add_shared_handler+0x10>
1000269a:	e8c7 3f42 	strexb	r2, r3, [r7]
1000269e:	2a00      	cmp	r2, #0
100026a0:	d1f6      	bne.n	10002690 <irq_add_shared_handler+0x10>
100026a2:	f3bf 8f5f 	dmb	sy
100026a6:	4b61      	ldr	r3, [pc, #388]	@ (1000282c <irq_add_shared_handler+0x1ac>)
100026a8:	f993 4000 	ldrsb.w	r4, [r3]
100026ac:	2c00      	cmp	r4, #0
100026ae:	f2c0 80b8 	blt.w	10002822 <irq_add_shared_handler+0x1a2>
100026b2:	f100 0510 	add.w	r5, r0, #16
100026b6:	485e      	ldr	r0, [pc, #376]	@ (10002830 <irq_add_shared_handler+0x1b0>)
100026b8:	eb04 0944 	add.w	r9, r4, r4, lsl #1
100026bc:	eb00 0289 	add.w	r2, r0, r9, lsl #2
100026c0:	7996      	ldrb	r6, [r2, #6]
100026c2:	ea4f 0989 	mov.w	r9, r9, lsl #2
100026c6:	701e      	strb	r6, [r3, #0]
100026c8:	4b5a      	ldr	r3, [pc, #360]	@ (10002834 <irq_add_shared_handler+0x1b4>)
100026ca:	689b      	ldr	r3, [r3, #8]
100026cc:	f853 6025 	ldr.w	r6, [r3, r5, lsl #2]
100026d0:	1a33      	subs	r3, r6, r0
100026d2:	2b47      	cmp	r3, #71	@ 0x47
100026d4:	d835      	bhi.n	10002742 <irq_add_shared_handler+0xc2>
100026d6:	f026 0e01 	bic.w	lr, r6, #1
100026da:	f89e 3007 	ldrb.w	r3, [lr, #7]
100026de:	428b      	cmp	r3, r1
100026e0:	d809      	bhi.n	100026f6 <irq_add_shared_handler+0x76>
100026e2:	e06f      	b.n	100027c4 <irq_add_shared_handler+0x144>
100026e4:	eb0c 034c 	add.w	r3, ip, ip, lsl #1
100026e8:	eb00 0383 	add.w	r3, r0, r3, lsl #2
100026ec:	f893 a007 	ldrb.w	sl, [r3, #7]
100026f0:	458a      	cmp	sl, r1
100026f2:	d951      	bls.n	10002798 <irq_add_shared_handler+0x118>
100026f4:	469e      	mov	lr, r3
100026f6:	f99e c006 	ldrsb.w	ip, [lr, #6]
100026fa:	f1bc 0f00 	cmp.w	ip, #0
100026fe:	daf1      	bge.n	100026e4 <irq_add_shared_handler+0x64>
10002700:	f64b 5901 	movw	r9, #48385	@ 0xbd01
10002704:	f10e 0a04 	add.w	sl, lr, #4
10002708:	1f13      	subs	r3, r2, #4
1000270a:	eba3 030a 	sub.w	r3, r3, sl
1000270e:	f3c3 034a 	ubfx	r3, r3, #1, #11
10002712:	ea6f 43c3 	mvn.w	r3, r3, lsl #19
10002716:	ea6f 43d3 	mvn.w	r3, r3, lsr #19
1000271a:	f88e 4006 	strb.w	r4, [lr, #6]
1000271e:	f8df a120 	ldr.w	sl, [pc, #288]	@ 10002840 <irq_add_shared_handler+0x1c0>
10002722:	eb04 0444 	add.w	r4, r4, r4, lsl #1
10002726:	eb00 0284 	add.w	r2, r0, r4, lsl #2
1000272a:	f8ae 3004 	strh.w	r3, [lr, #4]
1000272e:	f840 a024 	str.w	sl, [r0, r4, lsl #2]
10002732:	f8a2 9004 	strh.w	r9, [r2, #4]
10002736:	f882 c006 	strb.w	ip, [r2, #6]
1000273a:	71d1      	strb	r1, [r2, #7]
1000273c:	f8c2 b008 	str.w	fp, [r2, #8]
10002740:	e01d      	b.n	1000277e <irq_add_shared_handler+0xfe>
10002742:	4b3d      	ldr	r3, [pc, #244]	@ (10002838 <irq_add_shared_handler+0x1b8>)
10002744:	429e      	cmp	r6, r3
10002746:	d16c      	bne.n	10002822 <irq_add_shared_handler+0x1a2>
10002748:	4b3c      	ldr	r3, [pc, #240]	@ (1000283c <irq_add_shared_handler+0x1bc>)
1000274a:	71d1      	strb	r1, [r2, #7]
1000274c:	f109 0102 	add.w	r1, r9, #2
10002750:	4401      	add	r1, r0
10002752:	3b04      	subs	r3, #4
10002754:	1a5b      	subs	r3, r3, r1
10002756:	f3c3 034a 	ubfx	r3, r3, #1, #11
1000275a:	ea6f 43c3 	mvn.w	r3, r3, lsl #19
1000275e:	f44f 4121 	mov.w	r1, #41216	@ 0xa100
10002762:	ea6f 43d3 	mvn.w	r3, r3, lsr #19
10002766:	f820 1009 	strh.w	r1, [r0, r9]
1000276a:	8053      	strh	r3, [r2, #2]
1000276c:	21ff      	movs	r1, #255	@ 0xff
1000276e:	f64b 5301 	movw	r3, #48385	@ 0xbd01
10002772:	f8c2 b008 	str.w	fp, [r2, #8]
10002776:	7191      	strb	r1, [r2, #6]
10002778:	8093      	strh	r3, [r2, #4]
1000277a:	f042 0601 	orr.w	r6, r2, #1
1000277e:	4b2d      	ldr	r3, [pc, #180]	@ (10002834 <irq_add_shared_handler+0x1b4>)
10002780:	689b      	ldr	r3, [r3, #8]
10002782:	f843 6025 	str.w	r6, [r3, r5, lsl #2]
10002786:	f3bf 8f5f 	dmb	sy
1000278a:	2300      	movs	r3, #0
1000278c:	e8c7 3f8f 	stlb	r3, [r7]
10002790:	f388 8810 	msr	PRIMASK, r8
10002794:	e8bd 8ff8 	ldmia.w	sp!, {r3, r4, r5, r6, r7, r8, r9, sl, fp, pc}
10002798:	46f2      	mov	sl, lr
1000279a:	f06f 0307 	mvn.w	r3, #7
1000279e:	eba3 0309 	sub.w	r3, r3, r9
100027a2:	f83a 9f04 	ldrh.w	r9, [sl, #4]!
100027a6:	1a1b      	subs	r3, r3, r0
100027a8:	f349 090a 	sbfx	r9, r9, #0, #11
100027ac:	f109 0902 	add.w	r9, r9, #2
100027b0:	eb0a 0949 	add.w	r9, sl, r9, lsl #1
100027b4:	4499      	add	r9, r3
100027b6:	f3c9 094a 	ubfx	r9, r9, #1, #11
100027ba:	ea6f 49c9 	mvn.w	r9, r9, lsl #19
100027be:	ea6f 49d9 	mvn.w	r9, r9, lsr #19
100027c2:	e7a1      	b.n	10002708 <irq_add_shared_handler+0x88>
100027c4:	f06f 0307 	mvn.w	r3, #7
100027c8:	71d1      	strb	r1, [r2, #7]
100027ca:	491c      	ldr	r1, [pc, #112]	@ (1000283c <irq_add_shared_handler+0x1bc>)
100027cc:	f109 0402 	add.w	r4, r9, #2
100027d0:	4404      	add	r4, r0
100027d2:	3904      	subs	r1, #4
100027d4:	1b09      	subs	r1, r1, r4
100027d6:	eba3 0309 	sub.w	r3, r3, r9
100027da:	f3c1 014a 	ubfx	r1, r1, #1, #11
100027de:	1a1b      	subs	r3, r3, r0
100027e0:	ea6f 41c1 	mvn.w	r1, r1, lsl #19
100027e4:	4473      	add	r3, lr
100027e6:	f3c3 034a 	ubfx	r3, r3, #1, #11
100027ea:	ea6f 43c3 	mvn.w	r3, r3, lsl #19
100027ee:	ea6f 41d1 	mvn.w	r1, r1, lsr #19
100027f2:	f44f 4621 	mov.w	r6, #41216	@ 0xa100
100027f6:	ea6f 43d3 	mvn.w	r3, r3, lsr #19
100027fa:	8051      	strh	r1, [r2, #2]
100027fc:	4910      	ldr	r1, [pc, #64]	@ (10002840 <irq_add_shared_handler+0x1c0>)
100027fe:	f820 6009 	strh.w	r6, [r0, r9]
10002802:	8093      	strh	r3, [r2, #4]
10002804:	f64a 24aa 	movw	r4, #43690	@ 0xaaaa
10002808:	4673      	mov	r3, lr
1000280a:	1a1b      	subs	r3, r3, r0
1000280c:	415b      	adcs	r3, r3
1000280e:	435c      	muls	r4, r3
10002810:	0d24      	lsrs	r4, r4, #20
10002812:	f8c2 b008 	str.w	fp, [r2, #8]
10002816:	7194      	strb	r4, [r2, #6]
10002818:	f042 0601 	orr.w	r6, r2, #1
1000281c:	f8ce 1000 	str.w	r1, [lr]
10002820:	e7ad      	b.n	1000277e <irq_add_shared_handler+0xfe>
10002822:	f000 feab 	bl	1000357c <hard_assertion_failure>
10002826:	bf00      	nop
10002828:	200111dd 	.word	0x200111dd
1000282c:	20014852 	.word	0x20014852
10002830:	200010c8 	.word	0x200010c8
10002834:	e000ed00 	.word	0xe000ed00
10002838:	10000111 	.word	0x10000111
1000283c:	20001110 	.word	0x20001110
10002840:	47804801 	.word	0x47804801

10002844 <irq_add_tail_to_free_list>:
10002844:	b5f0      	push	{r4, r5, r6, r7, lr}
10002846:	4604      	mov	r4, r0
10002848:	f3ef 8105 	mrs	r1, IPSR
1000284c:	b2c9      	uxtb	r1, r1
1000284e:	f3ef 8510 	mrs	r5, PRIMASK
10002852:	b672      	cpsid	i
10002854:	f8df e090 	ldr.w	lr, [pc, #144]	@ 100028e8 <irq_add_tail_to_free_list+0xa4>
10002858:	e8de 2fcf 	ldaexb	r2, [lr]
1000285c:	2301      	movs	r3, #1
1000285e:	2a00      	cmp	r2, #0
10002860:	d1fa      	bne.n	10002858 <irq_add_tail_to_free_list+0x14>
10002862:	e8ce 3f42 	strexb	r2, r3, [lr]
10002866:	2a00      	cmp	r2, #0
10002868:	d1f6      	bne.n	10002858 <irq_add_tail_to_free_list+0x14>
1000286a:	f3bf 8f5f 	dmb	sy
1000286e:	f8df c07c 	ldr.w	ip, [pc, #124]	@ 100028ec <irq_add_tail_to_free_list+0xa8>
10002872:	f044 0601 	orr.w	r6, r4, #1
10002876:	f8dc 2008 	ldr.w	r2, [ip, #8]
1000287a:	f64a 23aa 	movw	r3, #43690	@ 0xaaaa
1000287e:	f852 7021 	ldr.w	r7, [r2, r1, lsl #2]
10002882:	4816      	ldr	r0, [pc, #88]	@ (100028dc <irq_add_tail_to_free_list+0x98>)
10002884:	4622      	mov	r2, r4
10002886:	1a12      	subs	r2, r2, r0
10002888:	4152      	adcs	r2, r2
1000288a:	4353      	muls	r3, r2
1000288c:	0d1b      	lsrs	r3, r3, #20
1000288e:	42b7      	cmp	r7, r6
10002890:	b25b      	sxtb	r3, r3
10002892:	d013      	beq.n	100028bc <irq_add_tail_to_free_list+0x78>
10002894:	4601      	mov	r1, r0
10002896:	2200      	movs	r2, #0
10002898:	f991 c006 	ldrsb.w	ip, [r1, #6]
1000289c:	310c      	adds	r1, #12
1000289e:	459c      	cmp	ip, r3
100028a0:	d012      	beq.n	100028c8 <irq_add_tail_to_free_list+0x84>
100028a2:	3201      	adds	r2, #1
100028a4:	2a06      	cmp	r2, #6
100028a6:	d1f7      	bne.n	10002898 <irq_add_tail_to_free_list+0x54>
100028a8:	4a0d      	ldr	r2, [pc, #52]	@ (100028e0 <irq_add_tail_to_free_list+0x9c>)
100028aa:	2100      	movs	r1, #0
100028ac:	7810      	ldrb	r0, [r2, #0]
100028ae:	7013      	strb	r3, [r2, #0]
100028b0:	71a0      	strb	r0, [r4, #6]
100028b2:	e8ce 1f8f 	stlb	r1, [lr]
100028b6:	f385 8810 	msr	PRIMASK, r5
100028ba:	bdf0      	pop	{r4, r5, r6, r7, pc}
100028bc:	f8dc 2008 	ldr.w	r2, [ip, #8]
100028c0:	4808      	ldr	r0, [pc, #32]	@ (100028e4 <irq_add_tail_to_free_list+0xa0>)
100028c2:	f842 0021 	str.w	r0, [r2, r1, lsl #2]
100028c6:	e7ef      	b.n	100028a8 <irq_add_tail_to_free_list+0x64>
100028c8:	21ff      	movs	r1, #255	@ 0xff
100028ca:	eb02 0242 	add.w	r2, r2, r2, lsl #1
100028ce:	eb00 0282 	add.w	r2, r0, r2, lsl #2
100028d2:	7191      	strb	r1, [r2, #6]
100028d4:	f64b 5101 	movw	r1, #48385	@ 0xbd01
100028d8:	8091      	strh	r1, [r2, #4]
100028da:	e7e5      	b.n	100028a8 <irq_add_tail_to_free_list+0x64>
100028dc:	200010c8 	.word	0x200010c8
100028e0:	20014852 	.word	0x20014852
100028e4:	10000111 	.word	0x10000111
100028e8:	200111dd 	.word	0x200111dd
100028ec:	e000ed00 	.word	0xe000ed00

100028f0 <user_irq_claim_unused>:
100028f0:	b500      	push	{lr}
100028f2:	f8df c024 	ldr.w	ip, [pc, #36]	@ 10002918 <user_irq_claim_unused+0x28>
100028f6:	b083      	sub	sp, #12
100028f8:	4601      	mov	r1, r0
100028fa:	2305      	movs	r3, #5
100028fc:	2200      	movs	r2, #0
100028fe:	f8cd c000 	str.w	ip, [sp]
10002902:	4804      	ldr	r0, [pc, #16]	@ (10002914 <user_irq_claim_unused+0x24>)
10002904:	f7ff fdc4 	bl	10002490 <hw_claim_unused_from_range>
10002908:	2800      	cmp	r0, #0
1000290a:	bfa8      	it	ge
1000290c:	f1c0 0033 	rsbge	r0, r0, #51	@ 0x33
10002910:	b003      	add	sp, #12
10002912:	bd00      	pop	{pc}
10002914:	2001485a 	.word	0x2001485a
10002918:	10008ea4 	.word	0x10008ea4

1000291c <lock_init>:
1000291c:	4b01      	ldr	r3, [pc, #4]	@ (10002924 <lock_init+0x8>)
1000291e:	440b      	add	r3, r1
10002920:	6003      	str	r3, [r0, #0]
10002922:	4770      	bx	lr
10002924:	200111d4 	.word	0x200111d4

10002928 <runtime_init_mutex>:
10002928:	b570      	push	{r4, r5, r6, lr}
1000292a:	4c11      	ldr	r4, [pc, #68]	@ (10002970 <runtime_init_mutex+0x48>)
1000292c:	4d11      	ldr	r5, [pc, #68]	@ (10002974 <runtime_init_mutex+0x4c>)
1000292e:	42ac      	cmp	r4, r5
10002930:	d21c      	bcs.n	1000296c <runtime_init_mutex+0x44>
10002932:	26ff      	movs	r6, #255	@ 0xff
10002934:	e00b      	b.n	1000294e <runtime_init_mutex+0x26>
10002936:	f7ff fded 	bl	10002514 <next_striped_spin_lock_num>
1000293a:	4601      	mov	r1, r0
1000293c:	4620      	mov	r0, r4
1000293e:	f7ff ffed 	bl	1000291c <lock_init>
10002942:	80a6      	strh	r6, [r4, #4]
10002944:	f3bf 8f5f 	dmb	sy
10002948:	3408      	adds	r4, #8
1000294a:	42ac      	cmp	r4, r5
1000294c:	d20e      	bcs.n	1000296c <runtime_init_mutex+0x44>
1000294e:	6823      	ldr	r3, [r4, #0]
10002950:	2b00      	cmp	r3, #0
10002952:	d1f0      	bne.n	10002936 <runtime_init_mutex+0xe>
10002954:	f7ff fdde 	bl	10002514 <next_striped_spin_lock_num>
10002958:	4601      	mov	r1, r0
1000295a:	4620      	mov	r0, r4
1000295c:	f7ff ffde 	bl	1000291c <lock_init>
10002960:	7126      	strb	r6, [r4, #4]
10002962:	f3bf 8f5f 	dmb	sy
10002966:	3408      	adds	r4, #8
10002968:	42ac      	cmp	r4, r5
1000296a:	d3f0      	bcc.n	1000294e <runtime_init_mutex+0x26>
1000296c:	bd70      	pop	{r4, r5, r6, pc}
1000296e:	bf00      	nop
10002970:	20001188 	.word	0x20001188
10002974:	20001198 	.word	0x20001198

10002978 <mutex_init>:
10002978:	b510      	push	{r4, lr}
1000297a:	4604      	mov	r4, r0
1000297c:	f7ff fdca 	bl	10002514 <next_striped_spin_lock_num>
10002980:	4601      	mov	r1, r0
10002982:	4620      	mov	r0, r4
10002984:	f7ff ffca 	bl	1000291c <lock_init>
10002988:	23ff      	movs	r3, #255	@ 0xff
1000298a:	7123      	strb	r3, [r4, #4]
1000298c:	f3bf 8f5f 	dmb	sy
10002990:	bd10      	pop	{r4, pc}
10002992:	bf00      	nop

10002994 <critical_section_init>:
10002994:	b510      	push	{r4, lr}
10002996:	4604      	mov	r4, r0
10002998:	2001      	movs	r0, #1
1000299a:	f7ff fdc7 	bl	1000252c <spin_lock_claim_unused>
1000299e:	4b03      	ldr	r3, [pc, #12]	@ (100029ac <critical_section_init+0x18>)
100029a0:	4403      	add	r3, r0
100029a2:	6023      	str	r3, [r4, #0]
100029a4:	f3bf 8f5f 	dmb	sy
100029a8:	bd10      	pop	{r4, pc}
100029aa:	bf00      	nop
100029ac:	200111d4 	.word	0x200111d4

100029b0 <critical_section_init_with_lock_num>:
100029b0:	4b02      	ldr	r3, [pc, #8]	@ (100029bc <critical_section_init_with_lock_num+0xc>)
100029b2:	440b      	add	r3, r1
100029b4:	6003      	str	r3, [r0, #0]
100029b6:	f3bf 8f5f 	dmb	sy
100029ba:	4770      	bx	lr
100029bc:	200111d4 	.word	0x200111d4

100029c0 <sleep_until_callback>:
100029c0:	bf40      	sev
100029c2:	2000      	movs	r0, #0
100029c4:	2100      	movs	r1, #0
100029c6:	4770      	bx	lr

100029c8 <alarm_pool_irq_handler>:
100029c8:	e92d 4ff0 	stmdb	sp!, {r4, r5, r6, r7, r8, r9, sl, fp, lr}
100029cc:	b085      	sub	sp, #20
100029ce:	f3ef 8305 	mrs	r3, IPSR
100029d2:	b2db      	uxtb	r3, r3
100029d4:	3b10      	subs	r3, #16
100029d6:	089a      	lsrs	r2, r3, #2
100029d8:	bf1a      	itte	ne
100029da:	2201      	movne	r2, #1
100029dc:	4999      	ldrne	r1, [pc, #612]	@ (10002c44 <alarm_pool_irq_handler+0x27c>)
100029de:	499a      	ldreq	r1, [pc, #616]	@ (10002c48 <alarm_pool_irq_handler+0x280>)
100029e0:	f003 0a03 	and.w	sl, r3, #3
100029e4:	9100      	str	r1, [sp, #0]
100029e6:	2101      	movs	r1, #1
100029e8:	4b98      	ldr	r3, [pc, #608]	@ (10002c4c <alarm_pool_irq_handler+0x284>)
100029ea:	eb0a 0282 	add.w	r2, sl, r2, lsl #2
100029ee:	f853 4022 	ldr.w	r4, [r3, r2, lsl #2]
100029f2:	9b00      	ldr	r3, [sp, #0]
100029f4:	fa01 f20a 	lsl.w	r2, r1, sl
100029f8:	f503 5341 	add.w	r3, r3, #12352	@ 0x3040
100029fc:	f104 0b08 	add.w	fp, r4, #8
10002a00:	9201      	str	r2, [sp, #4]
10002a02:	605a      	str	r2, [r3, #4]
10002a04:	f9b4 6008 	ldrsh.w	r6, [r4, #8]
10002a08:	e9dd 0300 	ldrd	r0, r3, [sp]
10002a0c:	2e00      	cmp	r6, #0
10002a0e:	63c3      	str	r3, [r0, #60]	@ 0x3c
10002a10:	da72      	bge.n	10002af8 <alarm_pool_irq_handler+0x130>
10002a12:	88a3      	ldrh	r3, [r4, #4]
10002a14:	041b      	lsls	r3, r3, #16
10002a16:	f100 811b 	bmi.w	10002c50 <alarm_pool_irq_handler+0x288>
10002a1a:	6923      	ldr	r3, [r4, #16]
10002a1c:	f3ef 8210 	mrs	r2, PRIMASK
10002a20:	b672      	cpsid	i
10002a22:	e8d3 0fcf 	ldaexb	r0, [r3]
10002a26:	2101      	movs	r1, #1
10002a28:	2800      	cmp	r0, #0
10002a2a:	d1fa      	bne.n	10002a22 <alarm_pool_irq_handler+0x5a>
10002a2c:	e8c3 1f40 	strexb	r0, r1, [r3]
10002a30:	2800      	cmp	r0, #0
10002a32:	d1f6      	bne.n	10002a22 <alarm_pool_irq_handler+0x5a>
10002a34:	f3bf 8f5f 	dmb	sy
10002a38:	f64f 76ff 	movw	r6, #65535	@ 0xffff
10002a3c:	88a0      	ldrh	r0, [r4, #4]
10002a3e:	2100      	movs	r1, #0
10002a40:	6923      	ldr	r3, [r4, #16]
10002a42:	b200      	sxth	r0, r0
10002a44:	80a6      	strh	r6, [r4, #4]
10002a46:	e8c3 1f8f 	stlb	r1, [r3]
10002a4a:	f382 8810 	msr	PRIMASK, r2
10002a4e:	4288      	cmp	r0, r1
10002a50:	db28      	blt.n	10002aa4 <alarm_pool_irq_handler+0xdc>
10002a52:	4605      	mov	r5, r0
10002a54:	46a6      	mov	lr, r4
10002a56:	6967      	ldr	r7, [r4, #20]
10002a58:	f9be 3008 	ldrsh.w	r3, [lr, #8]
10002a5c:	eb05 0645 	add.w	r6, r5, r5, lsl #1
10002a60:	2b00      	cmp	r3, #0
10002a62:	46dc      	mov	ip, fp
10002a64:	eb07 02c6 	add.w	r2, r7, r6, lsl #3
10002a68:	db13      	blt.n	10002a92 <alarm_pool_irq_handler+0xca>
10002a6a:	e9d2 4002 	ldrd	r4, r0, [r2, #8]
10002a6e:	46a9      	mov	r9, r5
10002a70:	e004      	b.n	10002a7c <alarm_pool_irq_handler+0xb4>
10002a72:	f937 3038 	ldrsh.w	r3, [r7, r8, lsl #3]
10002a76:	4694      	mov	ip, r2
10002a78:	2b00      	cmp	r3, #0
10002a7a:	db09      	blt.n	10002a90 <alarm_pool_irq_handler+0xc8>
10002a7c:	eb03 0843 	add.w	r8, r3, r3, lsl #1
10002a80:	eb07 02c8 	add.w	r2, r7, r8, lsl #3
10002a84:	e9d2 5102 	ldrd	r5, r1, [r2, #8]
10002a88:	42ac      	cmp	r4, r5
10002a8a:	eb70 0101 	sbcs.w	r1, r0, r1
10002a8e:	daf0      	bge.n	10002a72 <alarm_pool_irq_handler+0xaa>
10002a90:	464d      	mov	r5, r9
10002a92:	f8ac 5000 	strh.w	r5, [ip]
10002a96:	f937 5036 	ldrsh.w	r5, [r7, r6, lsl #3]
10002a9a:	f827 3036 	strh.w	r3, [r7, r6, lsl #3]
10002a9e:	2d00      	cmp	r5, #0
10002aa0:	dada      	bge.n	10002a58 <alarm_pool_irq_handler+0x90>
10002aa2:	4674      	mov	r4, lr
10002aa4:	f9b4 3008 	ldrsh.w	r3, [r4, #8]
10002aa8:	2b00      	cmp	r3, #0
10002aaa:	f2c0 80d1 	blt.w	10002c50 <alarm_pool_irq_handler+0x288>
10002aae:	6962      	ldr	r2, [r4, #20]
10002ab0:	9d00      	ldr	r5, [sp, #0]
10002ab2:	eb03 0343 	add.w	r3, r3, r3, lsl #1
10002ab6:	eb02 03c3 	add.w	r3, r2, r3, lsl #3
10002aba:	eb05 008a 	add.w	r0, r5, sl, lsl #2
10002abe:	6aa9      	ldr	r1, [r5, #40]	@ 0x28
10002ac0:	689e      	ldr	r6, [r3, #8]
10002ac2:	6902      	ldr	r2, [r0, #16]
10002ac4:	eba6 0c01 	sub.w	ip, r6, r1
10002ac8:	1a52      	subs	r2, r2, r1
10002aca:	4594      	cmp	ip, r2
10002acc:	68df      	ldr	r7, [r3, #12]
10002ace:	d305      	bcc.n	10002adc <alarm_pool_irq_handler+0x114>
10002ad0:	2301      	movs	r3, #1
10002ad2:	6a2a      	ldr	r2, [r5, #32]
10002ad4:	fa03 f30a 	lsl.w	r3, r3, sl
10002ad8:	4213      	tst	r3, r2
10002ada:	d100      	bne.n	10002ade <alarm_pool_irq_handler+0x116>
10002adc:	6106      	str	r6, [r0, #16]
10002ade:	79a3      	ldrb	r3, [r4, #6]
10002ae0:	2b00      	cmp	r3, #0
10002ae2:	d149      	bne.n	10002b78 <alarm_pool_irq_handler+0x1b0>
10002ae4:	9800      	ldr	r0, [sp, #0]
10002ae6:	f000 fb09 	bl	100030fc <timer_time_us_64>
10002aea:	42b0      	cmp	r0, r6
10002aec:	41b9      	sbcs	r1, r7
10002aee:	da89      	bge.n	10002a04 <alarm_pool_irq_handler+0x3c>
10002af0:	bf40      	sev
10002af2:	b005      	add	sp, #20
10002af4:	e8bd 8ff0 	ldmia.w	sp!, {r4, r5, r6, r7, r8, r9, sl, fp, pc}
10002af8:	f8d4 9014 	ldr.w	r9, [r4, #20]
10002afc:	eb06 0846 	add.w	r8, r6, r6, lsl #1
10002b00:	eb09 07c8 	add.w	r7, r9, r8, lsl #3
10002b04:	68bb      	ldr	r3, [r7, #8]
10002b06:	68fd      	ldr	r5, [r7, #12]
10002b08:	9302      	str	r3, [sp, #8]
10002b0a:	f000 faf7 	bl	100030fc <timer_time_us_64>
10002b0e:	9b02      	ldr	r3, [sp, #8]
10002b10:	4298      	cmp	r0, r3
10002b12:	41a9      	sbcs	r1, r5
10002b14:	db2b      	blt.n	10002b6e <alarm_pool_irq_handler+0x1a6>
10002b16:	e9d7 3104 	ldrd	r3, r1, [r7, #16]
10002b1a:	2b02      	cmp	r3, #2
10002b1c:	d06b      	beq.n	10002bf6 <alarm_pool_irq_handler+0x22e>
10002b1e:	887a      	ldrh	r2, [r7, #2]
10002b20:	f9b4 0008 	ldrsh.w	r0, [r4, #8]
10002b24:	b292      	uxth	r2, r2
10002b26:	ea42 4000 	orr.w	r0, r2, r0, lsl #16
10002b2a:	4798      	blx	r3
10002b2c:	4602      	mov	r2, r0
10002b2e:	460b      	mov	r3, r1
10002b30:	ea52 0103 	orrs.w	r1, r2, r3
10002b34:	d065      	beq.n	10002c02 <alarm_pool_irq_handler+0x23a>
10002b36:	2b00      	cmp	r3, #0
10002b38:	f280 80aa 	bge.w	10002c90 <alarm_pool_irq_handler+0x2c8>
10002b3c:	9902      	ldr	r1, [sp, #8]
10002b3e:	ebb1 0c02 	subs.w	ip, r1, r2
10002b42:	eb65 0e03 	sbc.w	lr, r5, r3
10002b46:	f939 3038 	ldrsh.w	r3, [r9, r8, lsl #3]
10002b4a:	e9c7 ce02 	strd	ip, lr, [r7, #8]
10002b4e:	2b00      	cmp	r3, #0
10002b50:	db0d      	blt.n	10002b6e <alarm_pool_irq_handler+0x1a6>
10002b52:	6960      	ldr	r0, [r4, #20]
10002b54:	eb03 0243 	add.w	r2, r3, r3, lsl #1
10002b58:	eb00 02c2 	add.w	r2, r0, r2, lsl #3
10002b5c:	e9d2 7102 	ldrd	r7, r1, [r2, #8]
10002b60:	45bc      	cmp	ip, r7
10002b62:	eb7e 0501 	sbcs.w	r5, lr, r1
10002b66:	ea4f 0243 	mov.w	r2, r3, lsl #1
10002b6a:	f280 809d 	bge.w	10002ca8 <alarm_pool_irq_handler+0x2e0>
10002b6e:	88a3      	ldrh	r3, [r4, #4]
10002b70:	0418      	lsls	r0, r3, #16
10002b72:	f57f af52 	bpl.w	10002a1a <alarm_pool_irq_handler+0x52>
10002b76:	e795      	b.n	10002aa4 <alarm_pool_irq_handler+0xdc>
10002b78:	f04f 0800 	mov.w	r8, #0
10002b7c:	f884 8006 	strb.w	r8, [r4, #6]
10002b80:	f9b4 3008 	ldrsh.w	r3, [r4, #8]
10002b84:	1c59      	adds	r1, r3, #1
10002b86:	d0ad      	beq.n	10002ae4 <alarm_pool_irq_handler+0x11c>
10002b88:	46dc      	mov	ip, fp
10002b8a:	f8cd a008 	str.w	sl, [sp, #8]
10002b8e:	e002      	b.n	10002b96 <alarm_pool_irq_handler+0x1ce>
10002b90:	1c5a      	adds	r2, r3, #1
10002b92:	46ac      	mov	ip, r5
10002b94:	d02c      	beq.n	10002bf0 <alarm_pool_irq_handler+0x228>
10002b96:	6962      	ldr	r2, [r4, #20]
10002b98:	eb03 0143 	add.w	r1, r3, r3, lsl #1
10002b9c:	eb02 05c1 	add.w	r5, r2, r1, lsl #3
10002ba0:	f8b5 e002 	ldrh.w	lr, [r5, #2]
10002ba4:	4618      	mov	r0, r3
10002ba6:	f41e 4f00 	tst.w	lr, #32768	@ 0x8000
10002baa:	f932 3031 	ldrsh.w	r3, [r2, r1, lsl #3]
10002bae:	d0ef      	beq.n	10002b90 <alarm_pool_irq_handler+0x1c8>
10002bb0:	6925      	ldr	r5, [r4, #16]
10002bb2:	f8ac 3000 	strh.w	r3, [ip]
10002bb6:	f3ef 8e10 	mrs	lr, PRIMASK
10002bba:	b672      	cpsid	i
10002bbc:	e8d5 afcf 	ldaexb	sl, [r5]
10002bc0:	f05f 0901 	movs.w	r9, #1
10002bc4:	f1ba 0f00 	cmp.w	sl, #0
10002bc8:	d1f8      	bne.n	10002bbc <alarm_pool_irq_handler+0x1f4>
10002bca:	e8c5 9f4a 	strexb	sl, r9, [r5]
10002bce:	f1ba 0f00 	cmp.w	sl, #0
10002bd2:	d1f3      	bne.n	10002bbc <alarm_pool_irq_handler+0x1f4>
10002bd4:	f3bf 8f5f 	dmb	sy
10002bd8:	f8b4 9002 	ldrh.w	r9, [r4, #2]
10002bdc:	6925      	ldr	r5, [r4, #16]
10002bde:	f822 9031 	strh.w	r9, [r2, r1, lsl #3]
10002be2:	8060      	strh	r0, [r4, #2]
10002be4:	e8c5 8f8f 	stlb	r8, [r5]
10002be8:	f38e 8810 	msr	PRIMASK, lr
10002bec:	1c5a      	adds	r2, r3, #1
10002bee:	d1d2      	bne.n	10002b96 <alarm_pool_irq_handler+0x1ce>
10002bf0:	f8dd a008 	ldr.w	sl, [sp, #8]
10002bf4:	e776      	b.n	10002ae4 <alarm_pool_irq_handler+0x11c>
10002bf6:	4608      	mov	r0, r1
10002bf8:	690b      	ldr	r3, [r1, #16]
10002bfa:	9103      	str	r1, [sp, #12]
10002bfc:	4798      	blx	r3
10002bfe:	2800      	cmp	r0, #0
10002c00:	d139      	bne.n	10002c76 <alarm_pool_irq_handler+0x2ae>
10002c02:	f839 3038 	ldrh.w	r3, [r9, r8, lsl #3]
10002c06:	8123      	strh	r3, [r4, #8]
10002c08:	6923      	ldr	r3, [r4, #16]
10002c0a:	f3ef 8210 	mrs	r2, PRIMASK
10002c0e:	b672      	cpsid	i
10002c10:	e8d3 0fcf 	ldaexb	r0, [r3]
10002c14:	2101      	movs	r1, #1
10002c16:	2800      	cmp	r0, #0
10002c18:	d1fa      	bne.n	10002c10 <alarm_pool_irq_handler+0x248>
10002c1a:	e8c3 1f40 	strexb	r0, r1, [r3]
10002c1e:	2800      	cmp	r0, #0
10002c20:	d1f6      	bne.n	10002c10 <alarm_pool_irq_handler+0x248>
10002c22:	f3bf 8f5f 	dmb	sy
10002c26:	8863      	ldrh	r3, [r4, #2]
10002c28:	6921      	ldr	r1, [r4, #16]
10002c2a:	f829 3038 	strh.w	r3, [r9, r8, lsl #3]
10002c2e:	2300      	movs	r3, #0
10002c30:	8066      	strh	r6, [r4, #2]
10002c32:	e8c1 3f8f 	stlb	r3, [r1]
10002c36:	f382 8810 	msr	PRIMASK, r2
10002c3a:	88a3      	ldrh	r3, [r4, #4]
10002c3c:	0418      	lsls	r0, r3, #16
10002c3e:	f57f aeec 	bpl.w	10002a1a <alarm_pool_irq_handler+0x52>
10002c42:	e72f      	b.n	10002aa4 <alarm_pool_irq_handler+0xdc>
10002c44:	400b8000 	.word	0x400b8000
10002c48:	400b0000 	.word	0x400b0000
10002c4c:	20013d24 	.word	0x20013d24
10002c50:	9c00      	ldr	r4, [sp, #0]
10002c52:	4620      	mov	r0, r4
10002c54:	f000 fa52 	bl	100030fc <timer_time_us_64>
10002c58:	f100 4200 	add.w	r2, r0, #2147483648	@ 0x80000000
10002c5c:	eb04 008a 	add.w	r0, r4, sl, lsl #2
10002c60:	6aa3      	ldr	r3, [r4, #40]	@ 0x28
10002c62:	6901      	ldr	r1, [r0, #16]
10002c64:	1ac9      	subs	r1, r1, r3
10002c66:	1ad3      	subs	r3, r2, r3
10002c68:	428b      	cmp	r3, r1
10002c6a:	d208      	bcs.n	10002c7e <alarm_pool_irq_handler+0x2b6>
10002c6c:	6102      	str	r2, [r0, #16]
10002c6e:	bf40      	sev
10002c70:	b005      	add	sp, #20
10002c72:	e8bd 8ff0 	ldmia.w	sp!, {r4, r5, r6, r7, r8, r9, sl, fp, pc}
10002c76:	9903      	ldr	r1, [sp, #12]
10002c78:	e9d1 2300 	ldrd	r2, r3, [r1]
10002c7c:	e758      	b.n	10002b30 <alarm_pool_irq_handler+0x168>
10002c7e:	2301      	movs	r3, #1
10002c80:	6a21      	ldr	r1, [r4, #32]
10002c82:	fa03 f30a 	lsl.w	r3, r3, sl
10002c86:	420b      	tst	r3, r1
10002c88:	f47f af32 	bne.w	10002af0 <alarm_pool_irq_handler+0x128>
10002c8c:	6102      	str	r2, [r0, #16]
10002c8e:	e7ee      	b.n	10002c6e <alarm_pool_irq_handler+0x2a6>
10002c90:	9800      	ldr	r0, [sp, #0]
10002c92:	e9cd 2302 	strd	r2, r3, [sp, #8]
10002c96:	f000 fa31 	bl	100030fc <timer_time_us_64>
10002c9a:	9a02      	ldr	r2, [sp, #8]
10002c9c:	9b03      	ldr	r3, [sp, #12]
10002c9e:	eb10 0c02 	adds.w	ip, r0, r2
10002ca2:	eb43 0e01 	adc.w	lr, r3, r1
10002ca6:	e74e      	b.n	10002b46 <alarm_pool_irq_handler+0x17e>
10002ca8:	4625      	mov	r5, r4
10002caa:	f825 3f08 	strh.w	r3, [r5, #8]!
10002cae:	e006      	b.n	10002cbe <alarm_pool_irq_handler+0x2f6>
10002cb0:	eb03 0243 	add.w	r2, r3, r3, lsl #1
10002cb4:	eb00 02c2 	add.w	r2, r0, r2, lsl #3
10002cb8:	e9d2 7102 	ldrd	r7, r1, [r2, #8]
10002cbc:	005a      	lsls	r2, r3, #1
10002cbe:	45bc      	cmp	ip, r7
10002cc0:	eb7e 0101 	sbcs.w	r1, lr, r1
10002cc4:	441a      	add	r2, r3
10002cc6:	db05      	blt.n	10002cd4 <alarm_pool_irq_handler+0x30c>
10002cc8:	f930 3032 	ldrsh.w	r3, [r0, r2, lsl #3]
10002ccc:	eb00 05c2 	add.w	r5, r0, r2, lsl #3
10002cd0:	2b00      	cmp	r3, #0
10002cd2:	daed      	bge.n	10002cb0 <alarm_pool_irq_handler+0x2e8>
10002cd4:	f829 3038 	strh.w	r3, [r9, r8, lsl #3]
10002cd8:	802e      	strh	r6, [r5, #0]
10002cda:	88a3      	ldrh	r3, [r4, #4]
10002cdc:	0418      	lsls	r0, r3, #16
10002cde:	f57f ae9c 	bpl.w	10002a1a <alarm_pool_irq_handler+0x52>
10002ce2:	e6df      	b.n	10002aa4 <alarm_pool_irq_handler+0xdc>

10002ce4 <runtime_init_default_alarm_pool>:
10002ce4:	b510      	push	{r4, lr}
10002ce6:	4c1e      	ldr	r4, [pc, #120]	@ (10002d60 <runtime_init_default_alarm_pool+0x7c>)
10002ce8:	b082      	sub	sp, #8
10002cea:	6923      	ldr	r3, [r4, #16]
10002cec:	b10b      	cbz	r3, 10002cf2 <runtime_init_default_alarm_pool+0xe>
10002cee:	b002      	add	sp, #8
10002cf0:	bd10      	pop	{r4, pc}
10002cf2:	2103      	movs	r1, #3
10002cf4:	481b      	ldr	r0, [pc, #108]	@ (10002d64 <runtime_init_default_alarm_pool+0x80>)
10002cf6:	9301      	str	r3, [sp, #4]
10002cf8:	f000 f9ee 	bl	100030d8 <timer_hardware_alarm_claim>
10002cfc:	4819      	ldr	r0, [pc, #100]	@ (10002d64 <runtime_init_default_alarm_pool+0x80>)
10002cfe:	60e0      	str	r0, [r4, #12]
10002d00:	f7ff fc08 	bl	10002514 <next_striped_spin_lock_num>
10002d04:	f04f 0c03 	mov.w	ip, #3
10002d08:	4917      	ldr	r1, [pc, #92]	@ (10002d68 <runtime_init_default_alarm_pool+0x84>)
10002d0a:	f884 c000 	strb.w	ip, [r4]
10002d0e:	4401      	add	r1, r0
10002d10:	f04f 4050 	mov.w	r0, #3489660928	@ 0xd0000000
10002d14:	f64f 72ff 	movw	r2, #65535	@ 0xffff
10002d18:	f04f 0c0f 	mov.w	ip, #15
10002d1c:	6121      	str	r1, [r4, #16]
10002d1e:	4913      	ldr	r1, [pc, #76]	@ (10002d6c <runtime_init_default_alarm_pool+0x88>)
10002d20:	9b01      	ldr	r3, [sp, #4]
10002d22:	60a1      	str	r1, [r4, #8]
10002d24:	6800      	ldr	r0, [r0, #0]
10002d26:	6961      	ldr	r1, [r4, #20]
10002d28:	80a2      	strh	r2, [r4, #4]
10002d2a:	f8a4 c002 	strh.w	ip, [r4, #2]
10002d2e:	7060      	strb	r0, [r4, #1]
10002d30:	f821 2013 	strh.w	r2, [r1, r3, lsl #1]
10002d34:	330c      	adds	r3, #12
10002d36:	2bc0      	cmp	r3, #192	@ 0xc0
10002d38:	f102 0201 	add.w	r2, r2, #1
10002d3c:	d1f8      	bne.n	10002d30 <runtime_init_default_alarm_pool+0x4c>
10002d3e:	4b0c      	ldr	r3, [pc, #48]	@ (10002d70 <runtime_init_default_alarm_pool+0x8c>)
10002d40:	4a08      	ldr	r2, [pc, #32]	@ (10002d64 <runtime_init_default_alarm_pool+0x80>)
10002d42:	60dc      	str	r4, [r3, #12]
10002d44:	2408      	movs	r4, #8
10002d46:	2003      	movs	r0, #3
10002d48:	6214      	str	r4, [r2, #32]
10002d4a:	490a      	ldr	r1, [pc, #40]	@ (10002d74 <runtime_init_default_alarm_pool+0x90>)
10002d4c:	f7ff fc66 	bl	1000261c <irq_set_exclusive_handler>
10002d50:	2101      	movs	r1, #1
10002d52:	2003      	movs	r0, #3
10002d54:	f7ff fc20 	bl	10002598 <irq_set_enabled>
10002d58:	4a07      	ldr	r2, [pc, #28]	@ (10002d78 <runtime_init_default_alarm_pool+0x94>)
10002d5a:	6414      	str	r4, [r2, #64]	@ 0x40
10002d5c:	b002      	add	sp, #8
10002d5e:	bd10      	pop	{r4, pc}
10002d60:	20001128 	.word	0x20001128
10002d64:	400b0000 	.word	0x400b0000
10002d68:	200111d4 	.word	0x200111d4
10002d6c:	0010ffff 	.word	0x0010ffff
10002d70:	20013d24 	.word	0x20013d24
10002d74:	100029c9 	.word	0x100029c9
10002d78:	400b2000 	.word	0x400b2000

10002d7c <alarm_pool_get_default>:
10002d7c:	4800      	ldr	r0, [pc, #0]	@ (10002d80 <alarm_pool_get_default+0x4>)
10002d7e:	4770      	bx	lr
10002d80:	20001128 	.word	0x20001128

10002d84 <alarm_pool_add_alarm_at_force_in_context>:
10002d84:	b5f0      	push	{r4, r5, r6, r7, lr}
10002d86:	4616      	mov	r6, r2
10002d88:	461f      	mov	r7, r3
10002d8a:	6902      	ldr	r2, [r0, #16]
10002d8c:	4603      	mov	r3, r0
10002d8e:	f3ef 8010 	mrs	r0, PRIMASK
10002d92:	b672      	cpsid	i
10002d94:	e8d2 4fcf 	ldaexb	r4, [r2]
10002d98:	2101      	movs	r1, #1
10002d9a:	2c00      	cmp	r4, #0
10002d9c:	d1fa      	bne.n	10002d94 <alarm_pool_add_alarm_at_force_in_context+0x10>
10002d9e:	e8c2 1f44 	strexb	r4, r1, [r2]
10002da2:	2c00      	cmp	r4, #0
10002da4:	d1f6      	bne.n	10002d94 <alarm_pool_add_alarm_at_force_in_context+0x10>
10002da6:	f3bf 8f5f 	dmb	sy
10002daa:	f9b3 1002 	ldrsh.w	r1, [r3, #2]
10002dae:	691d      	ldr	r5, [r3, #16]
10002db0:	2900      	cmp	r1, #0
10002db2:	db45      	blt.n	10002e40 <alarm_pool_add_alarm_at_force_in_context+0xbc>
10002db4:	f8d3 e014 	ldr.w	lr, [r3, #20]
10002db8:	eb01 0241 	add.w	r2, r1, r1, lsl #1
10002dbc:	f83e 4032 	ldrh.w	r4, [lr, r2, lsl #3]
10002dc0:	eb0e 0cc2 	add.w	ip, lr, r2, lsl #3
10002dc4:	805c      	strh	r4, [r3, #2]
10002dc6:	2400      	movs	r4, #0
10002dc8:	e8c5 4f8f 	stlb	r4, [r5]
10002dcc:	f380 8810 	msr	PRIMASK, r0
10002dd0:	9805      	ldr	r0, [sp, #20]
10002dd2:	4635      	mov	r5, r6
10002dd4:	f8cc 0010 	str.w	r0, [ip, #16]
10002dd8:	9806      	ldr	r0, [sp, #24]
10002dda:	463e      	mov	r6, r7
10002ddc:	f8cc 0014 	str.w	r0, [ip, #20]
10002de0:	f8bc 0002 	ldrh.w	r0, [ip, #2]
10002de4:	e9cc 5602 	strd	r5, r6, [ip, #8]
10002de8:	3001      	adds	r0, #1
10002dea:	f3c0 000e 	ubfx	r0, r0, #0, #15
10002dee:	2801      	cmp	r0, #1
10002df0:	bf38      	it	cc
10002df2:	2001      	movcc	r0, #1
10002df4:	f8ac 0002 	strh.w	r0, [ip, #2]
10002df8:	ea40 4001 	orr.w	r0, r0, r1, lsl #16
10002dfc:	f8d3 c010 	ldr.w	ip, [r3, #16]
10002e00:	f3ef 8510 	mrs	r5, PRIMASK
10002e04:	b672      	cpsid	i
10002e06:	e8dc 7fcf 	ldaexb	r7, [ip]
10002e0a:	2601      	movs	r6, #1
10002e0c:	2f00      	cmp	r7, #0
10002e0e:	d1fa      	bne.n	10002e06 <alarm_pool_add_alarm_at_force_in_context+0x82>
10002e10:	e8cc 6f47 	strexb	r7, r6, [ip]
10002e14:	2f00      	cmp	r7, #0
10002e16:	d1f6      	bne.n	10002e06 <alarm_pool_add_alarm_at_force_in_context+0x82>
10002e18:	f3bf 8f5f 	dmb	sy
10002e1c:	f8b3 c004 	ldrh.w	ip, [r3, #4]
10002e20:	f82e c032 	strh.w	ip, [lr, r2, lsl #3]
10002e24:	8099      	strh	r1, [r3, #4]
10002e26:	691a      	ldr	r2, [r3, #16]
10002e28:	e8c2 4f8f 	stlb	r4, [r2]
10002e2c:	f385 8810 	msr	PRIMASK, r5
10002e30:	2101      	movs	r1, #1
10002e32:	781c      	ldrb	r4, [r3, #0]
10002e34:	68da      	ldr	r2, [r3, #12]
10002e36:	40a1      	lsls	r1, r4
10002e38:	f502 5301 	add.w	r3, r2, #8256	@ 0x2040
10002e3c:	6059      	str	r1, [r3, #4]
10002e3e:	bdf0      	pop	{r4, r5, r6, r7, pc}
10002e40:	2300      	movs	r3, #0
10002e42:	e8c5 3f8f 	stlb	r3, [r5]
10002e46:	f380 8810 	msr	PRIMASK, r0
10002e4a:	f04f 30ff 	mov.w	r0, #4294967295	@ 0xffffffff
10002e4e:	bdf0      	pop	{r4, r5, r6, r7, pc}

10002e50 <alarm_pool_add_alarm_at>:
10002e50:	b5f0      	push	{r4, r5, r6, r7, lr}
10002e52:	b083      	sub	sp, #12
10002e54:	f89d 4028 	ldrb.w	r4, [sp, #40]	@ 0x28
10002e58:	4607      	mov	r7, r0
10002e5a:	e9dd 5608 	ldrd	r5, r6, [sp, #32]
10002e5e:	b954      	cbnz	r4, 10002e76 <alarm_pool_add_alarm_at+0x26>
10002e60:	e9cd 2300 	strd	r2, r3, [sp]
10002e64:	f000 f952 	bl	1000310c <time_us_64>
10002e68:	9a00      	ldr	r2, [sp, #0]
10002e6a:	9b01      	ldr	r3, [sp, #4]
10002e6c:	4282      	cmp	r2, r0
10002e6e:	eb63 0101 	sbc.w	r1, r3, r1
10002e72:	42a1      	cmp	r1, r4
10002e74:	db07      	blt.n	10002e86 <alarm_pool_add_alarm_at+0x36>
10002e76:	4638      	mov	r0, r7
10002e78:	e9cd 5608 	strd	r5, r6, [sp, #32]
10002e7c:	b003      	add	sp, #12
10002e7e:	e8bd 40f0 	ldmia.w	sp!, {r4, r5, r6, r7, lr}
10002e82:	f7ff bf7f 	b.w	10002d84 <alarm_pool_add_alarm_at_force_in_context>
10002e86:	4620      	mov	r0, r4
10002e88:	b003      	add	sp, #12
10002e8a:	bdf0      	pop	{r4, r5, r6, r7, pc}

10002e8c <alarm_pool_cancel_alarm>:
10002e8c:	4603      	mov	r3, r0
10002e8e:	8940      	ldrh	r0, [r0, #10]
10002e90:	ebb0 4f21 	cmp.w	r0, r1, asr #16
10002e94:	dd3a      	ble.n	10002f0c <alarm_pool_cancel_alarm+0x80>
10002e96:	6958      	ldr	r0, [r3, #20]
10002e98:	140a      	asrs	r2, r1, #16
10002e9a:	eb02 0242 	add.w	r2, r2, r2, lsl #1
10002e9e:	b510      	push	{r4, lr}
10002ea0:	f8d3 c010 	ldr.w	ip, [r3, #16]
10002ea4:	eb00 00c2 	add.w	r0, r0, r2, lsl #3
10002ea8:	f3ef 8e10 	mrs	lr, PRIMASK
10002eac:	b672      	cpsid	i
10002eae:	e8dc 4fcf 	ldaexb	r4, [ip]
10002eb2:	2201      	movs	r2, #1
10002eb4:	2c00      	cmp	r4, #0
10002eb6:	d1fa      	bne.n	10002eae <alarm_pool_cancel_alarm+0x22>
10002eb8:	e8cc 2f44 	strexb	r4, r2, [ip]
10002ebc:	2c00      	cmp	r4, #0
10002ebe:	d1f6      	bne.n	10002eae <alarm_pool_cancel_alarm+0x22>
10002ec0:	f3bf 8f5f 	dmb	sy
10002ec4:	8842      	ldrh	r2, [r0, #2]
10002ec6:	b289      	uxth	r1, r1
10002ec8:	b292      	uxth	r2, r2
10002eca:	428a      	cmp	r2, r1
10002ecc:	d007      	beq.n	10002ede <alarm_pool_cancel_alarm+0x52>
10002ece:	2200      	movs	r2, #0
10002ed0:	691b      	ldr	r3, [r3, #16]
10002ed2:	e8c3 2f8f 	stlb	r2, [r3]
10002ed6:	f38e 8810 	msr	PRIMASK, lr
10002eda:	2000      	movs	r0, #0
10002edc:	bd10      	pop	{r4, pc}
10002ede:	ea6f 4242 	mvn.w	r2, r2, lsl #17
10002ee2:	ea6f 4252 	mvn.w	r2, r2, lsr #17
10002ee6:	8042      	strh	r2, [r0, #2]
10002ee8:	2101      	movs	r1, #1
10002eea:	2200      	movs	r2, #0
10002eec:	6918      	ldr	r0, [r3, #16]
10002eee:	7199      	strb	r1, [r3, #6]
10002ef0:	e8c0 2f8f 	stlb	r2, [r0]
10002ef4:	f38e 8810 	msr	PRIMASK, lr
10002ef8:	f893 c000 	ldrb.w	ip, [r3]
10002efc:	68da      	ldr	r2, [r3, #12]
10002efe:	4608      	mov	r0, r1
10002f00:	f502 5301 	add.w	r3, r2, #8256	@ 0x2040
10002f04:	fa01 f10c 	lsl.w	r1, r1, ip
10002f08:	6059      	str	r1, [r3, #4]
10002f0a:	bd10      	pop	{r4, pc}
10002f0c:	2000      	movs	r0, #0
10002f0e:	4770      	bx	lr

10002f10 <alarm_pool_core_num>:
10002f10:	7840      	ldrb	r0, [r0, #1]
10002f12:	4770      	bx	lr

10002f14 <sleep_until>:
10002f14:	b5f0      	push	{r4, r5, r6, r7, lr}
10002f16:	1f84      	subs	r4, r0, #6
10002f18:	f161 0600 	sbc.w	r6, r1, #0
10002f1c:	42a0      	cmp	r0, r4
10002f1e:	eb71 0306 	sbcs.w	r3, r1, r6
10002f22:	bf38      	it	cc
10002f24:	2400      	movcc	r4, #0
10002f26:	b083      	sub	sp, #12
10002f28:	bf38      	it	cc
10002f2a:	4626      	movcc	r6, r4
10002f2c:	4605      	mov	r5, r0
10002f2e:	460f      	mov	r7, r1
10002f30:	f000 f8ec 	bl	1000310c <time_us_64>
10002f34:	1a20      	subs	r0, r4, r0
10002f36:	eb66 0101 	sbc.w	r1, r6, r1
10002f3a:	2801      	cmp	r0, #1
10002f3c:	f171 0100 	sbcs.w	r1, r1, #0
10002f40:	da06      	bge.n	10002f50 <sleep_until+0x3c>
10002f42:	4628      	mov	r0, r5
10002f44:	4639      	mov	r1, r7
10002f46:	b003      	add	sp, #12
10002f48:	e8bd 40f0 	ldmia.w	sp!, {r4, r5, r6, r7, lr}
10002f4c:	f000 b920 	b.w	10003190 <busy_wait_until>
10002f50:	f000 f8dc 	bl	1000310c <time_us_64>
10002f54:	4284      	cmp	r4, r0
10002f56:	eb66 0101 	sbc.w	r1, r6, r1
10002f5a:	2900      	cmp	r1, #0
10002f5c:	db0a      	blt.n	10002f74 <sleep_until+0x60>
10002f5e:	2100      	movs	r1, #0
10002f60:	4b0a      	ldr	r3, [pc, #40]	@ (10002f8c <sleep_until+0x78>)
10002f62:	4622      	mov	r2, r4
10002f64:	9300      	str	r3, [sp, #0]
10002f66:	480a      	ldr	r0, [pc, #40]	@ (10002f90 <sleep_until+0x7c>)
10002f68:	4633      	mov	r3, r6
10002f6a:	9101      	str	r1, [sp, #4]
10002f6c:	f7ff ff0a 	bl	10002d84 <alarm_pool_add_alarm_at_force_in_context>
10002f70:	3001      	adds	r0, #1
10002f72:	d0e6      	beq.n	10002f42 <sleep_until+0x2e>
10002f74:	4a07      	ldr	r2, [pc, #28]	@ (10002f94 <sleep_until+0x80>)
10002f76:	6a53      	ldr	r3, [r2, #36]	@ 0x24
10002f78:	429e      	cmp	r6, r3
10002f7a:	d804      	bhi.n	10002f86 <sleep_until+0x72>
10002f7c:	6a91      	ldr	r1, [r2, #40]	@ 0x28
10002f7e:	42a1      	cmp	r1, r4
10002f80:	d2df      	bcs.n	10002f42 <sleep_until+0x2e>
10002f82:	429e      	cmp	r6, r3
10002f84:	d1dd      	bne.n	10002f42 <sleep_until+0x2e>
10002f86:	bf20      	wfe
10002f88:	e7f5      	b.n	10002f76 <sleep_until+0x62>
10002f8a:	bf00      	nop
10002f8c:	100029c1 	.word	0x100029c1
10002f90:	20001128 	.word	0x20001128
10002f94:	400b0000 	.word	0x400b0000

10002f98 <sleep_ms>:
10002f98:	b510      	push	{r4, lr}
10002f9a:	4604      	mov	r4, r0
10002f9c:	f000 f8b6 	bl	1000310c <time_us_64>
10002fa0:	f44f 737a 	mov.w	r3, #1000	@ 0x3e8
10002fa4:	f04f 3cff 	mov.w	ip, #4294967295	@ 0xffffffff
10002fa8:	f06f 4200 	mvn.w	r2, #2147483648	@ 0x80000000
10002fac:	fbe4 0103 	umlal	r0, r1, r4, r3
10002fb0:	e8bd 4010 	ldmia.w	sp!, {r4, lr}
10002fb4:	4584      	cmp	ip, r0
10002fb6:	eb72 0301 	sbcs.w	r3, r2, r1
10002fba:	bf3c      	itt	cc
10002fbc:	4660      	movcc	r0, ip
10002fbe:	4611      	movcc	r1, r2
10002fc0:	f7ff bfa8 	b.w	10002f14 <sleep_until>

10002fc4 <best_effort_wfe_or_timeout>:
10002fc4:	f3ef 8205 	mrs	r2, IPSR
10002fc8:	b2d2      	uxtb	r2, r2
10002fca:	b17a      	cbz	r2, 10002fec <best_effort_wfe_or_timeout+0x28>
10002fcc:	4a3f      	ldr	r2, [pc, #252]	@ (100030cc <best_effort_wfe_or_timeout+0x108>)
10002fce:	6a53      	ldr	r3, [r2, #36]	@ 0x24
10002fd0:	428b      	cmp	r3, r1
10002fd2:	d309      	bcc.n	10002fe8 <best_effort_wfe_or_timeout+0x24>
10002fd4:	bf14      	ite	ne
10002fd6:	2301      	movne	r3, #1
10002fd8:	2300      	moveq	r3, #0
10002fda:	6a92      	ldr	r2, [r2, #40]	@ 0x28
10002fdc:	4282      	cmp	r2, r0
10002fde:	bf34      	ite	cc
10002fe0:	4618      	movcc	r0, r3
10002fe2:	f043 0001 	orrcs.w	r0, r3, #1
10002fe6:	4770      	bx	lr
10002fe8:	2000      	movs	r0, #0
10002fea:	4770      	bx	lr
10002fec:	b570      	push	{r4, r5, r6, lr}
10002fee:	4b38      	ldr	r3, [pc, #224]	@ (100030d0 <best_effort_wfe_or_timeout+0x10c>)
10002ff0:	b084      	sub	sp, #16
10002ff2:	68dd      	ldr	r5, [r3, #12]
10002ff4:	4606      	mov	r6, r0
10002ff6:	4628      	mov	r0, r5
10002ff8:	781c      	ldrb	r4, [r3, #0]
10002ffa:	e9cd 1202 	strd	r1, r2, [sp, #8]
10002ffe:	f000 f87d 	bl	100030fc <timer_time_us_64>
10003002:	f104 0c04 	add.w	ip, r4, #4
10003006:	f855 c02c 	ldr.w	ip, [r5, ip, lsl #2]
1000300a:	9b02      	ldr	r3, [sp, #8]
1000300c:	ebac 0c00 	sub.w	ip, ip, r0
10003010:	1a30      	subs	r0, r6, r0
10003012:	eb63 0101 	sbc.w	r1, r3, r1
10003016:	4560      	cmp	r0, ip
10003018:	f171 0100 	sbcs.w	r1, r1, #0
1000301c:	9a03      	ldr	r2, [sp, #12]
1000301e:	db1a      	blt.n	10003056 <best_effort_wfe_or_timeout+0x92>
10003020:	4a2a      	ldr	r2, [pc, #168]	@ (100030cc <best_effort_wfe_or_timeout+0x108>)
10003022:	6a51      	ldr	r1, [r2, #36]	@ 0x24
10003024:	4299      	cmp	r1, r3
10003026:	d307      	bcc.n	10003038 <best_effort_wfe_or_timeout+0x74>
10003028:	6a92      	ldr	r2, [r2, #40]	@ 0x28
1000302a:	42b2      	cmp	r2, r6
1000302c:	d201      	bcs.n	10003032 <best_effort_wfe_or_timeout+0x6e>
1000302e:	4299      	cmp	r1, r3
10003030:	d002      	beq.n	10003038 <best_effort_wfe_or_timeout+0x74>
10003032:	2001      	movs	r0, #1
10003034:	b004      	add	sp, #16
10003036:	bd70      	pop	{r4, r5, r6, pc}
10003038:	bf20      	wfe
1000303a:	4a24      	ldr	r2, [pc, #144]	@ (100030cc <best_effort_wfe_or_timeout+0x108>)
1000303c:	6a51      	ldr	r1, [r2, #36]	@ 0x24
1000303e:	4299      	cmp	r1, r3
10003040:	d32d      	bcc.n	1000309e <best_effort_wfe_or_timeout+0xda>
10003042:	bf14      	ite	ne
10003044:	2001      	movne	r0, #1
10003046:	2000      	moveq	r0, #0
10003048:	6a93      	ldr	r3, [r2, #40]	@ 0x28
1000304a:	42b3      	cmp	r3, r6
1000304c:	bf28      	it	cs
1000304e:	f040 0001 	orrcs.w	r0, r0, #1
10003052:	b004      	add	sp, #16
10003054:	bd70      	pop	{r4, r5, r6, pc}
10003056:	e9cd 2302 	strd	r2, r3, [sp, #8]
1000305a:	f000 f857 	bl	1000310c <time_us_64>
1000305e:	9b03      	ldr	r3, [sp, #12]
10003060:	4286      	cmp	r6, r0
10003062:	eb63 0101 	sbc.w	r1, r3, r1
10003066:	2900      	cmp	r1, #0
10003068:	9a02      	ldr	r2, [sp, #8]
1000306a:	db1b      	blt.n	100030a4 <best_effort_wfe_or_timeout+0xe0>
1000306c:	4919      	ldr	r1, [pc, #100]	@ (100030d4 <best_effort_wfe_or_timeout+0x110>)
1000306e:	4818      	ldr	r0, [pc, #96]	@ (100030d0 <best_effort_wfe_or_timeout+0x10c>)
10003070:	e9cd 1200 	strd	r1, r2, [sp]
10003074:	4632      	mov	r2, r6
10003076:	9302      	str	r3, [sp, #8]
10003078:	f7ff fe84 	bl	10002d84 <alarm_pool_add_alarm_at_force_in_context>
1000307c:	1e01      	subs	r1, r0, #0
1000307e:	9b02      	ldr	r3, [sp, #8]
10003080:	dd10      	ble.n	100030a4 <best_effort_wfe_or_timeout+0xe0>
10003082:	4a12      	ldr	r2, [pc, #72]	@ (100030cc <best_effort_wfe_or_timeout+0x108>)
10003084:	6a50      	ldr	r0, [r2, #36]	@ 0x24
10003086:	4298      	cmp	r0, r3
10003088:	d219      	bcs.n	100030be <best_effort_wfe_or_timeout+0xfa>
1000308a:	bf20      	wfe
1000308c:	4810      	ldr	r0, [pc, #64]	@ (100030d0 <best_effort_wfe_or_timeout+0x10c>)
1000308e:	9302      	str	r3, [sp, #8]
10003090:	f7ff fefc 	bl	10002e8c <alarm_pool_cancel_alarm>
10003094:	4a0d      	ldr	r2, [pc, #52]	@ (100030cc <best_effort_wfe_or_timeout+0x108>)
10003096:	9b02      	ldr	r3, [sp, #8]
10003098:	6a51      	ldr	r1, [r2, #36]	@ 0x24
1000309a:	4299      	cmp	r1, r3
1000309c:	d2d1      	bcs.n	10003042 <best_effort_wfe_or_timeout+0x7e>
1000309e:	2000      	movs	r0, #0
100030a0:	b004      	add	sp, #16
100030a2:	bd70      	pop	{r4, r5, r6, pc}
100030a4:	4a09      	ldr	r2, [pc, #36]	@ (100030cc <best_effort_wfe_or_timeout+0x108>)
100030a6:	6a50      	ldr	r0, [r2, #36]	@ 0x24
100030a8:	4298      	cmp	r0, r3
100030aa:	d3f8      	bcc.n	1000309e <best_effort_wfe_or_timeout+0xda>
100030ac:	1ac0      	subs	r0, r0, r3
100030ae:	bf18      	it	ne
100030b0:	2001      	movne	r0, #1
100030b2:	6a93      	ldr	r3, [r2, #40]	@ 0x28
100030b4:	42b3      	cmp	r3, r6
100030b6:	bf28      	it	cs
100030b8:	f040 0001 	orrcs.w	r0, r0, #1
100030bc:	e7c9      	b.n	10003052 <best_effort_wfe_or_timeout+0x8e>
100030be:	6a92      	ldr	r2, [r2, #40]	@ 0x28
100030c0:	42b2      	cmp	r2, r6
100030c2:	d2e3      	bcs.n	1000308c <best_effort_wfe_or_timeout+0xc8>
100030c4:	4298      	cmp	r0, r3
100030c6:	d1e1      	bne.n	1000308c <best_effort_wfe_or_timeout+0xc8>
100030c8:	e7df      	b.n	1000308a <best_effort_wfe_or_timeout+0xc6>
100030ca:	bf00      	nop
100030cc:	400b0000 	.word	0x400b0000
100030d0:	20001128 	.word	0x20001128
100030d4:	100029c1 	.word	0x100029c1

100030d8 <timer_hardware_alarm_claim>:
100030d8:	b410      	push	{r4}
100030da:	4b05      	ldr	r3, [pc, #20]	@ (100030f0 <timer_hardware_alarm_claim+0x18>)
100030dc:	4c05      	ldr	r4, [pc, #20]	@ (100030f4 <timer_hardware_alarm_claim+0x1c>)
100030de:	4a06      	ldr	r2, [pc, #24]	@ (100030f8 <timer_hardware_alarm_claim+0x20>)
100030e0:	42a0      	cmp	r0, r4
100030e2:	bf14      	ite	ne
100030e4:	4618      	movne	r0, r3
100030e6:	1c58      	addeq	r0, r3, #1
100030e8:	bc10      	pop	{r4}
100030ea:	f7ff b9a5 	b.w	10002438 <hw_claim_or_assert>
100030ee:	bf00      	nop
100030f0:	20012d60 	.word	0x20012d60
100030f4:	400b8000 	.word	0x400b8000
100030f8:	10008ec0 	.word	0x10008ec0

100030fc <timer_time_us_64>:
100030fc:	4603      	mov	r3, r0
100030fe:	6a41      	ldr	r1, [r0, #36]	@ 0x24
10003100:	460a      	mov	r2, r1
10003102:	6a98      	ldr	r0, [r3, #40]	@ 0x28
10003104:	6a59      	ldr	r1, [r3, #36]	@ 0x24
10003106:	428a      	cmp	r2, r1
10003108:	d1fa      	bne.n	10003100 <timer_time_us_64+0x4>
1000310a:	4770      	bx	lr

1000310c <time_us_64>:
1000310c:	4b03      	ldr	r3, [pc, #12]	@ (1000311c <time_us_64+0x10>)
1000310e:	6a59      	ldr	r1, [r3, #36]	@ 0x24
10003110:	460a      	mov	r2, r1
10003112:	6a98      	ldr	r0, [r3, #40]	@ 0x28
10003114:	6a59      	ldr	r1, [r3, #36]	@ 0x24
10003116:	4291      	cmp	r1, r2
10003118:	d1fa      	bne.n	10003110 <time_us_64+0x4>
1000311a:	4770      	bx	lr
1000311c:	400b0000 	.word	0x400b0000

10003120 <busy_wait_us_32>:
10003120:	2800      	cmp	r0, #0
10003122:	4a1a      	ldr	r2, [pc, #104]	@ (1000318c <busy_wait_us_32+0x6c>)
10003124:	db05      	blt.n	10003132 <busy_wait_us_32+0x12>
10003126:	6a91      	ldr	r1, [r2, #40]	@ 0x28
10003128:	6a93      	ldr	r3, [r2, #40]	@ 0x28
1000312a:	1a5b      	subs	r3, r3, r1
1000312c:	4298      	cmp	r0, r3
1000312e:	d8fb      	bhi.n	10003128 <busy_wait_us_32+0x8>
10003130:	4770      	bx	lr
10003132:	6a53      	ldr	r3, [r2, #36]	@ 0x24
10003134:	4619      	mov	r1, r3
10003136:	f8d2 c028 	ldr.w	ip, [r2, #40]	@ 0x28
1000313a:	6a53      	ldr	r3, [r2, #36]	@ 0x24
1000313c:	428b      	cmp	r3, r1
1000313e:	d1f9      	bne.n	10003134 <busy_wait_us_32+0x14>
10003140:	eb10 000c 	adds.w	r0, r0, ip
10003144:	f153 0300 	adcs.w	r3, r3, #0
10003148:	f04f 0200 	mov.w	r2, #0
1000314c:	bf28      	it	cs
1000314e:	2201      	movcs	r2, #1
10003150:	b992      	cbnz	r2, 10003178 <busy_wait_us_32+0x58>
10003152:	4a0e      	ldr	r2, [pc, #56]	@ (1000318c <busy_wait_us_32+0x6c>)
10003154:	6a52      	ldr	r2, [r2, #36]	@ 0x24
10003156:	4293      	cmp	r3, r2
10003158:	d903      	bls.n	10003162 <busy_wait_us_32+0x42>
1000315a:	490c      	ldr	r1, [pc, #48]	@ (1000318c <busy_wait_us_32+0x6c>)
1000315c:	6a4a      	ldr	r2, [r1, #36]	@ 0x24
1000315e:	429a      	cmp	r2, r3
10003160:	d3fc      	bcc.n	1000315c <busy_wait_us_32+0x3c>
10003162:	429a      	cmp	r2, r3
10003164:	d107      	bne.n	10003176 <busy_wait_us_32+0x56>
10003166:	4a09      	ldr	r2, [pc, #36]	@ (1000318c <busy_wait_us_32+0x6c>)
10003168:	e002      	b.n	10003170 <busy_wait_us_32+0x50>
1000316a:	6a51      	ldr	r1, [r2, #36]	@ 0x24
1000316c:	4299      	cmp	r1, r3
1000316e:	d102      	bne.n	10003176 <busy_wait_us_32+0x56>
10003170:	6a91      	ldr	r1, [r2, #40]	@ 0x28
10003172:	4281      	cmp	r1, r0
10003174:	d3f9      	bcc.n	1000316a <busy_wait_us_32+0x4a>
10003176:	4770      	bx	lr
10003178:	4b04      	ldr	r3, [pc, #16]	@ (1000318c <busy_wait_us_32+0x6c>)
1000317a:	6a5b      	ldr	r3, [r3, #36]	@ 0x24
1000317c:	1c5a      	adds	r2, r3, #1
1000317e:	bf08      	it	eq
10003180:	4618      	moveq	r0, r3
10003182:	d0f0      	beq.n	10003166 <busy_wait_us_32+0x46>
10003184:	f04f 33ff 	mov.w	r3, #4294967295	@ 0xffffffff
10003188:	4618      	mov	r0, r3
1000318a:	e7e6      	b.n	1000315a <busy_wait_us_32+0x3a>
1000318c:	400b0000 	.word	0x400b0000

10003190 <busy_wait_until>:
10003190:	4a07      	ldr	r2, [pc, #28]	@ (100031b0 <busy_wait_until+0x20>)
10003192:	6a53      	ldr	r3, [r2, #36]	@ 0x24
10003194:	4299      	cmp	r1, r3
10003196:	d8fc      	bhi.n	10003192 <busy_wait_until+0x2>
10003198:	4299      	cmp	r1, r3
1000319a:	d107      	bne.n	100031ac <busy_wait_until+0x1c>
1000319c:	4b04      	ldr	r3, [pc, #16]	@ (100031b0 <busy_wait_until+0x20>)
1000319e:	e002      	b.n	100031a6 <busy_wait_until+0x16>
100031a0:	6a5a      	ldr	r2, [r3, #36]	@ 0x24
100031a2:	4291      	cmp	r1, r2
100031a4:	d102      	bne.n	100031ac <busy_wait_until+0x1c>
100031a6:	6a9a      	ldr	r2, [r3, #40]	@ 0x28
100031a8:	4290      	cmp	r0, r2
100031aa:	d8f9      	bhi.n	100031a0 <busy_wait_until+0x10>
100031ac:	4770      	bx	lr
100031ae:	bf00      	nop
100031b0:	400b0000 	.word	0x400b0000

100031b4 <clock_configure_internal>:
100031b4:	eb00 0c40 	add.w	ip, r0, r0, lsl #1
100031b8:	ea4f 0c8c 	mov.w	ip, ip, lsl #2
100031bc:	f10c 4c80 	add.w	ip, ip, #1073741824	@ 0x40000000
100031c0:	b570      	push	{r4, r5, r6, lr}
100031c2:	f50c 3c80 	add.w	ip, ip, #65536	@ 0x10000
100031c6:	9c04      	ldr	r4, [sp, #16]
100031c8:	461e      	mov	r6, r3
100031ca:	f8dc 3004 	ldr.w	r3, [ip, #4]
100031ce:	42a3      	cmp	r3, r4
100031d0:	bf38      	it	cc
100031d2:	4623      	movcc	r3, r4
100031d4:	f1a0 0404 	sub.w	r4, r0, #4
100031d8:	b2e4      	uxtb	r4, r4
100031da:	bf38      	it	cc
100031dc:	f8cc 3004 	strcc.w	r3, [ip, #4]
100031e0:	2c01      	cmp	r4, #1
100031e2:	d92d      	bls.n	10003240 <clock_configure_internal+0x8c>
100031e4:	f44f 6500 	mov.w	r5, #2048	@ 0x800
100031e8:	4b27      	ldr	r3, [pc, #156]	@ (10003288 <clock_configure_internal+0xd4>)
100031ea:	f50c 5e40 	add.w	lr, ip, #12288	@ 0x3000
100031ee:	f8ce 5000 	str.w	r5, [lr]
100031f2:	f853 e020 	ldr.w	lr, [r3, r0, lsl #2]
100031f6:	f1be 0f00 	cmp.w	lr, #0
100031fa:	d116      	bne.n	1000322a <clock_configure_internal+0x76>
100031fc:	f8dc e000 	ldr.w	lr, [ip]
10003200:	2c01      	cmp	r4, #1
10003202:	ea8e 1242 	eor.w	r2, lr, r2, lsl #5
10003206:	f002 02e0 	and.w	r2, r2, #224	@ 0xe0
1000320a:	f50c 5e80 	add.w	lr, ip, #4096	@ 0x1000
1000320e:	f8ce 2000 	str.w	r2, [lr]
10003212:	d92a      	bls.n	1000326a <clock_configure_internal+0xb6>
10003214:	f44f 6200 	mov.w	r2, #2048	@ 0x800
10003218:	f843 6020 	str.w	r6, [r3, r0, lsl #2]
1000321c:	f50c 5300 	add.w	r3, ip, #8192	@ 0x2000
10003220:	601a      	str	r2, [r3, #0]
10003222:	9b04      	ldr	r3, [sp, #16]
10003224:	f8cc 3004 	str.w	r3, [ip, #4]
10003228:	bd70      	pop	{r4, r5, r6, pc}
1000322a:	695d      	ldr	r5, [r3, #20]
1000322c:	fbb5 fefe 	udiv	lr, r5, lr
10003230:	f10e 0e01 	add.w	lr, lr, #1
10003234:	eb0e 0e4e 	add.w	lr, lr, lr, lsl #1
10003238:	f1be 0e03 	subs.w	lr, lr, #3
1000323c:	d2fc      	bcs.n	10003238 <clock_configure_internal+0x84>
1000323e:	e7dd      	b.n	100031fc <clock_configure_internal+0x48>
10003240:	2901      	cmp	r1, #1
10003242:	d1cf      	bne.n	100031e4 <clock_configure_internal+0x30>
10003244:	2403      	movs	r4, #3
10003246:	f50c 5340 	add.w	r3, ip, #12288	@ 0x3000
1000324a:	601c      	str	r4, [r3, #0]
1000324c:	f8dc 3008 	ldr.w	r3, [ip, #8]
10003250:	07db      	lsls	r3, r3, #31
10003252:	d5fb      	bpl.n	1000324c <clock_configure_internal+0x98>
10003254:	f8dc 3000 	ldr.w	r3, [ip]
10003258:	f50c 5e80 	add.w	lr, ip, #4096	@ 0x1000
1000325c:	ea83 1342 	eor.w	r3, r3, r2, lsl #5
10003260:	f003 03e0 	and.w	r3, r3, #224	@ 0xe0
10003264:	f8ce 3000 	str.w	r3, [lr]
10003268:	4b07      	ldr	r3, [pc, #28]	@ (10003288 <clock_configure_internal+0xd4>)
1000326a:	2201      	movs	r2, #1
1000326c:	f8dc 4000 	ldr.w	r4, [ip]
10003270:	404c      	eors	r4, r1
10003272:	f004 0403 	and.w	r4, r4, #3
10003276:	f8ce 4000 	str.w	r4, [lr]
1000327a:	fa02 f101 	lsl.w	r1, r2, r1
1000327e:	f8dc 2008 	ldr.w	r2, [ip, #8]
10003282:	420a      	tst	r2, r1
10003284:	d0fb      	beq.n	1000327e <clock_configure_internal+0xca>
10003286:	e7c5      	b.n	10003214 <clock_configure_internal+0x60>
10003288:	20012d68 	.word	0x20012d68

1000328c <clock_configure_undivided>:
1000328c:	f44f 3c80 	mov.w	ip, #65536	@ 0x10000
10003290:	b500      	push	{lr}
10003292:	b083      	sub	sp, #12
10003294:	f8cd c000 	str.w	ip, [sp]
10003298:	f7ff ff8c 	bl	100031b4 <clock_configure_internal>
1000329c:	b003      	add	sp, #12
1000329e:	bd00      	pop	{pc}

100032a0 <clock_get_hz>:
100032a0:	4b01      	ldr	r3, [pc, #4]	@ (100032a8 <clock_get_hz+0x8>)
100032a2:	f853 0020 	ldr.w	r0, [r3, r0, lsl #2]
100032a6:	4770      	bx	lr
100032a8:	20012d68 	.word	0x20012d68

100032ac <set_sys_clock_pll>:
100032ac:	b5f0      	push	{r4, r5, r6, r7, lr}
100032ae:	f44f 3480 	mov.w	r4, #65536	@ 0x10000
100032b2:	4617      	mov	r7, r2
100032b4:	2201      	movs	r2, #1
100032b6:	460e      	mov	r6, r1
100032b8:	4605      	mov	r5, r0
100032ba:	b083      	sub	sp, #12
100032bc:	4611      	mov	r1, r2
100032be:	2005      	movs	r0, #5
100032c0:	4b12      	ldr	r3, [pc, #72]	@ (1000330c <set_sys_clock_pll+0x60>)
100032c2:	9400      	str	r4, [sp, #0]
100032c4:	f7ff ff76 	bl	100031b4 <clock_configure_internal>
100032c8:	4633      	mov	r3, r6
100032ca:	fb07 f606 	mul.w	r6, r7, r6
100032ce:	462a      	mov	r2, r5
100032d0:	2101      	movs	r1, #1
100032d2:	480f      	ldr	r0, [pc, #60]	@ (10003310 <set_sys_clock_pll+0x64>)
100032d4:	9700      	str	r7, [sp, #0]
100032d6:	f000 f81f 	bl	10003318 <pll_init>
100032da:	fbb5 f5f6 	udiv	r5, r5, r6
100032de:	2200      	movs	r2, #0
100032e0:	2102      	movs	r1, #2
100032e2:	2004      	movs	r0, #4
100032e4:	4b0b      	ldr	r3, [pc, #44]	@ (10003314 <set_sys_clock_pll+0x68>)
100032e6:	9400      	str	r4, [sp, #0]
100032e8:	f7ff ff64 	bl	100031b4 <clock_configure_internal>
100032ec:	462b      	mov	r3, r5
100032ee:	2200      	movs	r2, #0
100032f0:	2101      	movs	r1, #1
100032f2:	2005      	movs	r0, #5
100032f4:	9400      	str	r4, [sp, #0]
100032f6:	f7ff ff5d 	bl	100031b4 <clock_configure_internal>
100032fa:	2202      	movs	r2, #2
100032fc:	2100      	movs	r1, #0
100032fe:	2006      	movs	r0, #6
10003300:	4b02      	ldr	r3, [pc, #8]	@ (1000330c <set_sys_clock_pll+0x60>)
10003302:	9400      	str	r4, [sp, #0]
10003304:	f7ff ff56 	bl	100031b4 <clock_configure_internal>
10003308:	b003      	add	sp, #12
1000330a:	bdf0      	pop	{r4, r5, r6, r7, pc}
1000330c:	02dc6c00 	.word	0x02dc6c00
10003310:	40050000 	.word	0x40050000
10003314:	00b71b00 	.word	0x00b71b00

10003318 <pll_init>:
10003318:	b510      	push	{r4, lr}
1000331a:	9c02      	ldr	r4, [sp, #8]
1000331c:	468e      	mov	lr, r1
1000331e:	ea4f 3c04 	mov.w	ip, r4, lsl #12
10003322:	ea4c 4c03 	orr.w	ip, ip, r3, lsl #16
10003326:	4b1c      	ldr	r3, [pc, #112]	@ (10003398 <pll_init+0x80>)
10003328:	fbb3 f3f1 	udiv	r3, r3, r1
1000332c:	6801      	ldr	r1, [r0, #0]
1000332e:	fbb2 f4f3 	udiv	r4, r2, r3
10003332:	2900      	cmp	r1, #0
10003334:	db20      	blt.n	10003378 <pll_init+0x60>
10003336:	4a19      	ldr	r2, [pc, #100]	@ (1000339c <pll_init+0x84>)
10003338:	4b19      	ldr	r3, [pc, #100]	@ (100033a0 <pll_init+0x88>)
1000333a:	4290      	cmp	r0, r2
1000333c:	bf14      	ite	ne
1000333e:	f44f 4280 	movne.w	r2, #16384	@ 0x4000
10003342:	f44f 4200 	moveq.w	r2, #32768	@ 0x8000
10003346:	4917      	ldr	r1, [pc, #92]	@ (100033a4 <pll_init+0x8c>)
10003348:	601a      	str	r2, [r3, #0]
1000334a:	f503 5380 	add.w	r3, r3, #4096	@ 0x1000
1000334e:	601a      	str	r2, [r3, #0]
10003350:	688b      	ldr	r3, [r1, #8]
10003352:	ea32 0303 	bics.w	r3, r2, r3
10003356:	d1fb      	bne.n	10003350 <pll_init+0x38>
10003358:	2221      	movs	r2, #33	@ 0x21
1000335a:	f500 5340 	add.w	r3, r0, #12288	@ 0x3000
1000335e:	3304      	adds	r3, #4
10003360:	f8c0 e000 	str.w	lr, [r0]
10003364:	6084      	str	r4, [r0, #8]
10003366:	601a      	str	r2, [r3, #0]
10003368:	6802      	ldr	r2, [r0, #0]
1000336a:	2a00      	cmp	r2, #0
1000336c:	dafc      	bge.n	10003368 <pll_init+0x50>
1000336e:	2208      	movs	r2, #8
10003370:	f8c0 c00c 	str.w	ip, [r0, #12]
10003374:	601a      	str	r2, [r3, #0]
10003376:	bd10      	pop	{r4, pc}
10003378:	6803      	ldr	r3, [r0, #0]
1000337a:	f003 033f 	and.w	r3, r3, #63	@ 0x3f
1000337e:	4573      	cmp	r3, lr
10003380:	d1d9      	bne.n	10003336 <pll_init+0x1e>
10003382:	6883      	ldr	r3, [r0, #8]
10003384:	f3c3 030b 	ubfx	r3, r3, #0, #12
10003388:	42a3      	cmp	r3, r4
1000338a:	d1d4      	bne.n	10003336 <pll_init+0x1e>
1000338c:	68c3      	ldr	r3, [r0, #12]
1000338e:	f403 23ee 	and.w	r3, r3, #487424	@ 0x77000
10003392:	4563      	cmp	r3, ip
10003394:	d1cf      	bne.n	10003336 <pll_init+0x1e>
10003396:	bd10      	pop	{r4, pc}
10003398:	00b71b00 	.word	0x00b71b00
1000339c:	40058000 	.word	0x40058000
100033a0:	40022000 	.word	0x40022000
100033a4:	40020000 	.word	0x40020000

100033a8 <vreg_set_voltage>:
100033a8:	4b0a      	ldr	r3, [pc, #40]	@ (100033d4 <vreg_set_voltage+0x2c>)
100033aa:	490b      	ldr	r1, [pc, #44]	@ (100033d8 <vreg_set_voltage+0x30>)
100033ac:	4a0b      	ldr	r2, [pc, #44]	@ (100033dc <vreg_set_voltage+0x34>)
100033ae:	6059      	str	r1, [r3, #4]
100033b0:	68d3      	ldr	r3, [r2, #12]
100033b2:	0419      	lsls	r1, r3, #16
100033b4:	d4fc      	bmi.n	100033b0 <vreg_set_voltage+0x8>
100033b6:	4b0a      	ldr	r3, [pc, #40]	@ (100033e0 <vreg_set_voltage+0x38>)
100033b8:	68d2      	ldr	r2, [r2, #12]
100033ba:	ea43 1300 	orr.w	r3, r3, r0, lsl #4
100033be:	4909      	ldr	r1, [pc, #36]	@ (100033e4 <vreg_set_voltage+0x3c>)
100033c0:	4053      	eors	r3, r2
100033c2:	4809      	ldr	r0, [pc, #36]	@ (100033e8 <vreg_set_voltage+0x40>)
100033c4:	4019      	ands	r1, r3
100033c6:	4a05      	ldr	r2, [pc, #20]	@ (100033dc <vreg_set_voltage+0x34>)
100033c8:	60c1      	str	r1, [r0, #12]
100033ca:	68d3      	ldr	r3, [r2, #12]
100033cc:	041b      	lsls	r3, r3, #16
100033ce:	d4fc      	bmi.n	100033ca <vreg_set_voltage+0x22>
100033d0:	4770      	bx	lr
100033d2:	bf00      	nop
100033d4:	40102000 	.word	0x40102000
100033d8:	5afe2000 	.word	0x5afe2000
100033dc:	40100000 	.word	0x40100000
100033e0:	5afe0000 	.word	0x5afe0000
100033e4:	5afe01f0 	.word	0x5afe01f0
100033e8:	40101000 	.word	0x40101000

100033ec <watchdog_reboot>:
100033ec:	f04f 4c80 	mov.w	ip, #1073741824	@ 0x40000000
100033f0:	4b21      	ldr	r3, [pc, #132]	@ (10003478 <watchdog_reboot+0x8c>)
100033f2:	b500      	push	{lr}
100033f4:	f8c3 c000 	str.w	ip, [r3]
100033f8:	2800      	cmp	r0, #0
100033fa:	d039      	beq.n	10003470 <watchdog_reboot+0x84>
100033fc:	f8df c088 	ldr.w	ip, [pc, #136]	@ 10003488 <watchdog_reboot+0x9c>
10003400:	f5a3 5340 	sub.w	r3, r3, #12288	@ 0x3000
10003404:	f8c3 c01c 	str.w	ip, [r3, #28]
10003408:	f8df c080 	ldr.w	ip, [pc, #128]	@ 1000348c <watchdog_reboot+0xa0>
1000340c:	f040 0001 	orr.w	r0, r0, #1
10003410:	ea80 0c0c 	eor.w	ip, r0, ip
10003414:	f8c3 c020 	str.w	ip, [r3, #32]
10003418:	6259      	str	r1, [r3, #36]	@ 0x24
1000341a:	6298      	str	r0, [r3, #40]	@ 0x28
1000341c:	f04f 4e80 	mov.w	lr, #1073741824	@ 0x40000000
10003420:	f04f 61e0 	mov.w	r1, #117440512	@ 0x7000000
10003424:	4b14      	ldr	r3, [pc, #80]	@ (10003478 <watchdog_reboot+0x8c>)
10003426:	4815      	ldr	r0, [pc, #84]	@ (1000347c <watchdog_reboot+0x90>)
10003428:	f8df c064 	ldr.w	ip, [pc, #100]	@ 10003490 <watchdog_reboot+0xa4>
1000342c:	f8c3 e000 	str.w	lr, [r3]
10003430:	f8c0 c008 	str.w	ip, [r0, #8]
10003434:	6019      	str	r1, [r3, #0]
10003436:	b92a      	cbnz	r2, 10003444 <watchdog_reboot+0x58>
10003438:	f04f 4200 	mov.w	r2, #2147483648	@ 0x80000000
1000343c:	f5a3 5380 	sub.w	r3, r3, #4096	@ 0x1000
10003440:	601a      	str	r2, [r3, #0]
10003442:	bd00      	pop	{pc}
10003444:	f44f 737a 	mov.w	r3, #1000	@ 0x3e8
10003448:	fb03 f202 	mul.w	r2, r3, r2
1000344c:	f1b2 7f80 	cmp.w	r2, #16777216	@ 0x1000000
10003450:	bf2a      	itet	cs
10003452:	f06f 437f 	mvncs.w	r3, #4278190080	@ 0xff000000
10003456:	4613      	movcc	r3, r2
10003458:	461a      	movcs	r2, r3
1000345a:	f04f 4180 	mov.w	r1, #1073741824	@ 0x40000000
1000345e:	f8df c034 	ldr.w	ip, [pc, #52]	@ 10003494 <watchdog_reboot+0xa8>
10003462:	4807      	ldr	r0, [pc, #28]	@ (10003480 <watchdog_reboot+0x94>)
10003464:	f8cc 3000 	str.w	r3, [ip]
10003468:	4b06      	ldr	r3, [pc, #24]	@ (10003484 <watchdog_reboot+0x98>)
1000346a:	6042      	str	r2, [r0, #4]
1000346c:	6019      	str	r1, [r3, #0]
1000346e:	bd00      	pop	{pc}
10003470:	4b03      	ldr	r3, [pc, #12]	@ (10003480 <watchdog_reboot+0x94>)
10003472:	61d8      	str	r0, [r3, #28]
10003474:	e7d2      	b.n	1000341c <watchdog_reboot+0x30>
10003476:	bf00      	nop
10003478:	400db000 	.word	0x400db000
1000347c:	4001a000 	.word	0x4001a000
10003480:	400d8000 	.word	0x400d8000
10003484:	400da000 	.word	0x400da000
10003488:	b007c0d3 	.word	0xb007c0d3
1000348c:	4ff83f2d 	.word	0x4ff83f2d
10003490:	01fffff3 	.word	0x01fffff3
10003494:	200136d4 	.word	0x200136d4

10003498 <tick_start>:
10003498:	2301      	movs	r3, #1
1000349a:	eb00 0040 	add.w	r0, r0, r0, lsl #1
1000349e:	0080      	lsls	r0, r0, #2
100034a0:	f100 4080 	add.w	r0, r0, #1073741824	@ 0x40000000
100034a4:	f500 1084 	add.w	r0, r0, #1081344	@ 0x108000
100034a8:	6041      	str	r1, [r0, #4]
100034aa:	6003      	str	r3, [r0, #0]
100034ac:	4770      	bx	lr
100034ae:	bf00      	nop

100034b0 <rom_reboot.constprop.0.isra.0>:
100034b0:	b510      	push	{r4, lr}
100034b2:	2400      	movs	r4, #0
100034b4:	b082      	sub	sp, #8
100034b6:	460b      	mov	r3, r1
100034b8:	8ae4      	ldrh	r4, [r4, #22]
100034ba:	2100      	movs	r1, #0
100034bc:	e841 f100 	tt	r1, r1
100034c0:	e9cd 0300 	strd	r0, r3, [sp]
100034c4:	024b      	lsls	r3, r1, #9
100034c6:	bf54      	ite	pl
100034c8:	2110      	movpl	r1, #16
100034ca:	2104      	movmi	r1, #4
100034cc:	f244 2052 	movw	r0, #16978	@ 0x4252
100034d0:	47a0      	blx	r4
100034d2:	e9dd 2300 	ldrd	r2, r3, [sp]
100034d6:	4686      	mov	lr, r0
100034d8:	210a      	movs	r1, #10
100034da:	f44f 7081 	mov.w	r0, #258	@ 0x102
100034de:	46f4      	mov	ip, lr
100034e0:	b002      	add	sp, #8
100034e2:	e8bd 4010 	ldmia.w	sp!, {r4, lr}
100034e6:	4760      	bx	ip

100034e8 <rom_func_lookup>:
100034e8:	2300      	movs	r3, #0
100034ea:	8adb      	ldrh	r3, [r3, #22]
100034ec:	2200      	movs	r2, #0
100034ee:	e842 f200 	tt	r2, r2
100034f2:	0252      	lsls	r2, r2, #9
100034f4:	d401      	bmi.n	100034fa <rom_func_lookup+0x12>
100034f6:	2110      	movs	r1, #16
100034f8:	4718      	bx	r3
100034fa:	2104      	movs	r1, #4
100034fc:	4718      	bx	r3
100034fe:	bf00      	nop

10003500 <rom_reset_usb_boot_extra>:
10003500:	b508      	push	{r3, lr}
10003502:	4603      	mov	r3, r0
10003504:	4608      	mov	r0, r1
10003506:	1e19      	subs	r1, r3, #0
10003508:	db02      	blt.n	10003510 <rom_reset_usb_boot_extra+0x10>
1000350a:	b11a      	cbz	r2, 10003514 <rom_reset_usb_boot_extra+0x14>
1000350c:	f040 0030 	orr.w	r0, r0, #48	@ 0x30
10003510:	f7ff ffce 	bl	100034b0 <rom_reboot.constprop.0.isra.0>
10003514:	f040 0020 	orr.w	r0, r0, #32
10003518:	e7fa      	b.n	10003510 <rom_reset_usb_boot_extra+0x10>
1000351a:	bf00      	nop

1000351c <runtime_init_bootrom_locking_enable>:
1000351c:	4a03      	ldr	r2, [pc, #12]	@ (1000352c <runtime_init_bootrom_locking_enable+0x10>)
1000351e:	f8d2 3828 	ldr.w	r3, [r2, #2088]	@ 0x828
10003522:	2b00      	cmp	r3, #0
10003524:	d0fb      	beq.n	1000351e <runtime_init_bootrom_locking_enable+0x2>
10003526:	f3bf 8f5f 	dmb	sy
1000352a:	4770      	bx	lr
1000352c:	400e0000 	.word	0x400e0000

10003530 <runtime_init_boot_locks_reset>:
10003530:	2100      	movs	r1, #0
10003532:	4b04      	ldr	r3, [pc, #16]	@ (10003544 <runtime_init_boot_locks_reset+0x14>)
10003534:	4a04      	ldr	r2, [pc, #16]	@ (10003548 <runtime_init_boot_locks_reset+0x18>)
10003536:	f3bf 8f5f 	dmb	sy
1000353a:	f843 1b04 	str.w	r1, [r3], #4
1000353e:	4293      	cmp	r3, r2
10003540:	d1f9      	bne.n	10003536 <runtime_init_boot_locks_reset+0x6>
10003542:	4770      	bx	lr
10003544:	400e080c 	.word	0x400e080c
10003548:	400e082c 	.word	0x400e082c

1000354c <xosc_init>:
1000354c:	f44f 6c2a 	mov.w	ip, #2720	@ 0xaa0
10003550:	f44f 708d 	mov.w	r0, #282	@ 0x11a
10003554:	4a05      	ldr	r2, [pc, #20]	@ (1000356c <xosc_init+0x20>)
10003556:	4b06      	ldr	r3, [pc, #24]	@ (10003570 <xosc_init+0x24>)
10003558:	4906      	ldr	r1, [pc, #24]	@ (10003574 <xosc_init+0x28>)
1000355a:	f8c2 c000 	str.w	ip, [r2]
1000355e:	60d0      	str	r0, [r2, #12]
10003560:	6019      	str	r1, [r3, #0]
10003562:	6853      	ldr	r3, [r2, #4]
10003564:	2b00      	cmp	r3, #0
10003566:	dafc      	bge.n	10003562 <xosc_init+0x16>
10003568:	4770      	bx	lr
1000356a:	bf00      	nop
1000356c:	40048000 	.word	0x40048000
10003570:	4004a000 	.word	0x4004a000
10003574:	00fab000 	.word	0x00fab000

10003578 <first_per_core_initializer>:
10003578:	4770      	bx	lr
1000357a:	bf00      	nop

1000357c <hard_assertion_failure>:
1000357c:	b508      	push	{r3, lr}
1000357e:	4801      	ldr	r0, [pc, #4]	@ (10003584 <hard_assertion_failure+0x8>)
10003580:	f7fe ff26 	bl	100023d0 <panic>
10003584:	10008ee4 	.word	0x10008ee4

10003588 <runtime_run_initializers>:
10003588:	b538      	push	{r3, r4, r5, lr}
1000358a:	4c05      	ldr	r4, [pc, #20]	@ (100035a0 <runtime_run_initializers+0x18>)
1000358c:	4d05      	ldr	r5, [pc, #20]	@ (100035a4 <runtime_run_initializers+0x1c>)
1000358e:	42ac      	cmp	r4, r5
10003590:	d204      	bcs.n	1000359c <runtime_run_initializers+0x14>
10003592:	f854 3b04 	ldr.w	r3, [r4], #4
10003596:	4798      	blx	r3
10003598:	42ac      	cmp	r4, r5
1000359a:	d3fa      	bcc.n	10003592 <runtime_run_initializers+0xa>
1000359c:	bd38      	pop	{r3, r4, r5, pc}
1000359e:	bf00      	nop
100035a0:	10008c88 	.word	0x10008c88
100035a4:	10008ccc 	.word	0x10008ccc

100035a8 <runtime_run_per_core_initializers>:
100035a8:	b538      	push	{r3, r4, r5, lr}
100035aa:	4c05      	ldr	r4, [pc, #20]	@ (100035c0 <runtime_run_per_core_initializers+0x18>)
100035ac:	4d05      	ldr	r5, [pc, #20]	@ (100035c4 <runtime_run_per_core_initializers+0x1c>)
100035ae:	42ac      	cmp	r4, r5
100035b0:	d204      	bcs.n	100035bc <runtime_run_per_core_initializers+0x14>
100035b2:	f854 3b04 	ldr.w	r3, [r4], #4
100035b6:	4798      	blx	r3
100035b8:	42ac      	cmp	r4, r5
100035ba:	d3fa      	bcc.n	100035b2 <runtime_run_per_core_initializers+0xa>
100035bc:	bd38      	pop	{r3, r4, r5, pc}
100035be:	bf00      	nop
100035c0:	10008cb4 	.word	0x10008cb4
100035c4:	10008ccc 	.word	0x10008ccc

100035c8 <runtime_init_early_resets>:
100035c8:	4806      	ldr	r0, [pc, #24]	@ (100035e4 <runtime_init_early_resets+0x1c>)
100035ca:	f8df c028 	ldr.w	ip, [pc, #40]	@ 100035f4 <runtime_init_early_resets+0x2c>
100035ce:	4b06      	ldr	r3, [pc, #24]	@ (100035e8 <runtime_init_early_resets+0x20>)
100035d0:	4a06      	ldr	r2, [pc, #24]	@ (100035ec <runtime_init_early_resets+0x24>)
100035d2:	4907      	ldr	r1, [pc, #28]	@ (100035f0 <runtime_init_early_resets+0x28>)
100035d4:	f8c0 c000 	str.w	ip, [r0]
100035d8:	601a      	str	r2, [r3, #0]
100035da:	688b      	ldr	r3, [r1, #8]
100035dc:	ea32 0303 	bics.w	r3, r2, r3
100035e0:	d1fb      	bne.n	100035da <runtime_init_early_resets+0x12>
100035e2:	4770      	bx	lr
100035e4:	40022000 	.word	0x40022000
100035e8:	40023000 	.word	0x40023000
100035ec:	03f3fff6 	.word	0x03f3fff6
100035f0:	40020000 	.word	0x40020000
100035f4:	efef3b7f 	.word	0xefef3b7f

100035f8 <runtime_init_usb_power_down>:
100035f8:	4b04      	ldr	r3, [pc, #16]	@ (1000360c <runtime_init_usb_power_down+0x14>)
100035fa:	6cdb      	ldr	r3, [r3, #76]	@ 0x4c
100035fc:	f5b3 4f00 	cmp.w	r3, #32768	@ 0x8000
10003600:	d103      	bne.n	1000360a <runtime_init_usb_power_down+0x12>
10003602:	f44f 2280 	mov.w	r2, #262144	@ 0x40000
10003606:	4b02      	ldr	r3, [pc, #8]	@ (10003610 <runtime_init_usb_power_down+0x18>)
10003608:	64da      	str	r2, [r3, #76]	@ 0x4c
1000360a:	4770      	bx	lr
1000360c:	50110000 	.word	0x50110000
10003610:	50112000 	.word	0x50112000

10003614 <runtime_init_per_core_enable_coprocessors>:
10003614:	f04f 22e0 	mov.w	r2, #3758153728	@ 0xe000e000
10003618:	4b04      	ldr	r3, [pc, #16]	@ (1000362c <runtime_init_per_core_enable_coprocessors+0x18>)
1000361a:	f8d2 1d88 	ldr.w	r1, [r2, #3464]	@ 0xd88
1000361e:	430b      	orrs	r3, r1
10003620:	f8c2 3d88 	str.w	r3, [r2, #3464]	@ 0xd88
10003624:	ee10 0430 			dcp_rcmp r0
10003628:	4770      	bx	lr
1000362a:	bf00      	nop
1000362c:	00300303 	.word	0x00300303

10003630 <runtime_init_post_clock_resets>:
10003630:	f06f 4160 	mvn.w	r1, #3758096384	@ 0xe0000000
10003634:	4b04      	ldr	r3, [pc, #16]	@ (10003648 <runtime_init_post_clock_resets+0x18>)
10003636:	4a05      	ldr	r2, [pc, #20]	@ (1000364c <runtime_init_post_clock_resets+0x1c>)
10003638:	6019      	str	r1, [r3, #0]
1000363a:	6893      	ldr	r3, [r2, #8]
1000363c:	43db      	mvns	r3, r3
1000363e:	f033 4360 	bics.w	r3, r3, #3758096384	@ 0xe0000000
10003642:	d1fa      	bne.n	1000363a <runtime_init_post_clock_resets+0xa>
10003644:	4770      	bx	lr
10003646:	bf00      	nop
10003648:	40023000 	.word	0x40023000
1000364c:	40020000 	.word	0x40020000

10003650 <runtime_init_bootrom_reset>:
10003650:	b510      	push	{r4, lr}
10003652:	f245 2053 	movw	r0, #21075	@ 0x5253
10003656:	f7ff ff47 	bl	100034e8 <rom_func_lookup>
1000365a:	e8bd 4010 	ldmia.w	sp!, {r4, lr}
1000365e:	4603      	mov	r3, r0
10003660:	2004      	movs	r0, #4
10003662:	4718      	bx	r3

10003664 <runtime_init_per_core_bootrom_reset>:
10003664:	b510      	push	{r4, lr}
10003666:	f245 2053 	movw	r0, #21075	@ 0x5253
1000366a:	f7ff ff3d 	bl	100034e8 <rom_func_lookup>
1000366e:	e8bd 4010 	ldmia.w	sp!, {r4, lr}
10003672:	4603      	mov	r3, r0
10003674:	2001      	movs	r0, #1
10003676:	4718      	bx	r3

10003678 <runtime_init_spin_locks_reset>:
10003678:	f7fe bf72 	b.w	10002560 <spin_locks_reset>

1000367c <runtime_init_install_ram_vector_table>:
1000367c:	b570      	push	{r4, r5, r6, lr}
1000367e:	490d      	ldr	r1, [pc, #52]	@ (100036b4 <runtime_init_install_ram_vector_table+0x38>)
10003680:	4c0d      	ldr	r4, [pc, #52]	@ (100036b8 <runtime_init_install_ram_vector_table+0x3c>)
10003682:	4d0e      	ldr	r5, [pc, #56]	@ (100036bc <runtime_init_install_ram_vector_table+0x40>)
10003684:	1a64      	subs	r4, r4, r1
10003686:	08a6      	lsrs	r6, r4, #2
10003688:	2e44      	cmp	r6, #68	@ 0x44
1000368a:	4632      	mov	r2, r6
1000368c:	bf28      	it	cs
1000368e:	2244      	movcs	r2, #68	@ 0x44
10003690:	4628      	mov	r0, r5
10003692:	0092      	lsls	r2, r2, #2
10003694:	f005 fa26 	bl	10008ae4 <memcpy>
10003698:	2e43      	cmp	r6, #67	@ 0x43
1000369a:	d808      	bhi.n	100036ae <runtime_init_install_ram_vector_table+0x32>
1000369c:	1f2b      	subs	r3, r5, #4
1000369e:	4908      	ldr	r1, [pc, #32]	@ (100036c0 <runtime_init_install_ram_vector_table+0x44>)
100036a0:	4423      	add	r3, r4
100036a2:	f505 7286 	add.w	r2, r5, #268	@ 0x10c
100036a6:	f843 1f04 	str.w	r1, [r3, #4]!
100036aa:	4293      	cmp	r3, r2
100036ac:	d1fb      	bne.n	100036a6 <runtime_init_install_ram_vector_table+0x2a>
100036ae:	4b05      	ldr	r3, [pc, #20]	@ (100036c4 <runtime_init_install_ram_vector_table+0x48>)
100036b0:	609d      	str	r5, [r3, #8]
100036b2:	bd70      	pop	{r4, r5, r6, pc}
100036b4:	10000000 	.word	0x10000000
100036b8:	10000110 	.word	0x10000110
100036bc:	20000000 	.word	0x20000000
100036c0:	10000111 	.word	0x10000111
100036c4:	e000ed00 	.word	0xe000ed00

100036c8 <runtime_init_clocks>:
100036c8:	2300      	movs	r3, #0
100036ca:	b570      	push	{r4, r5, r6, lr}
100036cc:	4c2b      	ldr	r4, [pc, #172]	@ (1000377c <runtime_init_clocks+0xb4>)
100036ce:	b082      	sub	sp, #8
100036d0:	f8c4 3084 	str.w	r3, [r4, #132]	@ 0x84
100036d4:	f7ff ff3a 	bl	1000354c <xosc_init>
100036d8:	2201      	movs	r2, #1
100036da:	4b29      	ldr	r3, [pc, #164]	@ (10003780 <runtime_init_clocks+0xb8>)
100036dc:	63da      	str	r2, [r3, #60]	@ 0x3c
100036de:	6c63      	ldr	r3, [r4, #68]	@ 0x44
100036e0:	2b01      	cmp	r3, #1
100036e2:	d1fc      	bne.n	100036de <runtime_init_clocks+0x16>
100036e4:	2103      	movs	r1, #3
100036e6:	4a26      	ldr	r2, [pc, #152]	@ (10003780 <runtime_init_clocks+0xb8>)
100036e8:	4b24      	ldr	r3, [pc, #144]	@ (1000377c <runtime_init_clocks+0xb4>)
100036ea:	6311      	str	r1, [r2, #48]	@ 0x30
100036ec:	6b9c      	ldr	r4, [r3, #56]	@ 0x38
100036ee:	2c01      	cmp	r4, #1
100036f0:	d1fc      	bne.n	100036ec <runtime_init_clocks+0x24>
100036f2:	2602      	movs	r6, #2
100036f4:	2505      	movs	r5, #5
100036f6:	4621      	mov	r1, r4
100036f8:	2305      	movs	r3, #5
100036fa:	4a22      	ldr	r2, [pc, #136]	@ (10003784 <runtime_init_clocks+0xbc>)
100036fc:	4822      	ldr	r0, [pc, #136]	@ (10003788 <runtime_init_clocks+0xc0>)
100036fe:	9600      	str	r6, [sp, #0]
10003700:	f7ff fe0a 	bl	10003318 <pll_init>
10003704:	4621      	mov	r1, r4
10003706:	462b      	mov	r3, r5
10003708:	4a20      	ldr	r2, [pc, #128]	@ (1000378c <runtime_init_clocks+0xc4>)
1000370a:	4821      	ldr	r0, [pc, #132]	@ (10003790 <runtime_init_clocks+0xc8>)
1000370c:	9500      	str	r5, [sp, #0]
1000370e:	f7ff fe03 	bl	10003318 <pll_init>
10003712:	2200      	movs	r2, #0
10003714:	2004      	movs	r0, #4
10003716:	4631      	mov	r1, r6
10003718:	4b1e      	ldr	r3, [pc, #120]	@ (10003794 <runtime_init_clocks+0xcc>)
1000371a:	f7ff fdb7 	bl	1000328c <clock_configure_undivided>
1000371e:	4621      	mov	r1, r4
10003720:	4628      	mov	r0, r5
10003722:	2200      	movs	r2, #0
10003724:	4b1c      	ldr	r3, [pc, #112]	@ (10003798 <runtime_init_clocks+0xd0>)
10003726:	f7ff fdb1 	bl	1000328c <clock_configure_undivided>
1000372a:	2200      	movs	r2, #0
1000372c:	2008      	movs	r0, #8
1000372e:	4611      	mov	r1, r2
10003730:	4b1a      	ldr	r3, [pc, #104]	@ (1000379c <runtime_init_clocks+0xd4>)
10003732:	f7ff fdab 	bl	1000328c <clock_configure_undivided>
10003736:	2200      	movs	r2, #0
10003738:	2009      	movs	r0, #9
1000373a:	4611      	mov	r1, r2
1000373c:	4b17      	ldr	r3, [pc, #92]	@ (1000379c <runtime_init_clocks+0xd4>)
1000373e:	f7ff fda5 	bl	1000328c <clock_configure_undivided>
10003742:	2200      	movs	r2, #0
10003744:	2006      	movs	r0, #6
10003746:	4611      	mov	r1, r2
10003748:	4b13      	ldr	r3, [pc, #76]	@ (10003798 <runtime_init_clocks+0xd0>)
1000374a:	f7ff fd9f 	bl	1000328c <clock_configure_undivided>
1000374e:	2200      	movs	r2, #0
10003750:	4b11      	ldr	r3, [pc, #68]	@ (10003798 <runtime_init_clocks+0xd0>)
10003752:	2007      	movs	r0, #7
10003754:	4611      	mov	r1, r2
10003756:	f7ff fd99 	bl	1000328c <clock_configure_undivided>
1000375a:	2004      	movs	r0, #4
1000375c:	f7ff fda0 	bl	100032a0 <clock_get_hz>
10003760:	2400      	movs	r4, #0
10003762:	4b0f      	ldr	r3, [pc, #60]	@ (100037a0 <runtime_init_clocks+0xd8>)
10003764:	fba3 3500 	umull	r3, r5, r3, r0
10003768:	0cad      	lsrs	r5, r5, #18
1000376a:	b2e0      	uxtb	r0, r4
1000376c:	4629      	mov	r1, r5
1000376e:	3401      	adds	r4, #1
10003770:	f7ff fe92 	bl	10003498 <tick_start>
10003774:	2c06      	cmp	r4, #6
10003776:	d1f8      	bne.n	1000376a <runtime_init_clocks+0xa2>
10003778:	b002      	add	sp, #8
1000377a:	bd70      	pop	{r4, r5, r6, pc}
1000377c:	40010000 	.word	0x40010000
10003780:	40013000 	.word	0x40013000
10003784:	59682f00 	.word	0x59682f00
10003788:	40050000 	.word	0x40050000
1000378c:	47868c00 	.word	0x47868c00
10003790:	40058000 	.word	0x40058000
10003794:	00b71b00 	.word	0x00b71b00
10003798:	08f0d180 	.word	0x08f0d180
1000379c:	02dc6c00 	.word	0x02dc6c00
100037a0:	431bde83 	.word	0x431bde83

100037a4 <generic_save_state>:
100037a4:	b086      	sub	sp, #24
100037a6:	b403      	push	{r0, r1}
100037a8:	fc51 0408 	dcp_pxmd r0, r1
100037ac:	e9cd 0102 	strd	r0, r1, [sp, #8]
100037b0:	fc51 0409 	dcp_pymd r0, r1
100037b4:	e9cd 0104 	strd	r0, r1, [sp, #16]
100037b8:	ec51 040a 	dcp_refd r0, r1
100037bc:	e9cd 0106 	strd	r0, r1, [sp, #24]
100037c0:	bc03      	pop	{r0, r1}
100037c2:	47f0      	blx	lr

100037c4 <generic_restore_state>:
100037c4:	e8bd 5000 	ldmia.w	sp!, {ip, lr}
100037c8:	ec4e c400 	dcp_wxmd ip, lr
100037cc:	e8bd 5000 	ldmia.w	sp!, {ip, lr}
100037d0:	ec4e c401 	dcp_wymd ip, lr
100037d4:	e8bd 5000 	ldmia.w	sp!, {ip, lr}
100037d8:	ec4e c402 	dcp_wefd ip, lr
100037dc:	bd00      	pop	{pc}
100037de:	0000      	movs	r0, r0
100037e0:	b500      	push	{lr}
100037e2:	f7ff ffdf 	bl	100037a4 <generic_save_state>
100037e6:	e002      	b.n	100037ee <__wrap___aeabi_dadd+0x6>

100037e8 <__wrap___aeabi_dadd>:
100037e8:	fe10 f430 	dcp_pcmp APSR_nzcv
100037ec:	d4f8      	bmi.n	100037e0 <generic_restore_state+0x1c>
100037ee:	ec41 0410 	dcp_wxup r0, r1
100037f2:	ec43 2411 	dcp_wyup r2, r3
100037f6:	ee00 0401 			dcp_add0
100037fa:	ee10 0401 			dcp_add1
100037fe:	ee80 0420 			dcp_nrdd
10003802:	ec51 0410 	dcp_rdda r0, r1
10003806:	4770      	bx	lr
10003808:	b500      	push	{lr}
1000380a:	f7ff ffcb 	bl	100037a4 <generic_save_state>
1000380e:	e002      	b.n	10003816 <__wrap___aeabi_dsub+0x6>

10003810 <__wrap___aeabi_dsub>:
10003810:	fe10 f430 	dcp_pcmp APSR_nzcv
10003814:	d4f8      	bmi.n	10003808 <__wrap___aeabi_dadd+0x20>
10003816:	ec41 0410 	dcp_wxup r0, r1
1000381a:	ec43 2411 	dcp_wyup r2, r3
1000381e:	ee00 0401 			dcp_add0
10003822:	ee10 0421 			dcp_sub1
10003826:	ee80 0420 			dcp_nrdd
1000382a:	ec51 0430 	dcp_rdds r0, r1
1000382e:	4770      	bx	lr
10003830:	b500      	push	{lr}
10003832:	f7ff ffb7 	bl	100037a4 <generic_save_state>
10003836:	e002      	b.n	1000383e <__wrap___aeabi_dmul+0x6>

10003838 <__wrap___aeabi_dmul>:
10003838:	fe10 f430 	dcp_pcmp APSR_nzcv
1000383c:	d4f8      	bmi.n	10003830 <__wrap___aeabi_dsub+0x20>
1000383e:	b510      	push	{r4, lr}
10003840:	ec41 0410 	dcp_wxup r0, r1
10003844:	ec43 2411 	dcp_wyup r2, r3
10003848:	ec51 0404 	dcp_rxms r0, r1, #0x0
1000384c:	ec53 2405 	dcp_ryms r2, r3, #0x0
10003850:	fba0 4c02 	umull	r4, ip, r0, r2
10003854:	f05f 0e00 	movs.w	lr, #0
10003858:	fbe0 ce03 	umlal	ip, lr, r0, r3
1000385c:	fbe1 ce02 	umlal	ip, lr, r1, r2
10003860:	ec4c 4420 	dcp_wxms r4, ip
10003864:	2400      	movs	r4, #0
10003866:	fbe1 e403 	umlal	lr, r4, r1, r3
1000386a:	ec44 e430 	dcp_wxmo lr, r4
1000386e:	ee80 0420 			dcp_nrdd
10003872:	ec51 0450 	dcp_rddm r0, r1
10003876:	bd10      	pop	{r4, pc}
10003878:	b500      	push	{lr}
1000387a:	f7ff ff93 	bl	100037a4 <generic_save_state>
1000387e:	e002      	b.n	10003886 <__wrap___aeabi_ddiv+0x6>

10003880 <__wrap___aeabi_ddiv>:
10003880:	fe10 f430 	dcp_pcmp APSR_nzcv
10003884:	d4f8      	bmi.n	10003878 <__wrap___aeabi_dmul+0x40>
10003886:	ec41 0410 	dcp_wxup r0, r1
1000388a:	ec43 2411 	dcp_wyup r2, r3
1000388e:	ec51 0421 	dcp_rymr r0, r1
10003892:	fba0 1201 	umull	r1, r2, r0, r1
10003896:	ea6f 0282 	mvn.w	r2, r2, lsl #2
1000389a:	fb52 0010 	smmlar	r0, r2, r0, r0
1000389e:	fb52 f212 	smmulr	r2, r2, r2
100038a2:	fb52 0010 	smmlar	r0, r2, r0, r0
100038a6:	eba0 7cd0 	sub.w	ip, r0, r0, lsr #31
100038aa:	ec53 2404 	dcp_rxms r2, r3, #0x0
100038ae:	fb5c f113 	smmulr	r1, ip, r3
100038b2:	ec53 2415 	dcp_ryms r2, r3, #0x1
100038b6:	fba1 2002 	umull	r2, r0, r1, r2
100038ba:	fb01 0003 	mla	r0, r1, r3, r0
100038be:	ec53 2444 	dcp_rxms r2, r3, #0x4
100038c2:	eba2 0000 	sub.w	r0, r2, r0
100038c6:	fb50 f21c 	smmulr	r2, r0, ip
100038ca:	ea4f 1311 	mov.w	r3, r1, lsr #4
100038ce:	eb12 7001 	adds.w	r0, r2, r1, lsl #28
100038d2:	eb43 71e2 	adc.w	r1, r3, r2, asr #31
100038d6:	ea40 5051 	orr.w	r0, r0, r1, lsr #21
100038da:	ea20 5091 	bic.w	r0, r0, r1, lsr #22
100038de:	f020 0007 	bic.w	r0, r0, #7
100038e2:	ec53 2475 	dcp_ryms r2, r3, #0x7
100038e6:	fba0 3c02 	umull	r3, ip, r0, r2
100038ea:	ec53 2475 	dcp_ryms r2, r3, #0x7
100038ee:	fb00 cc03 	mla	ip, r0, r3, ip
100038f2:	fb01 cc02 	mla	ip, r1, r2, ip
100038f6:	ec53 2404 	dcp_rxms r2, r3, #0x0
100038fa:	ebac 4c82 	sub.w	ip, ip, r2, lsl #18
100038fe:	ea40 705c 	orr.w	r0, r0, ip, lsr #29
10003902:	f1a0 0001 	sub.w	r0, r0, #1
10003906:	ec41 0440 	dcp_wxdd r0, r1
1000390a:	ee80 0420 			dcp_nrdd
1000390e:	ec51 0470 	dcp_rddd r0, r1
10003912:	4770      	bx	lr
10003914:	b500      	push	{lr}
10003916:	f7ff ff45 	bl	100037a4 <generic_save_state>
1000391a:	e002      	b.n	10003922 <__wrap___aeabi_d2f+0x6>

1000391c <__wrap___aeabi_d2f>:
1000391c:	fe10 f430 	dcp_pcmp APSR_nzcv
10003920:	d4f8      	bmi.n	10003914 <__wrap___aeabi_ddiv+0x94>
10003922:	ec41 0410 	dcp_wxup r0, r1
10003926:	ee80 0422 			dcp_nrdf
1000392a:	ee10 04b2 			dcp_rdfg r0
1000392e:	4770      	bx	lr
10003930:	b500      	push	{lr}
10003932:	f7ff ff37 	bl	100037a4 <generic_save_state>
10003936:	e002      	b.n	1000393e <__wrap___aeabi_i2d+0x6>

10003938 <__wrap___aeabi_i2d>:
10003938:	fe10 f430 	dcp_pcmp APSR_nzcv
1000393c:	d4f8      	bmi.n	10003930 <__wrap___aeabi_d2f+0x14>
1000393e:	ec40 0470 	dcp_wxic r0, r0
10003942:	ee00 0401 			dcp_add0
10003946:	ee10 0421 			dcp_sub1
1000394a:	ee80 0420 			dcp_nrdd
1000394e:	ec51 0430 	dcp_rdds r0, r1
10003952:	4770      	bx	lr
10003954:	b500      	push	{lr}
10003956:	f7ff ff25 	bl	100037a4 <generic_save_state>
1000395a:	e002      	b.n	10003962 <__wrap___aeabi_ui2d+0x6>

1000395c <__wrap___aeabi_ui2d>:
1000395c:	fe10 f430 	dcp_pcmp APSR_nzcv
10003960:	d4f8      	bmi.n	10003954 <__wrap___aeabi_i2d+0x1c>
10003962:	ec40 0460 	dcp_wxuc r0, r0
10003966:	ee00 0401 			dcp_add0
1000396a:	ee10 0421 			dcp_sub1
1000396e:	ee80 0420 			dcp_nrdd
10003972:	ec51 0430 	dcp_rdds r0, r1
10003976:	4770      	bx	lr
10003978:	b500      	push	{lr}
1000397a:	f7ff ff13 	bl	100037a4 <generic_save_state>
1000397e:	e002      	b.n	10003986 <double2int_z_entry>

10003980 <__wrap___aeabi_d2iz>:
10003980:	fe10 f430 	dcp_pcmp APSR_nzcv
10003984:	d4f8      	bmi.n	10003978 <__wrap___aeabi_ui2d+0x1c>

10003986 <double2int_z_entry>:
10003986:	ec41 0480 	dcp_wxdc r0, r1
1000398a:	ee00 0401 			dcp_add0
1000398e:	ee10 0401 			dcp_add1
10003992:	ee80 0440 			dcp_ntdc
10003996:	ee10 0413 			dcp_rdic r0
1000399a:	4770      	bx	lr
1000399c:	b500      	push	{lr}
1000399e:	f7ff ff01 	bl	100037a4 <generic_save_state>
100039a2:	e002      	b.n	100039aa <double2uint_z_entry>

100039a4 <__wrap___aeabi_d2uiz>:
100039a4:	fe10 f430 	dcp_pcmp APSR_nzcv
100039a8:	d4f8      	bmi.n	1000399c <double2int_z_entry+0x16>

100039aa <double2uint_z_entry>:
100039aa:	ec41 0480 	dcp_wxdc r0, r1
100039ae:	ee00 0401 			dcp_add0
100039b2:	ee10 0401 			dcp_add1
100039b6:	ee80 0440 			dcp_ntdc
100039ba:	ee10 0433 			dcp_rduc r0
100039be:	4770      	bx	lr
100039c0:	b500      	push	{lr}
100039c2:	f7ff feef 	bl	100037a4 <generic_save_state>
100039c6:	e002      	b.n	100039ce <__wrap___aeabi_dcmpun+0x6>

100039c8 <__wrap___aeabi_dcmpun>:
100039c8:	fe10 f430 	dcp_pcmp APSR_nzcv
100039cc:	d4f8      	bmi.n	100039c0 <double2uint_z_entry+0x16>
100039ce:	ec41 0410 	dcp_wxup r0, r1
100039d2:	ec43 2411 	dcp_wyup r2, r3
100039d6:	ee00 0401 			dcp_add0
100039da:	ee10 0430 			dcp_rcmp r0
100039de:	f3c0 7000 	ubfx	r0, r0, #28, #1
100039e2:	4770      	bx	lr
100039e4:	b500      	push	{lr}
100039e6:	f7ff fedd 	bl	100037a4 <generic_save_state>
100039ea:	e002      	b.n	100039f2 <__wrap___aeabi_dcmplt+0x6>

100039ec <__wrap___aeabi_dcmplt>:
100039ec:	fe10 f430 	dcp_pcmp APSR_nzcv
100039f0:	d4f8      	bmi.n	100039e4 <__wrap___aeabi_dcmpun+0x1c>
100039f2:	ec43 2410 	dcp_wxup r2, r3
100039f6:	ec41 0411 	dcp_wyup r0, r1
100039fa:	ee00 0401 			dcp_add0
100039fe:	ee10 f430 			dcp_rcmp APSR_nzcv
10003a02:	bf8c      	ite	hi
10003a04:	2001      	movhi	r0, #1
10003a06:	2000      	movls	r0, #0
10003a08:	4770      	bx	lr
10003a0a:	bf00      	nop
10003a0c:	b500      	push	{lr}
10003a0e:	f7ff fec9 	bl	100037a4 <generic_save_state>
10003a12:	e002      	b.n	10003a1a <__wrap___aeabi_dcmple+0x6>

10003a14 <__wrap___aeabi_dcmple>:
10003a14:	fe10 f430 	dcp_pcmp APSR_nzcv
10003a18:	d4f8      	bmi.n	10003a0c <__wrap___aeabi_dcmplt+0x20>
10003a1a:	ec43 2410 	dcp_wxup r2, r3
10003a1e:	ec41 0411 	dcp_wyup r0, r1
10003a22:	ee00 0401 			dcp_add0
10003a26:	ee10 f430 			dcp_rcmp APSR_nzcv
10003a2a:	bf2c      	ite	cs
10003a2c:	2001      	movcs	r0, #1
10003a2e:	2000      	movcc	r0, #0
10003a30:	4770      	bx	lr
10003a32:	bf00      	nop
10003a34:	b500      	push	{lr}
10003a36:	f7ff feb5 	bl	100037a4 <generic_save_state>
10003a3a:	e002      	b.n	10003a42 <__wrap___aeabi_dcmpge+0x6>

10003a3c <__wrap___aeabi_dcmpge>:
10003a3c:	fe10 f430 	dcp_pcmp APSR_nzcv
10003a40:	d4f8      	bmi.n	10003a34 <__wrap___aeabi_dcmple+0x20>
10003a42:	ec41 0410 	dcp_wxup r0, r1
10003a46:	ec43 2411 	dcp_wyup r2, r3
10003a4a:	ee00 0401 			dcp_add0
10003a4e:	ee10 f430 			dcp_rcmp APSR_nzcv
10003a52:	bf2c      	ite	cs
10003a54:	2001      	movcs	r0, #1
10003a56:	2000      	movcc	r0, #0
10003a58:	4770      	bx	lr
10003a5a:	bf00      	nop
10003a5c:	b500      	push	{lr}
10003a5e:	f7ff fea1 	bl	100037a4 <generic_save_state>
10003a62:	e002      	b.n	10003a6a <__wrap___aeabi_dcmpgt+0x6>

10003a64 <__wrap___aeabi_dcmpgt>:
10003a64:	fe10 f430 	dcp_pcmp APSR_nzcv
10003a68:	d4f8      	bmi.n	10003a5c <__wrap___aeabi_dcmpge+0x20>
10003a6a:	ec41 0410 	dcp_wxup r0, r1
10003a6e:	ec43 2411 	dcp_wyup r2, r3
10003a72:	ee00 0401 			dcp_add0
10003a76:	ee10 f430 			dcp_rcmp APSR_nzcv
10003a7a:	bf8c      	ite	hi
10003a7c:	2001      	movhi	r0, #1
10003a7e:	2000      	movls	r0, #0
10003a80:	4770      	bx	lr
10003a82:	bf00      	nop

10003a84 <dnegpack_q63>:
10003a84:	4240      	negs	r0, r0
10003a86:	eb61 0141 	sbc.w	r1, r1, r1, lsl #1

10003a8a <dpack_q63>:
10003a8a:	f240 34f3 	movw	r4, #1011	@ 0x3f3

10003a8e <dpack_q>:
10003a8e:	fab1 f281 	clz	r2, r1
10003a92:	2a0c      	cmp	r2, #12
10003a94:	d20c      	bcs.n	10003ab0 <dpack_q+0x22>
10003a96:	3215      	adds	r2, #21
10003a98:	fa11 f302 	lsls.w	r3, r1, r2
10003a9c:	f1c2 0220 	rsb	r2, r2, #32
10003aa0:	40d0      	lsrs	r0, r2
10003aa2:	fa21 f102 	lsr.w	r1, r1, r2
10003aa6:	4422      	add	r2, r4
10003aa8:	4158      	adcs	r0, r3
10003aaa:	eb41 5102 	adc.w	r1, r1, r2, lsl #20
10003aae:	4770      	bx	lr
10003ab0:	b169      	cbz	r1, 10003ace <dpack_q+0x40>
10003ab2:	f1c2 022b 	rsb	r2, r2, #43	@ 0x2b
10003ab6:	fa30 f302 	lsrs.w	r3, r0, r2
10003aba:	f1c2 0220 	rsb	r2, r2, #32
10003abe:	4091      	lsls	r1, r2
10003ac0:	4090      	lsls	r0, r2
10003ac2:	4319      	orrs	r1, r3
10003ac4:	eba4 0202 	sub.w	r2, r4, r2
10003ac8:	eb01 5102 	add.w	r1, r1, r2, lsl #20
10003acc:	4770      	bx	lr
10003ace:	0001      	movs	r1, r0
10003ad0:	f04f 0000 	mov.w	r0, #0
10003ad4:	f1a4 0420 	sub.w	r4, r4, #32
10003ad8:	d1d9      	bne.n	10003a8e <dpack_q>
10003ada:	4770      	bx	lr

10003adc <dreduce>:
10003adc:	2701      	movs	r7, #1
10003ade:	f367 511f 	bfi	r1, r7, #20, #12
10003ae2:	fa17 f803 	lsls.w	r8, r7, r3
10003ae6:	d017      	beq.n	10003b18 <dreduce+0x3c>
10003ae8:	fba0 0708 	umull	r0, r7, r0, r8
10003aec:	fb01 7108 	mla	r1, r1, r8, r7
10003af0:	fba1 7806 	umull	r7, r8, r1, r6
10003af4:	ea5f 46d8 	movs.w	r6, r8, lsr #19
10003af8:	1992      	adds	r2, r2, r6
10003afa:	fba6 7804 	umull	r7, r8, r6, r4
10003afe:	fb06 8805 	mla	r8, r6, r5, r8
10003b02:	0309      	lsls	r1, r1, #12
10003b04:	ea51 5110 	orrs.w	r1, r1, r0, lsr #20
10003b08:	ebd7 3000 	rsbs	r0, r7, r0, lsl #12
10003b0c:	eb61 0108 	sbc.w	r1, r1, r8
10003b10:	42a9      	cmp	r1, r5
10003b12:	bf38      	it	cc
10003b14:	4770      	bxcc	lr
10003b16:	e00b      	b.n	10003b30 <dreduce+0x54>
10003b18:	330c      	adds	r3, #12
10003b1a:	2701      	movs	r7, #1
10003b1c:	fa17 f803 	lsls.w	r8, r7, r3
10003b20:	d00f      	beq.n	10003b42 <dreduce+0x66>
10003b22:	fba0 0708 	umull	r0, r7, r0, r8
10003b26:	fb01 7108 	mla	r1, r1, r8, r7
10003b2a:	42a9      	cmp	r1, r5
10003b2c:	bf38      	it	cc
10003b2e:	4770      	bxcc	lr
10003b30:	bf08      	it	eq
10003b32:	42a0      	cmpeq	r0, r4
10003b34:	bf38      	it	cc
10003b36:	4770      	bxcc	lr
10003b38:	1b00      	subs	r0, r0, r4
10003b3a:	eb61 0105 	sbc.w	r1, r1, r5
10003b3e:	3201      	adds	r2, #1
10003b40:	4770      	bx	lr
10003b42:	f103 0320 	add.w	r3, r3, #32
10003b46:	fa11 f603 	lsls.w	r6, r1, r3
10003b4a:	f1d3 0320 	rsbs	r3, r3, #32
10003b4e:	40d8      	lsrs	r0, r3
10003b50:	40d9      	lsrs	r1, r3
10003b52:	4330      	orrs	r0, r6
10003b54:	4770      	bx	lr
	...

10003b58 <exptab0>:
	...
10003b60:	08b15304 	.word	0x08b15304
10003b64:	0f851860 	.word	0x0f851860
10003b68:	2af2e5c8 	.word	0x2af2e5c8
10003b6c:	1e27076e 	.word	0x1e27076e
10003b70:	21b2120d 	.word	0x21b2120d
10003b74:	2f571204 	.word	0x2f571204
10003b78:	bc7c5512 	.word	0xbc7c5512
10003b7c:	3f7230da 	.word	0x3f7230da
10003b80:	a517a717 	.word	0xa517a717
10003b84:	4e993155 	.word	0x4e993155
10003b88:	0abf0d9d 	.word	0x0abf0d9d
10003b8c:	5fabe0ee 	.word	0x5fabe0ee
10003b90:	9c6defe3 	.word	0x9c6defe3
10003b94:	6fad3676 	.word	0x6fad3676
10003b98:	e3cc7b69 	.word	0xe3cc7b69
10003b9c:	7ebd623d 	.word	0x7ebd623d
10003ba0:	820681f0 	.word	0x820681f0
10003ba4:	8f42faf3 	.word	0x8f42faf3
10003ba8:	8ab7d537 	.word	0x8ab7d537
10003bac:	9ec81353 	.word	0x9ec81353
10003bb0:	20b3ab7f 	.word	0x20b3ab7f
10003bb4:	af701549 	.word	0xaf701549

10003bb8 <exptab1>:
	...
10003bc0:	15885e02 	.word	0x15885e02
10003bc4:	00ff8055 	.word	0x00ff8055
10003bc8:	b1067890 	.word	0xb1067890
10003bcc:	01fe02a6 	.word	0x01fe02a6
10003bd0:	f0214edc 	.word	0xf0214edc
10003bd4:	02fb88eb 	.word	0x02fb88eb
10003bd8:	1f807c7a 	.word	0x1f807c7a
10003bdc:	03f81516 	.word	0x03f81516
10003be0:	d1a95d3c 	.word	0xd1a95d3c
10003be4:	04f3a910 	.word	0x04f3a910
10003be8:	f56c46aa 	.word	0xf56c46aa
10003bec:	05ee46c1 	.word	0x05ee46c1
10003bf0:	ebe465ff 	.word	0xebe465ff
10003bf4:	06e7f009 	.word	0x06e7f009
10003bf8:	9e0cc013 	.word	0x9e0cc013
10003bfc:	07e0a6c3 	.word	0x07e0a6c3
10003c00:	91ecbfe1 	.word	0x91ecbfe1
10003c04:	08d86cc4 	.word	0x08d86cc4
10003c08:	ff5eafd5 	.word	0xff5eafd5
10003c0c:	09cf43dc 	.word	0x09cf43dc
10003c10:	e4726a46 	.word	0xe4726a46
10003c14:	0ac52dd7 	.word	0x0ac52dd7
10003c18:	196e7e23 	.word	0x196e7e23
10003c1c:	0bba2c7b 	.word	0x0bba2c7b
10003c20:	6471f5bf 	.word	0x6471f5bf
10003c24:	0cae4187 	.word	0x0cae4187
10003c28:	8cb8df61 	.word	0x8cb8df61
10003c2c:	0da16eb8 	.word	0x0da16eb8
10003c30:	6d85a909 	.word	0x6d85a909
10003c34:	0e93b5c5 	.word	0x0e93b5c5
10003c38:	08b15331 	.word	0x08b15331
10003c3c:	0f851860 	.word	0x0f851860
10003c40:	98e47130 	.word	0x98e47130
10003c44:	10759835 	.word	0x10759835

10003c48 <exptab2>:
10003c48:	05551559 	.word	0x05551559
10003c4c:	000fff80 	.word	0x000fff80
10003c50:	8febc309 	.word	0x8febc309
10003c54:	002ffb80 	.word	0x002ffb80
10003c58:	9a0e91b1 	.word	0x9a0e91b1
10003c5c:	004ff382 	.word	0x004ff382
10003c60:	22fde71f 	.word	0x22fde71f
10003c64:	006fe787 	.word	0x006fe787
10003c68:	299aa0c3 	.word	0x299aa0c3
10003c6c:	008fd78f 	.word	0x008fd78f
10003c70:	ac66434f 	.word	0xac66434f
10003c74:	00afc39b 	.word	0x00afc39b
10003c78:	a9832a41 	.word	0xa9832a41
10003c7c:	00cfabad 	.word	0x00cfabad
10003c80:	1eb4b74f 	.word	0x1eb4b74f
10003c84:	00ef8fc6 	.word	0x00ef8fc6
10003c88:	095f81b6 	.word	0x095f81b6
10003c8c:	010f6fe6 	.word	0x010f6fe6
10003c90:	66898567 	.word	0x66898567
10003c94:	012f4c0e 	.word	0x012f4c0e
10003c98:	32da521a 	.word	0x32da521a
10003c9c:	014f2440 	.word	0x014f2440
10003ca0:	6a9b3a48 	.word	0x6a9b3a48
10003ca4:	016ef87c 	.word	0x016ef87c
10003ca8:	09b781ff 	.word	0x09b781ff
10003cac:	018ec8c4 	.word	0x018ec8c4
10003cb0:	0bbc8d9c 	.word	0x0bbc8d9c
10003cb4:	01ae9518 	.word	0x01ae9518
10003cb8:	6bda1070 	.word	0x6bda1070
10003cbc:	01ce5d79 	.word	0x01ce5d79
10003cc0:	24e23b3a 	.word	0x24e23b3a
10003cc4:	01ee21e9 	.word	0x01ee21e9

10003cc8 <logtab0>:
10003cc8:	33957338 	.word	0x33957338
10003ccc:	a0ec7f42 	.word	0xa0ec7f42
10003cd0:	f5fa1431 	.word	0xf5fa1431
10003cd4:	918986bd 	.word	0x918986bd
10003cd8:	e6fa026b 	.word	0xe6fa026b
10003cdc:	8391f2e0 	.word	0x8391f2e0
10003ce0:	071282e6 	.word	0x071282e6
10003ce4:	7751a813 	.word	0x7751a813
10003ce8:	68212621 	.word	0x68212621
10003cec:	6a73b26a 	.word	0x6a73b26a
10003cf0:	0abf0d9d 	.word	0x0abf0d9d
10003cf4:	5fabe0ee 	.word	0x5fabe0ee
10003cf8:	b7e0b419 	.word	0xb7e0b419
10003cfc:	546ab61c 	.word	0x546ab61c
10003d00:	3de59695 	.word	0x3de59695
10003d04:	48a507ef 	.word	0x48a507ef
10003d08:	55e5cbd1 	.word	0x55e5cbd1
10003d0c:	3c4e0edc 	.word	0x3c4e0edc
10003d10:	e8ad68ce 	.word	0xe8ad68ce
10003d14:	32a4b539 	.word	0x32a4b539
10003d18:	96fa3ccb 	.word	0x96fa3ccb
10003d1c:	289a56d9 	.word	0x289a56d9
10003d20:	a11cb2c9 	.word	0xa11cb2c9
10003d24:	21aefcf9 	.word	0x21aefcf9
10003d28:	e56b4b86 	.word	0xe56b4b86
10003d2c:	16f0d28a 	.word	0x16f0d28a
10003d30:	08b15304 	.word	0x08b15304
10003d34:	0f851860 	.word	0x0f851860
10003d38:	9e0cc002 	.word	0x9e0cc002
10003d3c:	07e0a6c3 	.word	0x07e0a6c3
	...

10003d48 <exprrdata>:
10003d48:	d1cf79ac 	.word	0xd1cf79ac
10003d4c:	b17217f7 	.word	0xb17217f7
10003d50:	b8aa3b29 	.word	0xb8aa3b29
10003d54:	ea4f 20c1 	mov.w	r0, r1, lsl #11
10003d58:	f040 4000 	orr.w	r0, r0, #2147483648	@ 0x80000000
10003d5c:	0049      	lsls	r1, r1, #1
10003d5e:	f143 0320 	adc.w	r3, r3, #32
10003d62:	f240 0100 	movw	r1, #0
10003d66:	f6c3 71f0 	movt	r1, #16368	@ 0x3ff0
10003d6a:	f1c3 030b 	rsb	r3, r3, #11
10003d6e:	fa20 f003 	lsr.w	r0, r0, r3
10003d72:	bf38      	it	cc
10003d74:	4770      	bxcc	lr
10003d76:	4240      	negs	r0, r0
10003d78:	f161 0100 	sbc.w	r1, r1, #0
10003d7c:	4770      	bx	lr

10003d7e <__wrap_exp>:
10003d7e:	ea5f 7cd1 	movs.w	ip, r1, lsr #31
10003d82:	f3c1 530a 	ubfx	r3, r1, #20, #11
10003d86:	f2a3 33ff 	subw	r3, r3, #1023	@ 0x3ff
10003d8a:	2b0c      	cmp	r3, #12
10003d8c:	da62      	bge.n	10003e54 <__wrap_exp+0xd6>
10003d8e:	f113 0f20 	cmn.w	r3, #32
10003d92:	dddf      	ble.n	10003d54 <exprrdata+0xc>
10003d94:	e92d 41f0 	stmdb	sp!, {r4, r5, r6, r7, r8, lr}
10003d98:	4c3c      	ldr	r4, [pc, #240]	@ (10003e8c <__wrap_exp+0x10e>)
10003d9a:	cc70      	ldmia	r4, {r4, r5, r6}
10003d9c:	f04f 0200 	mov.w	r2, #0
10003da0:	f7ff fe9c 	bl	10003adc <dreduce>
10003da4:	f01c 0f01 	tst.w	ip, #1
10003da8:	d004      	beq.n	10003db4 <__wrap_exp+0x36>
10003daa:	ea6f 0202 	mvn.w	r2, r2
10003dae:	1a20      	subs	r0, r4, r0
10003db0:	eb65 0101 	sbc.w	r1, r5, r1
10003db4:	f202 3cfe 	addw	ip, r2, #1022	@ 0x3fe
10003db8:	f240 73fe 	movw	r3, #2046	@ 0x7fe
10003dbc:	459c      	cmp	ip, r3
10003dbe:	d25c      	bcs.n	10003e7a <__wrap_exp+0xfc>
10003dc0:	0f0a      	lsrs	r2, r1, #28
10003dc2:	4b33      	ldr	r3, [pc, #204]	@ (10003e90 <__wrap_exp+0x112>)
10003dc4:	eb03 03c2 	add.w	r3, r3, r2, lsl #3
10003dc8:	cb0c      	ldmia	r3, {r2, r3}
10003dca:	f002 053f 	and.w	r5, r2, #63	@ 0x3f
10003dce:	f045 0540 	orr.w	r5, r5, #64	@ 0x40
10003dd2:	1a80      	subs	r0, r0, r2
10003dd4:	4199      	sbcs	r1, r3
10003dd6:	0e0a      	lsrs	r2, r1, #24
10003dd8:	4b2e      	ldr	r3, [pc, #184]	@ (10003e94 <__wrap_exp+0x116>)
10003dda:	eb03 03c2 	add.w	r3, r3, r2, lsl #3
10003dde:	cb18      	ldmia	r3, {r3, r4}
10003de0:	f502 7280 	add.w	r2, r2, #256	@ 0x100
10003de4:	4355      	muls	r5, r2
10003de6:	1ac0      	subs	r0, r0, r3
10003de8:	41a1      	sbcs	r1, r4
10003dea:	0d4a      	lsrs	r2, r1, #21
10003dec:	4b2a      	ldr	r3, [pc, #168]	@ (10003e98 <__wrap_exp+0x11a>)
10003dee:	eb03 03c2 	add.w	r3, r3, r2, lsl #3
10003df2:	cb18      	ldmia	r3, {r3, r4}
10003df4:	4412      	add	r2, r2
10003df6:	f502 5280 	add.w	r2, r2, #4096	@ 0x1000
10003dfa:	fb05 5502 	mla	r5, r5, r2, r5
10003dfe:	1ac0      	subs	r0, r0, r3
10003e00:	41a1      	sbcs	r1, r4
10003e02:	028a      	lsls	r2, r1, #10
10003e04:	ea52 5290 	orrs.w	r2, r2, r0, lsr #22
10003e08:	f142 0200 	adc.w	r2, r2, #0
10003e0c:	fb82 3402 	smull	r3, r4, r2, r2
10003e10:	0d5b      	lsrs	r3, r3, #21
10003e12:	ea53 23c4 	orrs.w	r3, r3, r4, lsl #11
10003e16:	18c0      	adds	r0, r0, r3
10003e18:	eb41 5154 	adc.w	r1, r1, r4, lsr #21
10003e1c:	fb84 3402 	smull	r3, r4, r4, r2
10003e20:	f04f 3355 	mov.w	r3, #1431655765	@ 0x55555555
10003e24:	fb83 3404 	smull	r3, r4, r3, r4
10003e28:	fb54 f311 	smmulr	r3, r4, r1
10003e2c:	eb04 0493 	add.w	r4, r4, r3, lsr #2
10003e30:	eb10 0244 	adds.w	r2, r0, r4, lsl #1
10003e34:	eb41 73e4 	adc.w	r3, r1, r4, asr #31
10003e38:	00e9      	lsls	r1, r5, #3
10003e3a:	fba1 4002 	umull	r4, r0, r1, r2
10003e3e:	fbc1 0103 	smlal	r0, r1, r1, r3
10003e42:	0a40      	lsrs	r0, r0, #9
10003e44:	eb50 50c1 	adcs.w	r0, r0, r1, lsl #23
10003e48:	ea4f 2151 	mov.w	r1, r1, lsr #9
10003e4c:	eb51 510c 	adcs.w	r1, r1, ip, lsl #20
10003e50:	e8bd 81f0 	ldmia.w	sp!, {r4, r5, r6, r7, r8, pc}
10003e54:	f5b3 6f80 	cmp.w	r3, #1024	@ 0x400
10003e58:	d107      	bne.n	10003e6a <__wrap_exp+0xec>
10003e5a:	ea50 3201 	orrs.w	r2, r0, r1, lsl #12
10003e5e:	bf0c      	ite	eq
10003e60:	ea21 71e1 	biceq.w	r1, r1, r1, asr #31
10003e64:	f441 2100 	orrne.w	r1, r1, #524288	@ 0x80000
10003e68:	4770      	bx	lr
10003e6a:	2000      	movs	r0, #0
10003e6c:	2100      	movs	r1, #0
10003e6e:	f01c 0f01 	tst.w	ip, #1
10003e72:	bf08      	it	eq
10003e74:	f6c7 71f0 	movteq	r1, #32752	@ 0x7ff0
10003e78:	4770      	bx	lr
10003e7a:	f04f 0000 	mov.w	r0, #0
10003e7e:	f04f 0100 	mov.w	r1, #0
10003e82:	bfa8      	it	ge
10003e84:	f6c7 71f0 	movtge	r1, #32752	@ 0x7ff0
10003e88:	e8bd 81f0 	ldmia.w	sp!, {r4, r5, r6, r7, r8, pc}
10003e8c:	10003d48 	.word	0x10003d48
10003e90:	10003b58 	.word	0x10003b58
10003e94:	10003bb8 	.word	0x10003bb8
10003e98:	10003c48 	.word	0x10003c48
10003e9c:	f240 0100 	movw	r1, #0
10003ea0:	f6cf 71f0 	movt	r1, #65520	@ 0xfff0
10003ea4:	2000      	movs	r0, #0
10003ea6:	4770      	bx	lr
10003ea8:	ea50 3201 	orrs.w	r2, r0, r1, lsl #12
10003eac:	bf18      	it	ne
10003eae:	f441 2100 	orrne.w	r1, r1, #524288	@ 0x80000
10003eb2:	4770      	bx	lr
10003eb4:	ea7f 55a6 	mvns.w	r5, r6, asr #22
10003eb8:	f040 8119 	bne.w	100040ee <__wrap_log+0x74>
10003ebc:	f44f 5480 	mov.w	r4, #4096	@ 0x1000
10003ec0:	e120      	b.n	10004104 <__wrap_log+0x8a>
10003ec2:	ea8c 3311 	eor.w	r3, ip, r1, lsr #12
10003ec6:	061b      	lsls	r3, r3, #24
10003ec8:	f040 80ee 	bne.w	100040a8 <__wrap_log+0x2e>
10003ecc:	f1bc 0f00 	cmp.w	ip, #0
10003ed0:	d167      	bne.n	10003fa2 <__wrap_exp+0x224>
10003ed2:	04c9      	lsls	r1, r1, #19
10003ed4:	ea51 3150 	orrs.w	r1, r1, r0, lsr #13
10003ed8:	04c0      	lsls	r0, r0, #19
10003eda:	fab1 f481 	clz	r4, r1
10003ede:	2c20      	cmp	r4, #32
10003ee0:	d24b      	bcs.n	10003f7a <__wrap_exp+0x1fc>
10003ee2:	2501      	movs	r5, #1
10003ee4:	40a5      	lsls	r5, r4
10003ee6:	fba0 2305 	umull	r2, r3, r0, r5
10003eea:	fb01 3305 	mla	r3, r1, r5, r3
10003eee:	fba0 c503 	umull	ip, r5, r0, r3
10003ef2:	fba1 c602 	umull	ip, r6, r1, r2
10003ef6:	fbe1 5663 	umaal	r5, r6, r1, r3
10003efa:	ebb2 2215 	subs.w	r2, r2, r5, lsr #8
10003efe:	f163 0300 	sbc.w	r3, r3, #0
10003f02:	ebb2 6206 	subs.w	r2, r2, r6, lsl #24
10003f06:	eb73 2316 	sbcs.w	r3, r3, r6, lsr #8
10003f0a:	fba0 c706 	umull	ip, r7, r0, r6
10003f0e:	fba1 c805 	umull	ip, r8, r1, r5
10003f12:	fbe1 7866 	umaal	r7, r8, r1, r6
10003f16:	f04f 3555 	mov.w	r5, #1431655765	@ 0x55555555
10003f1a:	fba7 c605 	umull	ip, r6, r7, r5
10003f1e:	f05f 0c00 	movs.w	ip, #0
10003f22:	fbe8 6c05 	umlal	r6, ip, r8, r5
10003f26:	eb16 060c 	adds.w	r6, r6, ip
10003f2a:	f14c 0c00 	adc.w	ip, ip, #0
10003f2e:	eb12 3296 	adds.w	r2, r2, r6, lsr #14
10003f32:	f143 0300 	adc.w	r3, r3, #0
10003f36:	eb12 428c 	adds.w	r2, r2, ip, lsl #18
10003f3a:	eb43 339c 	adc.w	r3, r3, ip, lsr #14
10003f3e:	fb58 f511 	smmulr	r5, r8, r1
10003f42:	f05f 3733 	movs.w	r7, #858993459	@ 0x33333333
10003f46:	fb55 f611 	smmulr	r6, r5, r1
10003f4a:	fb56 f817 	smmulr	r8, r6, r7
10003f4e:	eba5 1758 	sub.w	r7, r5, r8, lsr #5
10003f52:	fb56 f511 	smmulr	r5, r6, r1
10003f56:	f6c2 2680 	movt	r6, #10880	@ 0x2a80
10003f5a:	fb56 f515 	smmulr	r5, r6, r5
10003f5e:	eb07 3715 	add.w	r7, r7, r5, lsr #12
10003f62:	ebb2 2047 	subs.w	r0, r2, r7, lsl #9
10003f66:	eb63 51d7 	sbc.w	r1, r3, r7, lsr #23
10003f6a:	f5c4 6480 	rsb	r4, r4, #1024	@ 0x400
10003f6e:	f1a4 0415 	sub.w	r4, r4, #21
10003f72:	f7ff fd8c 	bl	10003a8e <dpack_q>
10003f76:	e8bd 81f0 	ldmia.w	sp!, {r4, r5, r6, r7, r8, pc}
10003f7a:	fab0 f480 	clz	r4, r0
10003f7e:	fa10 f104 	lsls.w	r1, r0, r4
10003f82:	fba0 2301 	umull	r2, r3, r0, r1
10003f86:	f04f 0000 	mov.w	r0, #0
10003f8a:	ebb0 2013 	subs.w	r0, r0, r3, lsr #8
10003f8e:	f161 0100 	sbc.w	r1, r1, #0
10003f92:	f5c4 6480 	rsb	r4, r4, #1024	@ 0x400
10003f96:	f1a4 0435 	sub.w	r4, r4, #53	@ 0x35
10003f9a:	f7ff fd78 	bl	10003a8e <dpack_q>
10003f9e:	e8bd 81f0 	ldmia.w	sp!, {r4, r5, r6, r7, r8, pc}
10003fa2:	0489      	lsls	r1, r1, #18
10003fa4:	ea51 3190 	orrs.w	r1, r1, r0, lsr #14
10003fa8:	0480      	lsls	r0, r0, #18
10003faa:	4240      	negs	r0, r0
10003fac:	eb61 0141 	sbc.w	r1, r1, r1, lsl #1
10003fb0:	fab1 f481 	clz	r4, r1
10003fb4:	2c20      	cmp	r4, #32
10003fb6:	d24e      	bcs.n	10004056 <__wrap_exp+0x2d8>
10003fb8:	3c01      	subs	r4, #1
10003fba:	2501      	movs	r5, #1
10003fbc:	40a5      	lsls	r5, r4
10003fbe:	fba0 2305 	umull	r2, r3, r0, r5
10003fc2:	fb01 3305 	mla	r3, r1, r5, r3
10003fc6:	fba0 c503 	umull	ip, r5, r0, r3
10003fca:	fba1 c602 	umull	ip, r6, r1, r2
10003fce:	fbe1 5663 	umaal	r5, r6, r1, r3
10003fd2:	eb12 2215 	adds.w	r2, r2, r5, lsr #8
10003fd6:	f143 0300 	adc.w	r3, r3, #0
10003fda:	eb12 6206 	adds.w	r2, r2, r6, lsl #24
10003fde:	eb53 2316 	adcs.w	r3, r3, r6, lsr #8
10003fe2:	fba0 c706 	umull	ip, r7, r0, r6
10003fe6:	fba1 c805 	umull	ip, r8, r1, r5
10003fea:	fbe1 7866 	umaal	r7, r8, r1, r6
10003fee:	f04f 3555 	mov.w	r5, #1431655765	@ 0x55555555
10003ff2:	fba7 c605 	umull	ip, r6, r7, r5
10003ff6:	f05f 0c00 	movs.w	ip, #0
10003ffa:	fbe8 6c05 	umlal	r6, ip, r8, r5
10003ffe:	eb16 060c 	adds.w	r6, r6, ip
10004002:	f14c 0c00 	adc.w	ip, ip, #0
10004006:	eb12 3296 	adds.w	r2, r2, r6, lsr #14
1000400a:	f143 0300 	adc.w	r3, r3, #0
1000400e:	eb12 428c 	adds.w	r2, r2, ip, lsl #18
10004012:	eb43 339c 	adc.w	r3, r3, ip, lsr #14
10004016:	fb58 f511 	smmulr	r5, r8, r1
1000401a:	f05f 3733 	movs.w	r7, #858993459	@ 0x33333333
1000401e:	fb55 f611 	smmulr	r6, r5, r1
10004022:	fb56 f817 	smmulr	r8, r6, r7
10004026:	eb05 1758 	add.w	r7, r5, r8, lsr #5
1000402a:	fb56 f511 	smmulr	r5, r6, r1
1000402e:	f6c2 2680 	movt	r6, #10880	@ 0x2a80
10004032:	fb56 f515 	smmulr	r5, r6, r5
10004036:	eb07 3715 	add.w	r7, r7, r5, lsr #12
1000403a:	eb12 2047 	adds.w	r0, r2, r7, lsl #9
1000403e:	eb43 51d7 	adc.w	r1, r3, r7, lsr #23
10004042:	f5c4 6480 	rsb	r4, r4, #1024	@ 0x400
10004046:	f1a4 0415 	sub.w	r4, r4, #21
1000404a:	f7ff fd20 	bl	10003a8e <dpack_q>
1000404e:	f041 4100 	orr.w	r1, r1, #2147483648	@ 0x80000000
10004052:	e8bd 81f0 	ldmia.w	sp!, {r4, r5, r6, r7, r8, pc}
10004056:	fab0 f480 	clz	r4, r0
1000405a:	fa10 f104 	lsls.w	r1, r0, r4
1000405e:	fba0 2301 	umull	r2, r3, r0, r1
10004062:	ea4f 2013 	mov.w	r0, r3, lsr #8
10004066:	f5c4 6480 	rsb	r4, r4, #1024	@ 0x400
1000406a:	f1a4 0435 	sub.w	r4, r4, #53	@ 0x35
1000406e:	f7ff fd0e 	bl	10003a8e <dpack_q>
10004072:	f091 4100 	eors.w	r1, r1, #2147483648	@ 0x80000000
10004076:	e8bd 81f0 	ldmia.w	sp!, {r4, r5, r6, r7, r8, pc}

1000407a <__wrap_log>:
1000407a:	ea5f 0c41 	movs.w	ip, r1, lsl #1
1000407e:	f4bf af0d 	bcs.w	10003e9c <__wrap_exp+0x11e>
10004082:	ea5f 5c5c 	movs.w	ip, ip, lsr #21
10004086:	f43f af09 	beq.w	10003e9c <__wrap_exp+0x11e>
1000408a:	f2ac 3cff 	subw	ip, ip, #1023	@ 0x3ff
1000408e:	f5bc 6f80 	cmp.w	ip, #1024	@ 0x400
10004092:	f43f af09 	beq.w	10003ea8 <__wrap_exp+0x12a>
10004096:	2201      	movs	r2, #1
10004098:	f362 511f 	bfi	r1, r2, #20, #12
1000409c:	e92d 41f0 	stmdb	sp!, {r4, r5, r6, r7, r8, lr}
100040a0:	ebbc 7fec 	cmp.w	ip, ip, asr #31
100040a4:	f43f af0d 	beq.w	10003ec2 <__wrap_exp+0x144>
100040a8:	0c0c      	lsrs	r4, r1, #16
100040aa:	4d4e      	ldr	r5, [pc, #312]	@ (100041e4 <__wrap_log+0x16a>)
100040ac:	eb05 05c4 	add.w	r5, r5, r4, lsl #3
100040b0:	e895 000c 	ldmia.w	r5, {r2, r3}
100040b4:	f002 053f 	and.w	r5, r2, #63	@ 0x3f
100040b8:	f105 0540 	add.w	r5, r5, #64	@ 0x40
100040bc:	fba5 0600 	umull	r0, r6, r5, r0
100040c0:	fb05 6101 	mla	r1, r5, r1, r6
100040c4:	ea6f 44e1 	mvn.w	r4, r1, asr #19
100040c8:	f004 041f 	and.w	r4, r4, #31
100040cc:	4d46      	ldr	r5, [pc, #280]	@ (100041e8 <__wrap_log+0x16e>)
100040ce:	eb05 05c4 	add.w	r5, r5, r4, lsl #3
100040d2:	cd60      	ldmia	r5, {r5, r6}
100040d4:	1952      	adds	r2, r2, r5
100040d6:	eb43 0306 	adc.w	r3, r3, r6
100040da:	f504 7480 	add.w	r4, r4, #256	@ 0x100
100040de:	fba4 0600 	umull	r0, r6, r4, r0
100040e2:	fb04 6601 	mla	r6, r4, r1, r6
100040e6:	ea7f 6426 	mvns.w	r4, r6, asr #24
100040ea:	f43f aee3 	beq.w	10003eb4 <__wrap_exp+0x136>
100040ee:	4d3f      	ldr	r5, [pc, #252]	@ (100041ec <__wrap_log+0x172>)
100040f0:	eb05 05c4 	add.w	r5, r5, r4, lsl #3
100040f4:	cd22      	ldmia	r5, {r1, r5}
100040f6:	1852      	adds	r2, r2, r1
100040f8:	eb43 0305 	adc.w	r3, r3, r5
100040fc:	f241 0501 	movw	r5, #4097	@ 0x1001
10004100:	eb05 0444 	add.w	r4, r5, r4, lsl #1
10004104:	0464      	lsls	r4, r4, #17
10004106:	fba4 5000 	umull	r5, r0, r4, r0
1000410a:	ebc4 01c4 	rsb	r1, r4, r4, lsl #3
1000410e:	fbe4 0106 	umlal	r0, r1, r4, r6
10004112:	ea80 74e1 	eor.w	r4, r0, r1, asr #31
10004116:	ea81 75e1 	eor.w	r5, r1, r1, asr #31
1000411a:	fba5 6705 	umull	r6, r7, r5, r5
1000411e:	fba4 4805 	umull	r4, r8, r4, r5
10004122:	087f      	lsrs	r7, r7, #1
10004124:	ea4f 0636 	mov.w	r6, r6, rrx
10004128:	eb16 0608 	adds.w	r6, r6, r8
1000412c:	f147 0700 	adc.w	r7, r7, #0
10004130:	028c      	lsls	r4, r1, #10
10004132:	ea54 5490 	orrs.w	r4, r4, r0, lsr #22
10004136:	f144 0400 	adc.w	r4, r4, #0
1000413a:	1b80      	subs	r0, r0, r6
1000413c:	eb61 0107 	sbc.w	r1, r1, r7
10004140:	fb54 f514 	smmulr	r5, r4, r4
10004144:	fb55 f614 	smmulr	r6, r5, r4
10004148:	fb55 f715 	smmulr	r7, r5, r5
1000414c:	f04f 3455 	mov.w	r4, #1431655765	@ 0x55555555
10004150:	fb56 f614 	smmulr	r6, r6, r4
10004154:	ebb6 3617 	subs.w	r6, r6, r7, lsr #12
10004158:	eb10 0086 	adds.w	r0, r0, r6, lsl #2
1000415c:	eb41 71a6 	adc.w	r1, r1, r6, asr #30
10004160:	1a10      	subs	r0, r2, r0
10004162:	eb63 0101 	sbc.w	r1, r3, r1
10004166:	4a22      	ldr	r2, [pc, #136]	@ (100041f0 <__wrap_log+0x176>)
10004168:	ca24      	ldmia	r2, {r2, r5}
1000416a:	f11c 0c01 	adds.w	ip, ip, #1
1000416e:	dd0b      	ble.n	10004188 <__wrap_log+0x10e>
10004170:	fba2 230c 	umull	r2, r3, r2, ip
10004174:	2400      	movs	r4, #0
10004176:	fbe5 340c 	umlal	r3, r4, r5, ip
1000417a:	1a12      	subs	r2, r2, r0
1000417c:	418b      	sbcs	r3, r1
1000417e:	f164 0400 	sbc.w	r4, r4, #0
10004182:	f05f 4180 	movs.w	r1, #1073741824	@ 0x40000000
10004186:	e00c      	b.n	100041a2 <__wrap_log+0x128>
10004188:	f1dc 0c00 	rsbs	ip, ip, #0
1000418c:	fba2 230c 	umull	r2, r3, r2, ip
10004190:	2400      	movs	r4, #0
10004192:	fbe5 340c 	umlal	r3, r4, r5, ip
10004196:	1882      	adds	r2, r0, r2
10004198:	414b      	adcs	r3, r1
1000419a:	f144 0400 	adc.w	r4, r4, #0
1000419e:	f05f 4140 	movs.w	r1, #3221225472	@ 0xc0000000
100041a2:	b94c      	cbnz	r4, 100041b8 <__wrap_log+0x13e>
100041a4:	001c      	movs	r4, r3
100041a6:	0013      	movs	r3, r2
100041a8:	2200      	movs	r2, #0
100041aa:	f1b1 7100 	subs.w	r1, r1, #33554432	@ 0x2000000
100041ae:	b91c      	cbnz	r4, 100041b8 <__wrap_log+0x13e>
100041b0:	001c      	movs	r4, r3
100041b2:	2300      	movs	r3, #0
100041b4:	f1b1 7100 	subs.w	r1, r1, #33554432	@ 0x2000000
100041b8:	fab4 f584 	clz	r5, r4
100041bc:	f1a5 061d 	sub.w	r6, r5, #29
100041c0:	eba1 5106 	sub.w	r1, r1, r6, lsl #20
100041c4:	40ac      	lsls	r4, r5
100041c6:	fa13 f005 	lsls.w	r0, r3, r5
100041ca:	f1c5 0520 	rsb	r5, r5, #32
100041ce:	40eb      	lsrs	r3, r5
100041d0:	431c      	orrs	r4, r3
100041d2:	40ea      	lsrs	r2, r5
100041d4:	4310      	orrs	r0, r2
100041d6:	0ac0      	lsrs	r0, r0, #11
100041d8:	eb50 5044 	adcs.w	r0, r0, r4, lsl #21
100041dc:	eb41 21d4 	adc.w	r1, r1, r4, lsr #11
100041e0:	e8bd 81f0 	ldmia.w	sp!, {r4, r5, r6, r7, r8, pc}
100041e4:	10003c48 	.word	0x10003c48
100041e8:	10003bb8 	.word	0x10003bb8
100041ec:	10003c48 	.word	0x10003c48
100041f0:	10003d48 	.word	0x10003d48

100041f4 <fpow_int2>:
100041f4:	2901      	cmp	r1, #1
100041f6:	d056      	beq.n	100042a6 <fpow_int2+0xb2>
100041f8:	eb01 72d1 	add.w	r2, r1, r1, lsr #31
100041fc:	1052      	asrs	r2, r2, #1
100041fe:	2a01      	cmp	r2, #1
10004200:	ee07 0a10 	vmov	s14, r0
10004204:	460b      	mov	r3, r1
10004206:	d045      	beq.n	10004294 <fpow_int2+0xa0>
10004208:	b5f0      	push	{r4, r5, r6, r7, lr}
1000420a:	2900      	cmp	r1, #0
1000420c:	bfb8      	it	lt
1000420e:	3103      	addlt	r1, #3
10004210:	1089      	asrs	r1, r1, #2
10004212:	2901      	cmp	r1, #1
10004214:	460c      	mov	r4, r1
10004216:	b085      	sub	sp, #20
10004218:	d062      	beq.n	100042e0 <fpow_int2+0xec>
1000421a:	4619      	mov	r1, r3
1000421c:	2b00      	cmp	r3, #0
1000421e:	bfb8      	it	lt
10004220:	1dd9      	addlt	r1, r3, #7
10004222:	10c9      	asrs	r1, r1, #3
10004224:	2901      	cmp	r1, #1
10004226:	460d      	mov	r5, r1
10004228:	d042      	beq.n	100042b0 <fpow_int2+0xbc>
1000422a:	4619      	mov	r1, r3
1000422c:	2b00      	cmp	r3, #0
1000422e:	bfb8      	it	lt
10004230:	f103 010f 	addlt.w	r1, r3, #15
10004234:	1109      	asrs	r1, r1, #4
10004236:	2901      	cmp	r1, #1
10004238:	460e      	mov	r6, r1
1000423a:	d054      	beq.n	100042e6 <fpow_int2+0xf2>
1000423c:	4619      	mov	r1, r3
1000423e:	2b00      	cmp	r3, #0
10004240:	bfb8      	it	lt
10004242:	f103 011f 	addlt.w	r1, r3, #31
10004246:	1149      	asrs	r1, r1, #5
10004248:	2901      	cmp	r1, #1
1000424a:	460f      	mov	r7, r1
1000424c:	d051      	beq.n	100042f2 <fpow_int2+0xfe>
1000424e:	4619      	mov	r1, r3
10004250:	2b00      	cmp	r3, #0
10004252:	bfb8      	it	lt
10004254:	f103 013f 	addlt.w	r1, r3, #63	@ 0x3f
10004258:	1189      	asrs	r1, r1, #6
1000425a:	e9cd 2302 	strd	r2, r3, [sp, #8]
1000425e:	9001      	str	r0, [sp, #4]
10004260:	f7ff ffc8 	bl	100041f4 <fpow_int2>
10004264:	e9dd 2302 	ldrd	r2, r3, [sp, #8]
10004268:	ee07 0a90 	vmov	s15, r0
1000426c:	f017 0f01 	tst.w	r7, #1
10004270:	ee67 7aa7 	vmul.f32	s15, s15, s15
10004274:	ed9d 7a01 	vldr	s14, [sp, #4]
10004278:	d138      	bne.n	100042ec <fpow_int2+0xf8>
1000427a:	07f6      	lsls	r6, r6, #31
1000427c:	ee67 7aa7 	vmul.f32	s15, s15, s15
10004280:	d501      	bpl.n	10004286 <fpow_int2+0x92>
10004282:	ee67 7a87 	vmul.f32	s15, s15, s14
10004286:	07ed      	lsls	r5, r5, #31
10004288:	ee67 7aa7 	vmul.f32	s15, s15, s15
1000428c:	d512      	bpl.n	100042b4 <fpow_int2+0xc0>
1000428e:	ee67 7a87 	vmul.f32	s15, s15, s14
10004292:	e00f      	b.n	100042b4 <fpow_int2+0xc0>
10004294:	ee67 7a07 	vmul.f32	s15, s14, s14
10004298:	07db      	lsls	r3, r3, #31
1000429a:	bf48      	it	mi
1000429c:	ee67 7a87 	vmulmi.f32	s15, s15, s14
100042a0:	ee17 0a90 	vmov	r0, s15
100042a4:	4770      	bx	lr
100042a6:	ee07 0a90 	vmov	s15, r0
100042aa:	ee17 0a90 	vmov	r0, s15
100042ae:	4770      	bx	lr
100042b0:	eef0 7a47 	vmov.f32	s15, s14
100042b4:	07e0      	lsls	r0, r4, #31
100042b6:	ee67 7aa7 	vmul.f32	s15, s15, s15
100042ba:	d501      	bpl.n	100042c0 <fpow_int2+0xcc>
100042bc:	ee67 7a87 	vmul.f32	s15, s15, s14
100042c0:	ee67 7aa7 	vmul.f32	s15, s15, s15
100042c4:	07d1      	lsls	r1, r2, #31
100042c6:	bf48      	it	mi
100042c8:	ee67 7a87 	vmulmi.f32	s15, s15, s14
100042cc:	07da      	lsls	r2, r3, #31
100042ce:	ee67 7aa7 	vmul.f32	s15, s15, s15
100042d2:	d501      	bpl.n	100042d8 <fpow_int2+0xe4>
100042d4:	ee67 7a87 	vmul.f32	s15, s15, s14
100042d8:	ee17 0a90 	vmov	r0, s15
100042dc:	b005      	add	sp, #20
100042de:	bdf0      	pop	{r4, r5, r6, r7, pc}
100042e0:	eef0 7a47 	vmov.f32	s15, s14
100042e4:	e7ec      	b.n	100042c0 <fpow_int2+0xcc>
100042e6:	eef0 7a47 	vmov.f32	s15, s14
100042ea:	e7cc      	b.n	10004286 <fpow_int2+0x92>
100042ec:	ee67 7a87 	vmul.f32	s15, s15, s14
100042f0:	e7c3      	b.n	1000427a <fpow_int2+0x86>
100042f2:	eef0 7a47 	vmov.f32	s15, s14
100042f6:	e7c0      	b.n	1000427a <fpow_int2+0x86>

100042f8 <fpow_0>:
100042f8:	b510      	push	{r4, lr}
100042fa:	1e02      	subs	r2, r0, #0
100042fc:	460c      	mov	r4, r1
100042fe:	b082      	sub	sp, #8
10004300:	da14      	bge.n	1000432c <fpow_0+0x34>
10004302:	f3c1 53c7 	ubfx	r3, r1, #23, #8
10004306:	3b7f      	subs	r3, #127	@ 0x7f
10004308:	2b17      	cmp	r3, #23
1000430a:	d80c      	bhi.n	10004326 <fpow_0+0x2e>
1000430c:	2001      	movs	r0, #1
1000430e:	f1c3 0c17 	rsb	ip, r3, #23
10004312:	fa00 f00c 	lsl.w	r0, r0, ip
10004316:	3801      	subs	r0, #1
10004318:	4208      	tst	r0, r1
1000431a:	d104      	bne.n	10004326 <fpow_0+0x2e>
1000431c:	b37b      	cbz	r3, 1000437e <fpow_0+0x86>
1000431e:	fa21 f10c 	lsr.w	r1, r1, ip
10004322:	07cb      	lsls	r3, r1, #31
10004324:	d42b      	bmi.n	1000437e <fpow_0+0x86>
10004326:	f102 4200 	add.w	r2, r2, #2147483648	@ 0x80000000
1000432a:	4610      	mov	r0, r2
1000432c:	ee07 4a90 	vmov	s15, r4
10004330:	eefd 7ae7 	vcvt.s32.f32	s15, s15
10004334:	f012 43ff 	ands.w	r3, r2, #2139095040	@ 0x7f800000
10004338:	ee17 1a90 	vmov	r1, s15
1000433c:	d005      	beq.n	1000434a <fpow_0+0x52>
1000433e:	f1b3 4fff 	cmp.w	r3, #2139095040	@ 0x7f800000
10004342:	d002      	beq.n	1000434a <fpow_0+0x52>
10004344:	f3c2 0316 	ubfx	r3, r2, #0, #23
10004348:	b313      	cbz	r3, 10004390 <fpow_0+0x98>
1000434a:	b381      	cbz	r1, 100043ae <fpow_0+0xb6>
1000434c:	f101 0320 	add.w	r3, r1, #32
10004350:	2b40      	cmp	r3, #64	@ 0x40
10004352:	d930      	bls.n	100043b6 <fpow_0+0xbe>
10004354:	f004 fc74 	bl	10008c40 <____aeabi_f2d_veneer>
10004358:	f7ff fe8f 	bl	1000407a <__wrap_log>
1000435c:	4602      	mov	r2, r0
1000435e:	460b      	mov	r3, r1
10004360:	4620      	mov	r0, r4
10004362:	e9cd 2300 	strd	r2, r3, [sp]
10004366:	f004 fc6b 	bl	10008c40 <____aeabi_f2d_veneer>
1000436a:	e9dd 2300 	ldrd	r2, r3, [sp]
1000436e:	f7ff fa63 	bl	10003838 <__wrap___aeabi_dmul>
10004372:	f7ff fd04 	bl	10003d7e <__wrap_exp>
10004376:	f7ff fad1 	bl	1000391c <__wrap___aeabi_d2f>
1000437a:	b002      	add	sp, #8
1000437c:	bd10      	pop	{r4, pc}
1000437e:	4621      	mov	r1, r4
10004380:	f102 4000 	add.w	r0, r2, #2147483648	@ 0x80000000
10004384:	f7ff ffb8 	bl	100042f8 <fpow_0>
10004388:	f100 4000 	add.w	r0, r0, #2147483648	@ 0x80000000
1000438c:	b002      	add	sp, #8
1000438e:	bd10      	pop	{r4, pc}
10004390:	0dd2      	lsrs	r2, r2, #23
10004392:	3a7f      	subs	r2, #127	@ 0x7f
10004394:	f301 0108 	ssat	r1, #9, r1
10004398:	fb01 f302 	mul.w	r3, r1, r2
1000439c:	f103 027f 	add.w	r2, r3, #127	@ 0x7f
100043a0:	2a00      	cmp	r2, #0
100043a2:	dd1d      	ble.n	100043e0 <fpow_0+0xe8>
100043a4:	2afe      	cmp	r2, #254	@ 0xfe
100043a6:	dd0d      	ble.n	100043c4 <fpow_0+0xcc>
100043a8:	f04f 40ff 	mov.w	r0, #2139095040	@ 0x7f800000
100043ac:	e7e5      	b.n	1000437a <fpow_0+0x82>
100043ae:	f04f 507e 	mov.w	r0, #1065353216	@ 0x3f800000
100043b2:	b002      	add	sp, #8
100043b4:	bd10      	pop	{r4, pc}
100043b6:	2900      	cmp	r1, #0
100043b8:	db08      	blt.n	100043cc <fpow_0+0xd4>
100043ba:	b002      	add	sp, #8
100043bc:	e8bd 4010 	ldmia.w	sp!, {r4, lr}
100043c0:	f7ff bf18 	b.w	100041f4 <fpow_int2>
100043c4:	05db      	lsls	r3, r3, #23
100043c6:	f103 507e 	add.w	r0, r3, #1065353216	@ 0x3f800000
100043ca:	e7d6      	b.n	1000437a <fpow_0+0x82>
100043cc:	ee07 0a10 	vmov	s14, r0
100043d0:	eef7 7a00 	vmov.f32	s15, #112	@ 0x3f800000  1.0
100043d4:	eec7 7a87 	vdiv.f32	s15, s15, s14
100043d8:	4249      	negs	r1, r1
100043da:	ee17 0a90 	vmov	r0, s15
100043de:	e7ec      	b.n	100043ba <fpow_0+0xc2>
100043e0:	2000      	movs	r0, #0
100043e2:	e7ca      	b.n	1000437a <fpow_0+0x82>

100043e4 <__wrap_powf>:
100043e4:	ee07 0a90 	vmov	s15, r0
100043e8:	eeb7 7a00 	vmov.f32	s14, #112	@ 0x3f800000  1.0
100043ec:	eef4 7a47 	vcmp.f32	s15, s14
100043f0:	eef1 fa10 	vmrs	APSR_nzcv, fpscr
100043f4:	d02d      	beq.n	10004452 <__wrap_powf+0x6e>
100043f6:	f011 42ff 	ands.w	r2, r1, #2139095040	@ 0x7f800000
100043fa:	460b      	mov	r3, r1
100043fc:	d026      	beq.n	1000444c <__wrap_powf+0x68>
100043fe:	eeff 6a00 	vmov.f32	s13, #240	@ 0xbf800000 -1.0
10004402:	eef4 7a66 	vcmp.f32	s15, s13
10004406:	eef1 fa10 	vmrs	APSR_nzcv, fpscr
1000440a:	b510      	push	{r4, lr}
1000440c:	b082      	sub	sp, #8
1000440e:	d121      	bne.n	10004454 <__wrap_powf+0x70>
10004410:	f1b2 4fff 	cmp.w	r2, #2139095040	@ 0x7f800000
10004414:	d063      	beq.n	100044de <__wrap_powf+0xfa>
10004416:	0dca      	lsrs	r2, r1, #23
10004418:	2aff      	cmp	r2, #255	@ 0xff
1000441a:	d03f      	beq.n	1000449c <__wrap_powf+0xb8>
1000441c:	4859      	ldr	r0, [pc, #356]	@ (10004584 <__wrap_powf+0x1a0>)
1000441e:	f012 02ff 	ands.w	r2, r2, #255	@ 0xff
10004422:	d00c      	beq.n	1000443e <__wrap_powf+0x5a>
10004424:	3a7f      	subs	r2, #127	@ 0x7f
10004426:	d45d      	bmi.n	100044e4 <__wrap_powf+0x100>
10004428:	2a16      	cmp	r2, #22
1000442a:	dc08      	bgt.n	1000443e <__wrap_powf+0x5a>
1000442c:	f04f 0c01 	mov.w	ip, #1
10004430:	f1c2 0217 	rsb	r2, r2, #23
10004434:	fa0c f202 	lsl.w	r2, ip, r2
10004438:	3a01      	subs	r2, #1
1000443a:	421a      	tst	r2, r3
1000443c:	d152      	bne.n	100044e4 <__wrap_powf+0x100>
1000443e:	ee17 0a90 	vmov	r0, s15
10004442:	b002      	add	sp, #8
10004444:	e8bd 4010 	ldmia.w	sp!, {r4, lr}
10004448:	f7ff bf56 	b.w	100042f8 <fpow_0>
1000444c:	ee17 0a10 	vmov	r0, s14
10004450:	4770      	bx	lr
10004452:	4770      	bx	lr
10004454:	f010 4fff 	tst.w	r0, #2139095040	@ 0x7f800000
10004458:	d115      	bne.n	10004486 <__wrap_powf+0xa2>
1000445a:	2900      	cmp	r1, #0
1000445c:	ea4f 52d1 	mov.w	r2, r1, lsr #23
10004460:	db26      	blt.n	100044b0 <__wrap_powf+0xcc>
10004462:	3a7f      	subs	r2, #127	@ 0x7f
10004464:	2a17      	cmp	r2, #23
10004466:	d820      	bhi.n	100044aa <__wrap_powf+0xc6>
10004468:	2101      	movs	r1, #1
1000446a:	f1c2 0017 	rsb	r0, r2, #23
1000446e:	4081      	lsls	r1, r0
10004470:	3901      	subs	r1, #1
10004472:	4219      	tst	r1, r3
10004474:	d119      	bne.n	100044aa <__wrap_powf+0xc6>
10004476:	b11a      	cbz	r2, 10004480 <__wrap_powf+0x9c>
10004478:	fa23 f000 	lsr.w	r0, r3, r0
1000447c:	07c1      	lsls	r1, r0, #31
1000447e:	d514      	bpl.n	100044aa <__wrap_powf+0xc6>
10004480:	ee17 0a90 	vmov	r0, s15
10004484:	e008      	b.n	10004498 <__wrap_powf+0xb4>
10004486:	ea4f 5cd0 	mov.w	ip, r0, lsr #23
1000448a:	f1bc 0fff 	cmp.w	ip, #255	@ 0xff
1000448e:	d142      	bne.n	10004516 <__wrap_powf+0x132>
10004490:	2b00      	cmp	r3, #0
10004492:	db0a      	blt.n	100044aa <__wrap_powf+0xc6>
10004494:	f04f 40ff 	mov.w	r0, #2139095040	@ 0x7f800000
10004498:	b002      	add	sp, #8
1000449a:	bd10      	pop	{r4, pc}
1000449c:	f240 1c7f 	movw	ip, #383	@ 0x17f
100044a0:	fa5f fc8c 	uxtb.w	ip, ip
100044a4:	f1bc 0f7e 	cmp.w	ip, #126	@ 0x7e
100044a8:	d8f4      	bhi.n	10004494 <__wrap_powf+0xb0>
100044aa:	2000      	movs	r0, #0
100044ac:	b002      	add	sp, #8
100044ae:	bd10      	pop	{r4, pc}
100044b0:	b2d2      	uxtb	r2, r2
100044b2:	3a7f      	subs	r2, #127	@ 0x7f
100044b4:	2a17      	cmp	r2, #23
100044b6:	d8ed      	bhi.n	10004494 <__wrap_powf+0xb0>
100044b8:	2101      	movs	r1, #1
100044ba:	f1c2 0c17 	rsb	ip, r2, #23
100044be:	fa01 f10c 	lsl.w	r1, r1, ip
100044c2:	3901      	subs	r1, #1
100044c4:	4219      	tst	r1, r3
100044c6:	d1e5      	bne.n	10004494 <__wrap_powf+0xb0>
100044c8:	b122      	cbz	r2, 100044d4 <__wrap_powf+0xf0>
100044ca:	fa23 fc0c 	lsr.w	ip, r3, ip
100044ce:	f01c 0f01 	tst.w	ip, #1
100044d2:	d0df      	beq.n	10004494 <__wrap_powf+0xb0>
100044d4:	f000 4000 	and.w	r0, r0, #2147483648	@ 0x80000000
100044d8:	f040 40ff 	orr.w	r0, r0, #2139095040	@ 0x7f800000
100044dc:	e7dc      	b.n	10004498 <__wrap_powf+0xb4>
100044de:	ee17 0a10 	vmov	r0, s14
100044e2:	e7d9      	b.n	10004498 <__wrap_powf+0xb4>
100044e4:	2800      	cmp	r0, #0
100044e6:	dbd5      	blt.n	10004494 <__wrap_powf+0xb0>
100044e8:	ee17 0a90 	vmov	r0, s15
100044ec:	460c      	mov	r4, r1
100044ee:	f004 fba7 	bl	10008c40 <____aeabi_f2d_veneer>
100044f2:	f7ff fdc2 	bl	1000407a <__wrap_log>
100044f6:	4602      	mov	r2, r0
100044f8:	460b      	mov	r3, r1
100044fa:	4620      	mov	r0, r4
100044fc:	e9cd 2300 	strd	r2, r3, [sp]
10004500:	f004 fb9e 	bl	10008c40 <____aeabi_f2d_veneer>
10004504:	e9dd 2300 	ldrd	r2, r3, [sp]
10004508:	f7ff f996 	bl	10003838 <__wrap___aeabi_dmul>
1000450c:	f7ff fc37 	bl	10003d7e <__wrap_exp>
10004510:	f7ff fa04 	bl	1000391c <__wrap___aeabi_d2f>
10004514:	e7c0      	b.n	10004498 <__wrap_powf+0xb4>
10004516:	f240 1eff 	movw	lr, #511	@ 0x1ff
1000451a:	45f4      	cmp	ip, lr
1000451c:	ea4f 52d3 	mov.w	r2, r3, lsr #23
10004520:	d00a      	beq.n	10004538 <__wrap_powf+0x154>
10004522:	2aff      	cmp	r2, #255	@ 0xff
10004524:	d0bc      	beq.n	100044a0 <__wrap_powf+0xbc>
10004526:	4572      	cmp	r2, lr
10004528:	f47f af79 	bne.w	1000441e <__wrap_powf+0x3a>
1000452c:	fa5f fc8c 	uxtb.w	ip, ip
10004530:	f1bc 0f7e 	cmp.w	ip, #126	@ 0x7e
10004534:	d9ae      	bls.n	10004494 <__wrap_powf+0xb0>
10004536:	e7b8      	b.n	100044aa <__wrap_powf+0xc6>
10004538:	2b00      	cmp	r3, #0
1000453a:	db10      	blt.n	1000455e <__wrap_powf+0x17a>
1000453c:	3a7f      	subs	r2, #127	@ 0x7f
1000453e:	2a17      	cmp	r2, #23
10004540:	d8a8      	bhi.n	10004494 <__wrap_powf+0xb0>
10004542:	2101      	movs	r1, #1
10004544:	f1c2 0017 	rsb	r0, r2, #23
10004548:	4081      	lsls	r1, r0
1000454a:	3901      	subs	r1, #1
1000454c:	4219      	tst	r1, r3
1000454e:	d1a1      	bne.n	10004494 <__wrap_powf+0xb0>
10004550:	b11a      	cbz	r2, 1000455a <__wrap_powf+0x176>
10004552:	fa23 f000 	lsr.w	r0, r3, r0
10004556:	07c2      	lsls	r2, r0, #31
10004558:	d59c      	bpl.n	10004494 <__wrap_powf+0xb0>
1000455a:	480b      	ldr	r0, [pc, #44]	@ (10004588 <__wrap_powf+0x1a4>)
1000455c:	e79c      	b.n	10004498 <__wrap_powf+0xb4>
1000455e:	b2d2      	uxtb	r2, r2
10004560:	3a7f      	subs	r2, #127	@ 0x7f
10004562:	2a17      	cmp	r2, #23
10004564:	d8a1      	bhi.n	100044aa <__wrap_powf+0xc6>
10004566:	2101      	movs	r1, #1
10004568:	f1c2 0017 	rsb	r0, r2, #23
1000456c:	4081      	lsls	r1, r0
1000456e:	3901      	subs	r1, #1
10004570:	4219      	tst	r1, r3
10004572:	d19a      	bne.n	100044aa <__wrap_powf+0xc6>
10004574:	b11a      	cbz	r2, 1000457e <__wrap_powf+0x19a>
10004576:	fa23 f000 	lsr.w	r0, r3, r0
1000457a:	07c3      	lsls	r3, r0, #31
1000457c:	d595      	bpl.n	100044aa <__wrap_powf+0xc6>
1000457e:	f04f 4000 	mov.w	r0, #2147483648	@ 0x80000000
10004582:	e789      	b.n	10004498 <__wrap_powf+0xb4>
10004584:	bf800000 	.word	0xbf800000
10004588:	ff800000 	.word	0xff800000

1000458c <_out_buffer>:
1000458c:	429a      	cmp	r2, r3
1000458e:	bf38      	it	cc
10004590:	5488      	strbcc	r0, [r1, r2]
10004592:	4770      	bx	lr

10004594 <_out_null>:
10004594:	4770      	bx	lr
10004596:	bf00      	nop

10004598 <_out_rev>:
10004598:	e92d 4ff0 	stmdb	sp!, {r4, r5, r6, r7, r8, r9, sl, fp, lr}
1000459c:	b083      	sub	sp, #12
1000459e:	460f      	mov	r7, r1
100045a0:	4611      	mov	r1, r2
100045a2:	e9dd b20e 	ldrd	fp, r2, [sp, #56]	@ 0x38
100045a6:	0792      	lsls	r2, r2, #30
100045a8:	4698      	mov	r8, r3
100045aa:	e9dd 930c 	ldrd	r9, r3, [sp, #48]	@ 0x30
100045ae:	4606      	mov	r6, r0
100045b0:	d029      	beq.n	10004606 <_out_rev+0x6e>
100045b2:	460d      	mov	r5, r1
100045b4:	b19b      	cbz	r3, 100045de <_out_rev+0x46>
100045b6:	eb09 0403 	add.w	r4, r9, r3
100045ba:	eb05 0a04 	add.w	sl, r5, r4
100045be:	9501      	str	r5, [sp, #4]
100045c0:	460d      	mov	r5, r1
100045c2:	930d      	str	r3, [sp, #52]	@ 0x34
100045c4:	ebaa 0204 	sub.w	r2, sl, r4
100045c8:	f814 0d01 	ldrb.w	r0, [r4, #-1]!
100045cc:	4643      	mov	r3, r8
100045ce:	4639      	mov	r1, r7
100045d0:	47b0      	blx	r6
100045d2:	45a1      	cmp	r9, r4
100045d4:	d1f6      	bne.n	100045c4 <_out_rev+0x2c>
100045d6:	4629      	mov	r1, r5
100045d8:	9b0d      	ldr	r3, [sp, #52]	@ 0x34
100045da:	9d01      	ldr	r5, [sp, #4]
100045dc:	441d      	add	r5, r3
100045de:	9b0f      	ldr	r3, [sp, #60]	@ 0x3c
100045e0:	079b      	lsls	r3, r3, #30
100045e2:	d50c      	bpl.n	100045fe <_out_rev+0x66>
100045e4:	1a6c      	subs	r4, r5, r1
100045e6:	45a3      	cmp	fp, r4
100045e8:	d909      	bls.n	100045fe <_out_rev+0x66>
100045ea:	462a      	mov	r2, r5
100045ec:	4643      	mov	r3, r8
100045ee:	4639      	mov	r1, r7
100045f0:	2020      	movs	r0, #32
100045f2:	3401      	adds	r4, #1
100045f4:	47b0      	blx	r6
100045f6:	455c      	cmp	r4, fp
100045f8:	f105 0501 	add.w	r5, r5, #1
100045fc:	d3f5      	bcc.n	100045ea <_out_rev+0x52>
100045fe:	4628      	mov	r0, r5
10004600:	b003      	add	sp, #12
10004602:	e8bd 8ff0 	ldmia.w	sp!, {r4, r5, r6, r7, r8, r9, sl, fp, pc}
10004606:	455b      	cmp	r3, fp
10004608:	d215      	bcs.n	10004636 <_out_rev+0x9e>
1000460a:	468a      	mov	sl, r1
1000460c:	461c      	mov	r4, r3
1000460e:	4689      	mov	r9, r1
10004610:	ebab 0503 	sub.w	r5, fp, r3
10004614:	440d      	add	r5, r1
10004616:	4652      	mov	r2, sl
10004618:	4643      	mov	r3, r8
1000461a:	4639      	mov	r1, r7
1000461c:	2020      	movs	r0, #32
1000461e:	f10a 0a01 	add.w	sl, sl, #1
10004622:	47b0      	blx	r6
10004624:	45aa      	cmp	sl, r5
10004626:	d1f6      	bne.n	10004616 <_out_rev+0x7e>
10004628:	4649      	mov	r1, r9
1000462a:	4623      	mov	r3, r4
1000462c:	f8dd 9030 	ldr.w	r9, [sp, #48]	@ 0x30
10004630:	2c00      	cmp	r4, #0
10004632:	d1c0      	bne.n	100045b6 <_out_rev+0x1e>
10004634:	e7e3      	b.n	100045fe <_out_rev+0x66>
10004636:	460d      	mov	r5, r1
10004638:	2b00      	cmp	r3, #0
1000463a:	d1bc      	bne.n	100045b6 <_out_rev+0x1e>
1000463c:	e7df      	b.n	100045fe <_out_rev+0x66>
1000463e:	bf00      	nop

10004640 <_ntoa_format>:
10004640:	e92d 4ff0 	stmdb	sp!, {r4, r5, r6, r7, r8, r9, sl, fp, lr}
10004644:	460f      	mov	r7, r1
10004646:	990f      	ldr	r1, [sp, #60]	@ 0x3c
10004648:	4606      	mov	r6, r0
1000464a:	f89d 002c 	ldrb.w	r0, [sp, #44]	@ 0x2c
1000464e:	078d      	lsls	r5, r1, #30
10004650:	4690      	mov	r8, r2
10004652:	e9dd a20c 	ldrd	sl, r2, [sp, #48]	@ 0x30
10004656:	4699      	mov	r9, r3
10004658:	4683      	mov	fp, r0
1000465a:	9c09      	ldr	r4, [sp, #36]	@ 0x24
1000465c:	f8dd c028 	ldr.w	ip, [sp, #40]	@ 0x28
10004660:	9b0e      	ldr	r3, [sp, #56]	@ 0x38
10004662:	d449      	bmi.n	100046f8 <_ntoa_format+0xb8>
10004664:	2b00      	cmp	r3, #0
10004666:	d142      	bne.n	100046ee <_ntoa_format+0xae>
10004668:	4594      	cmp	ip, r2
1000466a:	d245      	bcs.n	100046f8 <_ntoa_format+0xb8>
1000466c:	f001 0501 	and.w	r5, r1, #1
10004670:	f104 3eff 	add.w	lr, r4, #4294967295	@ 0xffffffff
10004674:	2030      	movs	r0, #48	@ 0x30
10004676:	44e6      	add	lr, ip
10004678:	e005      	b.n	10004686 <_ntoa_format+0x46>
1000467a:	f10c 0c01 	add.w	ip, ip, #1
1000467e:	4562      	cmp	r2, ip
10004680:	f80e 0f01 	strb.w	r0, [lr, #1]!
10004684:	d902      	bls.n	1000468c <_ntoa_format+0x4c>
10004686:	f1bc 0f20 	cmp.w	ip, #32
1000468a:	d1f6      	bne.n	1000467a <_ntoa_format+0x3a>
1000468c:	2d00      	cmp	r5, #0
1000468e:	f000 8087 	beq.w	100047a0 <_ntoa_format+0x160>
10004692:	4563      	cmp	r3, ip
10004694:	d930      	bls.n	100046f8 <_ntoa_format+0xb8>
10004696:	1e60      	subs	r0, r4, #1
10004698:	f04f 0e30 	mov.w	lr, #48	@ 0x30
1000469c:	4460      	add	r0, ip
1000469e:	e005      	b.n	100046ac <_ntoa_format+0x6c>
100046a0:	f10c 0c01 	add.w	ip, ip, #1
100046a4:	459c      	cmp	ip, r3
100046a6:	f800 ef01 	strb.w	lr, [r0, #1]!
100046aa:	d025      	beq.n	100046f8 <_ntoa_format+0xb8>
100046ac:	f1bc 0f20 	cmp.w	ip, #32
100046b0:	d1f6      	bne.n	100046a0 <_ntoa_format+0x60>
100046b2:	06cd      	lsls	r5, r1, #27
100046b4:	d50e      	bpl.n	100046d4 <_ntoa_format+0x94>
100046b6:	0548      	lsls	r0, r1, #21
100046b8:	d451      	bmi.n	1000475e <_ntoa_format+0x11e>
100046ba:	4562      	cmp	r2, ip
100046bc:	d064      	beq.n	10004788 <_ntoa_format+0x148>
100046be:	4563      	cmp	r3, ip
100046c0:	d062      	beq.n	10004788 <_ntoa_format+0x148>
100046c2:	f1ba 0f10 	cmp.w	sl, #16
100046c6:	d04d      	beq.n	10004764 <_ntoa_format+0x124>
100046c8:	f1ba 0f02 	cmp.w	sl, #2
100046cc:	d055      	beq.n	1000477a <_ntoa_format+0x13a>
100046ce:	f1bc 0f20 	cmp.w	ip, #32
100046d2:	d12d      	bne.n	10004730 <_ntoa_format+0xf0>
100046d4:	2220      	movs	r2, #32
100046d6:	e9cd 310b 	strd	r3, r1, [sp, #44]	@ 0x2c
100046da:	920a      	str	r2, [sp, #40]	@ 0x28
100046dc:	464b      	mov	r3, r9
100046de:	4642      	mov	r2, r8
100046e0:	4639      	mov	r1, r7
100046e2:	4630      	mov	r0, r6
100046e4:	9409      	str	r4, [sp, #36]	@ 0x24
100046e6:	e8bd 4ff0 	ldmia.w	sp!, {r4, r5, r6, r7, r8, r9, sl, fp, lr}
100046ea:	f7ff bf55 	b.w	10004598 <_out_rev>
100046ee:	f011 0501 	ands.w	r5, r1, #1
100046f2:	d12e      	bne.n	10004752 <_ntoa_format+0x112>
100046f4:	4594      	cmp	ip, r2
100046f6:	d3bb      	bcc.n	10004670 <_ntoa_format+0x30>
100046f8:	06cd      	lsls	r5, r1, #27
100046fa:	d51e      	bpl.n	1000473a <_ntoa_format+0xfa>
100046fc:	0548      	lsls	r0, r1, #21
100046fe:	d4e0      	bmi.n	100046c2 <_ntoa_format+0x82>
10004700:	f1bc 0f00 	cmp.w	ip, #0
10004704:	d1d9      	bne.n	100046ba <_ntoa_format+0x7a>
10004706:	f1ba 0f10 	cmp.w	sl, #16
1000470a:	d05f      	beq.n	100047cc <_ntoa_format+0x18c>
1000470c:	f1ba 0f02 	cmp.w	sl, #2
10004710:	d074      	beq.n	100047fc <_ntoa_format+0x1bc>
10004712:	2230      	movs	r2, #48	@ 0x30
10004714:	f04f 0c01 	mov.w	ip, #1
10004718:	7022      	strb	r2, [r4, #0]
1000471a:	f1bb 0f00 	cmp.w	fp, #0
1000471e:	d112      	bne.n	10004746 <_ntoa_format+0x106>
10004720:	0748      	lsls	r0, r1, #29
10004722:	d542      	bpl.n	100047aa <_ntoa_format+0x16a>
10004724:	222b      	movs	r2, #43	@ 0x2b
10004726:	f804 200c 	strb.w	r2, [r4, ip]
1000472a:	f10c 0201 	add.w	r2, ip, #1
1000472e:	e7d2      	b.n	100046d6 <_ntoa_format+0x96>
10004730:	4662      	mov	r2, ip
10004732:	f10c 0c01 	add.w	ip, ip, #1
10004736:	2030      	movs	r0, #48	@ 0x30
10004738:	54a0      	strb	r0, [r4, r2]
1000473a:	f1bc 0f20 	cmp.w	ip, #32
1000473e:	d0c9      	beq.n	100046d4 <_ntoa_format+0x94>
10004740:	f1bb 0f00 	cmp.w	fp, #0
10004744:	d0ec      	beq.n	10004720 <_ntoa_format+0xe0>
10004746:	222d      	movs	r2, #45	@ 0x2d
10004748:	f804 200c 	strb.w	r2, [r4, ip]
1000474c:	f10c 0201 	add.w	r2, ip, #1
10004750:	e7c1      	b.n	100046d6 <_ntoa_format+0x96>
10004752:	b398      	cbz	r0, 100047bc <_ntoa_format+0x17c>
10004754:	4594      	cmp	ip, r2
10004756:	f103 33ff 	add.w	r3, r3, #4294967295	@ 0xffffffff
1000475a:	d389      	bcc.n	10004670 <_ntoa_format+0x30>
1000475c:	e799      	b.n	10004692 <_ntoa_format+0x52>
1000475e:	f1ba 0f10 	cmp.w	sl, #16
10004762:	d1b7      	bne.n	100046d4 <_ntoa_format+0x94>
10004764:	068d      	lsls	r5, r1, #26
10004766:	d53d      	bpl.n	100047e4 <_ntoa_format+0x1a4>
10004768:	f1bc 0f20 	cmp.w	ip, #32
1000476c:	d0b2      	beq.n	100046d4 <_ntoa_format+0x94>
1000476e:	2258      	movs	r2, #88	@ 0x58
10004770:	f804 200c 	strb.w	r2, [r4, ip]
10004774:	f10c 0c01 	add.w	ip, ip, #1
10004778:	e7a9      	b.n	100046ce <_ntoa_format+0x8e>
1000477a:	f1bc 0f20 	cmp.w	ip, #32
1000477e:	d0a9      	beq.n	100046d4 <_ntoa_format+0x94>
10004780:	4662      	mov	r2, ip
10004782:	f10c 0c01 	add.w	ip, ip, #1
10004786:	e008      	b.n	1000479a <_ntoa_format+0x15a>
10004788:	f1bc 0201 	subs.w	r2, ip, #1
1000478c:	d0bb      	beq.n	10004706 <_ntoa_format+0xc6>
1000478e:	f1ba 0f10 	cmp.w	sl, #16
10004792:	d035      	beq.n	10004800 <_ntoa_format+0x1c0>
10004794:	f1ba 0f02 	cmp.w	sl, #2
10004798:	d1cd      	bne.n	10004736 <_ntoa_format+0xf6>
1000479a:	2062      	movs	r0, #98	@ 0x62
1000479c:	54a0      	strb	r0, [r4, r2]
1000479e:	e796      	b.n	100046ce <_ntoa_format+0x8e>
100047a0:	06cd      	lsls	r5, r1, #27
100047a2:	d5ca      	bpl.n	1000473a <_ntoa_format+0xfa>
100047a4:	0548      	lsls	r0, r1, #21
100047a6:	d588      	bpl.n	100046ba <_ntoa_format+0x7a>
100047a8:	e78b      	b.n	100046c2 <_ntoa_format+0x82>
100047aa:	070a      	lsls	r2, r1, #28
100047ac:	bf49      	itett	mi
100047ae:	2220      	movmi	r2, #32
100047b0:	4662      	movpl	r2, ip
100047b2:	f804 200c 	strbmi.w	r2, [r4, ip]
100047b6:	f10c 0201 	addmi.w	r2, ip, #1
100047ba:	e78c      	b.n	100046d6 <_ntoa_format+0x96>
100047bc:	f011 0f0c 	tst.w	r1, #12
100047c0:	d000      	beq.n	100047c4 <_ntoa_format+0x184>
100047c2:	3b01      	subs	r3, #1
100047c4:	4594      	cmp	ip, r2
100047c6:	f4ff af53 	bcc.w	10004670 <_ntoa_format+0x30>
100047ca:	e762      	b.n	10004692 <_ntoa_format+0x52>
100047cc:	068a      	lsls	r2, r1, #26
100047ce:	d413      	bmi.n	100047f8 <_ntoa_format+0x1b8>
100047d0:	2278      	movs	r2, #120	@ 0x78
100047d2:	7022      	strb	r2, [r4, #0]
100047d4:	2230      	movs	r2, #48	@ 0x30
100047d6:	f04f 0c02 	mov.w	ip, #2
100047da:	7062      	strb	r2, [r4, #1]
100047dc:	f1bb 0f00 	cmp.w	fp, #0
100047e0:	d09e      	beq.n	10004720 <_ntoa_format+0xe0>
100047e2:	e7b0      	b.n	10004746 <_ntoa_format+0x106>
100047e4:	f1bc 0f20 	cmp.w	ip, #32
100047e8:	f43f af74 	beq.w	100046d4 <_ntoa_format+0x94>
100047ec:	2278      	movs	r2, #120	@ 0x78
100047ee:	f804 200c 	strb.w	r2, [r4, ip]
100047f2:	f10c 0c01 	add.w	ip, ip, #1
100047f6:	e76a      	b.n	100046ce <_ntoa_format+0x8e>
100047f8:	2258      	movs	r2, #88	@ 0x58
100047fa:	e7ea      	b.n	100047d2 <_ntoa_format+0x192>
100047fc:	2262      	movs	r2, #98	@ 0x62
100047fe:	e7e8      	b.n	100047d2 <_ntoa_format+0x192>
10004800:	068d      	lsls	r5, r1, #26
10004802:	f1ac 0002 	sub.w	r0, ip, #2
10004806:	d504      	bpl.n	10004812 <_ntoa_format+0x1d2>
10004808:	f04f 0e58 	mov.w	lr, #88	@ 0x58
1000480c:	f804 e000 	strb.w	lr, [r4, r0]
10004810:	e791      	b.n	10004736 <_ntoa_format+0xf6>
10004812:	f04f 0e78 	mov.w	lr, #120	@ 0x78
10004816:	f804 e000 	strb.w	lr, [r4, r0]
1000481a:	e78c      	b.n	10004736 <_ntoa_format+0xf6>

1000481c <_ntoa_long>:
1000481c:	e92d 4ff0 	stmdb	sp!, {r4, r5, r6, r7, r8, r9, sl, fp, lr}
10004820:	b091      	sub	sp, #68	@ 0x44
10004822:	f8dd e068 	ldr.w	lr, [sp, #104]	@ 0x68
10004826:	4699      	mov	r9, r3
10004828:	460f      	mov	r7, r1
1000482a:	4690      	mov	r8, r2
1000482c:	f89d 606c 	ldrb.w	r6, [sp, #108]	@ 0x6c
10004830:	9b1c      	ldr	r3, [sp, #112]	@ 0x70
10004832:	f8dd c07c 	ldr.w	ip, [sp, #124]	@ 0x7c
10004836:	f1be 0f00 	cmp.w	lr, #0
1000483a:	d104      	bne.n	10004846 <_ntoa_long+0x2a>
1000483c:	f41c 6f80 	tst.w	ip, #1024	@ 0x400
10004840:	d132      	bne.n	100048a8 <_ntoa_long+0x8c>
10004842:	f02c 0c10 	bic.w	ip, ip, #16
10004846:	f01c 0f20 	tst.w	ip, #32
1000484a:	bf14      	ite	ne
1000484c:	2441      	movne	r4, #65	@ 0x41
1000484e:	2461      	moveq	r4, #97	@ 0x61
10004850:	2200      	movs	r2, #0
10004852:	f1a4 050a 	sub.w	r5, r4, #10
10004856:	4683      	mov	fp, r0
10004858:	ac08      	add	r4, sp, #32
1000485a:	e002      	b.n	10004862 <_ntoa_long+0x46>
1000485c:	2a20      	cmp	r2, #32
1000485e:	4686      	mov	lr, r0
10004860:	d00e      	beq.n	10004880 <_ntoa_long+0x64>
10004862:	fbbe f0f3 	udiv	r0, lr, r3
10004866:	fb03 e110 	mls	r1, r3, r0, lr
1000486a:	2909      	cmp	r1, #9
1000486c:	bf94      	ite	ls
1000486e:	3130      	addls	r1, #48	@ 0x30
10004870:	1949      	addhi	r1, r1, r5
10004872:	459e      	cmp	lr, r3
10004874:	7021      	strb	r1, [r4, #0]
10004876:	f102 0201 	add.w	r2, r2, #1
1000487a:	f104 0401 	add.w	r4, r4, #1
1000487e:	d2ed      	bcs.n	1000485c <_ntoa_long+0x40>
10004880:	4658      	mov	r0, fp
10004882:	ad08      	add	r5, sp, #32
10004884:	991e      	ldr	r1, [sp, #120]	@ 0x78
10004886:	e9cd 2601 	strd	r2, r6, [sp, #4]
1000488a:	9105      	str	r1, [sp, #20]
1000488c:	991d      	ldr	r1, [sp, #116]	@ 0x74
1000488e:	4642      	mov	r2, r8
10004890:	e9cd 3103 	strd	r3, r1, [sp, #12]
10004894:	f8cd c018 	str.w	ip, [sp, #24]
10004898:	464b      	mov	r3, r9
1000489a:	4639      	mov	r1, r7
1000489c:	9500      	str	r5, [sp, #0]
1000489e:	f7ff fecf 	bl	10004640 <_ntoa_format>
100048a2:	b011      	add	sp, #68	@ 0x44
100048a4:	e8bd 8ff0 	ldmia.w	sp!, {r4, r5, r6, r7, r8, r9, sl, fp, pc}
100048a8:	4672      	mov	r2, lr
100048aa:	f02c 0c10 	bic.w	ip, ip, #16
100048ae:	ad08      	add	r5, sp, #32
100048b0:	e7e8      	b.n	10004884 <_ntoa_long+0x68>
100048b2:	bf00      	nop

100048b4 <_ntoa_long_long>:
100048b4:	e92d 4ff0 	stmdb	sp!, {r4, r5, r6, r7, r8, r9, sl, fp, lr}
100048b8:	b097      	sub	sp, #92	@ 0x5c
100048ba:	9e20      	ldr	r6, [sp, #128]	@ 0x80
100048bc:	9c21      	ldr	r4, [sp, #132]	@ 0x84
100048be:	9109      	str	r1, [sp, #36]	@ 0x24
100048c0:	ea56 0104 	orrs.w	r1, r6, r4
100048c4:	f89d b088 	ldrb.w	fp, [sp, #136]	@ 0x88
100048c8:	f8dd e0a0 	ldr.w	lr, [sp, #160]	@ 0xa0
100048cc:	e9dd 8924 	ldrd	r8, r9, [sp, #144]	@ 0x90
100048d0:	d104      	bne.n	100048dc <_ntoa_long_long+0x28>
100048d2:	f41e 6f80 	tst.w	lr, #1024	@ 0x400
100048d6:	f02e 0e10 	bic.w	lr, lr, #16
100048da:	d142      	bne.n	10004962 <_ntoa_long_long+0xae>
100048dc:	f01e 0f20 	tst.w	lr, #32
100048e0:	bf14      	ite	ne
100048e2:	f04f 0a41 	movne.w	sl, #65	@ 0x41
100048e6:	f04f 0a61 	moveq.w	sl, #97	@ 0x61
100048ea:	f10d 0c38 	add.w	ip, sp, #56	@ 0x38
100048ee:	4667      	mov	r7, ip
100048f0:	2500      	movs	r5, #0
100048f2:	e9cd c00a 	strd	ip, r0, [sp, #40]	@ 0x28
100048f6:	e9cd 230c 	strd	r2, r3, [sp, #48]	@ 0x30
100048fa:	f1aa 0a0a 	sub.w	sl, sl, #10
100048fe:	f8cd e0a0 	str.w	lr, [sp, #160]	@ 0xa0
10004902:	e003      	b.n	1000490c <_ntoa_long_long+0x58>
10004904:	2d20      	cmp	r5, #32
10004906:	4606      	mov	r6, r0
10004908:	460c      	mov	r4, r1
1000490a:	d013      	beq.n	10004934 <_ntoa_long_long+0x80>
1000490c:	4621      	mov	r1, r4
1000490e:	4642      	mov	r2, r8
10004910:	464b      	mov	r3, r9
10004912:	4630      	mov	r0, r6
10004914:	f004 f998 	bl	10008c48 <____aeabi_uldivmod_veneer>
10004918:	b2d2      	uxtb	r2, r2
1000491a:	2a09      	cmp	r2, #9
1000491c:	bf94      	ite	ls
1000491e:	3230      	addls	r2, #48	@ 0x30
10004920:	4452      	addhi	r2, sl
10004922:	4546      	cmp	r6, r8
10004924:	eb74 0409 	sbcs.w	r4, r4, r9
10004928:	703a      	strb	r2, [r7, #0]
1000492a:	f105 0501 	add.w	r5, r5, #1
1000492e:	f107 0701 	add.w	r7, r7, #1
10004932:	d2e7      	bcs.n	10004904 <_ntoa_long_long+0x50>
10004934:	f8dd e0a0 	ldr.w	lr, [sp, #160]	@ 0xa0
10004938:	e9dd c00a 	ldrd	ip, r0, [sp, #40]	@ 0x28
1000493c:	e9dd 230c 	ldrd	r2, r3, [sp, #48]	@ 0x30
10004940:	9927      	ldr	r1, [sp, #156]	@ 0x9c
10004942:	e9cd 5b01 	strd	r5, fp, [sp, #4]
10004946:	9105      	str	r1, [sp, #20]
10004948:	9926      	ldr	r1, [sp, #152]	@ 0x98
1000494a:	f8cd e018 	str.w	lr, [sp, #24]
1000494e:	e9cd 8103 	strd	r8, r1, [sp, #12]
10004952:	f8cd c000 	str.w	ip, [sp]
10004956:	9909      	ldr	r1, [sp, #36]	@ 0x24
10004958:	f7ff fe72 	bl	10004640 <_ntoa_format>
1000495c:	b017      	add	sp, #92	@ 0x5c
1000495e:	e8bd 8ff0 	ldmia.w	sp!, {r4, r5, r6, r7, r8, r9, sl, fp, pc}
10004962:	2500      	movs	r5, #0
10004964:	f10d 0c38 	add.w	ip, sp, #56	@ 0x38
10004968:	e7ea      	b.n	10004940 <_ntoa_long_long+0x8c>
1000496a:	bf00      	nop
1000496c:	0000      	movs	r0, r0
	...

10004970 <_etoa>:
10004970:	e92d 4ff0 	stmdb	sp!, {r4, r5, r6, r7, r8, r9, sl, fp, lr}
10004974:	b095      	sub	sp, #84	@ 0x54
10004976:	461e      	mov	r6, r3
10004978:	e9dd ab1e 	ldrd	sl, fp, [sp, #120]	@ 0x78
1000497c:	e9dd 8721 	ldrd	r8, r7, [sp, #132]	@ 0x84
10004980:	9b20      	ldr	r3, [sp, #128]	@ 0x80
10004982:	460d      	mov	r5, r1
10004984:	900a      	str	r0, [sp, #40]	@ 0x28
10004986:	920b      	str	r2, [sp, #44]	@ 0x2c
10004988:	9309      	str	r3, [sp, #36]	@ 0x24
1000498a:	4652      	mov	r2, sl
1000498c:	465b      	mov	r3, fp
1000498e:	4650      	mov	r0, sl
10004990:	4659      	mov	r1, fp
10004992:	f7ff f819 	bl	100039c8 <__wrap___aeabi_dcmpun>
10004996:	2800      	cmp	r0, #0
10004998:	f040 8094 	bne.w	10004ac4 <_etoa+0x154>
1000499c:	4650      	mov	r0, sl
1000499e:	4659      	mov	r1, fp
100049a0:	f04f 32ff 	mov.w	r2, #4294967295	@ 0xffffffff
100049a4:	4b62      	ldr	r3, [pc, #392]	@ (10004b30 <_etoa+0x1c0>)
100049a6:	f7ff f85d 	bl	10003a64 <__wrap___aeabi_dcmpgt>
100049aa:	2800      	cmp	r0, #0
100049ac:	f040 808a 	bne.w	10004ac4 <_etoa+0x154>
100049b0:	4650      	mov	r0, sl
100049b2:	4659      	mov	r1, fp
100049b4:	f04f 32ff 	mov.w	r2, #4294967295	@ 0xffffffff
100049b8:	f46f 1380 	mvn.w	r3, #1048576	@ 0x100000
100049bc:	f7ff f816 	bl	100039ec <__wrap___aeabi_dcmplt>
100049c0:	2800      	cmp	r0, #0
100049c2:	d17f      	bne.n	10004ac4 <_etoa+0x154>
100049c4:	4650      	mov	r0, sl
100049c6:	4659      	mov	r1, fp
100049c8:	2200      	movs	r2, #0
100049ca:	2300      	movs	r3, #0
100049cc:	f7ff f80e 	bl	100039ec <__wrap___aeabi_dcmplt>
100049d0:	2800      	cmp	r0, #0
100049d2:	f040 8194 	bne.w	10004cfe <_etoa+0x38e>
100049d6:	e9cd ab06 	strd	sl, fp, [sp, #24]
100049da:	e9dd 1206 	ldrd	r1, r2, [sp, #24]
100049de:	f417 6080 	ands.w	r0, r7, #1024	@ 0x400
100049e2:	460b      	mov	r3, r1
100049e4:	460c      	mov	r4, r1
100049e6:	f407 6100 	and.w	r1, r7, #2048	@ 0x800
100049ea:	920c      	str	r2, [sp, #48]	@ 0x30
100049ec:	9112      	str	r1, [sp, #72]	@ 0x48
100049ee:	9013      	str	r0, [sp, #76]	@ 0x4c
100049f0:	d177      	bne.n	10004ae2 <_etoa+0x172>
100049f2:	4313      	orrs	r3, r2
100049f4:	f040 809e 	bne.w	10004b34 <_etoa+0x1c4>
100049f8:	2900      	cmp	r1, #0
100049fa:	f040 8199 	bne.w	10004d30 <_etoa+0x3c0>
100049fe:	2306      	movs	r3, #6
10004a00:	9309      	str	r3, [sp, #36]	@ 0x24
10004a02:	f017 0202 	ands.w	r2, r7, #2
10004a06:	920c      	str	r2, [sp, #48]	@ 0x30
10004a08:	f040 8194 	bne.w	10004d34 <_etoa+0x3c4>
10004a0c:	4643      	mov	r3, r8
10004a0e:	2b04      	cmp	r3, #4
10004a10:	bf38      	it	cc
10004a12:	2304      	movcc	r3, #4
10004a14:	2104      	movs	r1, #4
10004a16:	4691      	mov	r9, r2
10004a18:	3b04      	subs	r3, #4
10004a1a:	910e      	str	r1, [sp, #56]	@ 0x38
10004a1c:	9312      	str	r3, [sp, #72]	@ 0x48
10004a1e:	4650      	mov	r0, sl
10004a20:	4659      	mov	r1, fp
10004a22:	2200      	movs	r2, #0
10004a24:	2300      	movs	r3, #0
10004a26:	f7fe ffe1 	bl	100039ec <__wrap___aeabi_dcmplt>
10004a2a:	2800      	cmp	r0, #0
10004a2c:	f040 81fc 	bne.w	10004e28 <_etoa+0x4b8>
10004a30:	ed9d 7b06 	vldr	d7, [sp, #24]
10004a34:	9b12      	ldr	r3, [sp, #72]	@ 0x48
10004a36:	9a0b      	ldr	r2, [sp, #44]	@ 0x2c
10004a38:	9303      	str	r3, [sp, #12]
10004a3a:	9b09      	ldr	r3, [sp, #36]	@ 0x24
10004a3c:	ed8d 7b00 	vstr	d7, [sp]
10004a40:	9302      	str	r3, [sp, #8]
10004a42:	f427 6300 	bic.w	r3, r7, #2048	@ 0x800
10004a46:	9304      	str	r3, [sp, #16]
10004a48:	4629      	mov	r1, r5
10004a4a:	4633      	mov	r3, r6
10004a4c:	980a      	ldr	r0, [sp, #40]	@ 0x28
10004a4e:	f000 fa3b 	bl	10004ec8 <_ftoa>
10004a52:	4602      	mov	r2, r0
10004a54:	f017 0f20 	tst.w	r7, #32
10004a58:	bf0c      	ite	eq
10004a5a:	2065      	moveq	r0, #101	@ 0x65
10004a5c:	2045      	movne	r0, #69	@ 0x45
10004a5e:	4633      	mov	r3, r6
10004a60:	4629      	mov	r1, r5
10004a62:	9c0a      	ldr	r4, [sp, #40]	@ 0x28
10004a64:	1c57      	adds	r7, r2, #1
10004a66:	47a0      	blx	r4
10004a68:	2305      	movs	r3, #5
10004a6a:	9305      	str	r3, [sp, #20]
10004a6c:	9b0e      	ldr	r3, [sp, #56]	@ 0x38
10004a6e:	2000      	movs	r0, #0
10004a70:	3b01      	subs	r3, #1
10004a72:	9304      	str	r3, [sp, #16]
10004a74:	230a      	movs	r3, #10
10004a76:	e9cd 3002 	strd	r3, r0, [sp, #8]
10004a7a:	ea89 73e9 	eor.w	r3, r9, r9, asr #31
10004a7e:	eba3 73e9 	sub.w	r3, r3, r9, asr #31
10004a82:	ea4f 71d9 	mov.w	r1, r9, lsr #31
10004a86:	e9cd 3100 	strd	r3, r1, [sp]
10004a8a:	463a      	mov	r2, r7
10004a8c:	4633      	mov	r3, r6
10004a8e:	4629      	mov	r1, r5
10004a90:	4620      	mov	r0, r4
10004a92:	f7ff fec3 	bl	1000481c <_ntoa_long>
10004a96:	9b0c      	ldr	r3, [sp, #48]	@ 0x30
10004a98:	4607      	mov	r7, r0
10004a9a:	b17b      	cbz	r3, 10004abc <_etoa+0x14c>
10004a9c:	9b0b      	ldr	r3, [sp, #44]	@ 0x2c
10004a9e:	eba0 0a03 	sub.w	sl, r0, r3
10004aa2:	45d0      	cmp	r8, sl
10004aa4:	d90a      	bls.n	10004abc <_etoa+0x14c>
10004aa6:	463a      	mov	r2, r7
10004aa8:	4633      	mov	r3, r6
10004aaa:	4629      	mov	r1, r5
10004aac:	2020      	movs	r0, #32
10004aae:	f10a 0a01 	add.w	sl, sl, #1
10004ab2:	47a0      	blx	r4
10004ab4:	45d0      	cmp	r8, sl
10004ab6:	f107 0701 	add.w	r7, r7, #1
10004aba:	d8f4      	bhi.n	10004aa6 <_etoa+0x136>
10004abc:	4638      	mov	r0, r7
10004abe:	b015      	add	sp, #84	@ 0x54
10004ac0:	e8bd 8ff0 	ldmia.w	sp!, {r4, r5, r6, r7, r8, r9, sl, fp, pc}
10004ac4:	4633      	mov	r3, r6
10004ac6:	e9dd 4009 	ldrd	r4, r0, [sp, #36]	@ 0x24
10004aca:	4629      	mov	r1, r5
10004acc:	e9cd ab1e 	strd	sl, fp, [sp, #120]	@ 0x78
10004ad0:	e9cd 8721 	strd	r8, r7, [sp, #132]	@ 0x84
10004ad4:	9a0b      	ldr	r2, [sp, #44]	@ 0x2c
10004ad6:	9420      	str	r4, [sp, #128]	@ 0x80
10004ad8:	b015      	add	sp, #84	@ 0x54
10004ada:	e8bd 4ff0 	ldmia.w	sp!, {r4, r5, r6, r7, r8, r9, sl, fp, lr}
10004ade:	f000 b9f3 	b.w	10004ec8 <_ftoa>
10004ae2:	9a0c      	ldr	r2, [sp, #48]	@ 0x30
10004ae4:	ea54 0302 	orrs.w	r3, r4, r2
10004ae8:	d126      	bne.n	10004b38 <_etoa+0x1c8>
10004aea:	9b12      	ldr	r3, [sp, #72]	@ 0x48
10004aec:	2b00      	cmp	r3, #0
10004aee:	d088      	beq.n	10004a02 <_etoa+0x92>
10004af0:	f04f 0900 	mov.w	r9, #0
10004af4:	9b09      	ldr	r3, [sp, #36]	@ 0x24
10004af6:	454b      	cmp	r3, r9
10004af8:	f300 81d2 	bgt.w	10004ea0 <_etoa+0x530>
10004afc:	2400      	movs	r4, #0
10004afe:	4650      	mov	r0, sl
10004b00:	4659      	mov	r1, fp
10004b02:	2200      	movs	r2, #0
10004b04:	2300      	movs	r3, #0
10004b06:	f7fe ff71 	bl	100039ec <__wrap___aeabi_dcmplt>
10004b0a:	2800      	cmp	r0, #0
10004b0c:	f040 80fd 	bne.w	10004d0a <_etoa+0x39a>
10004b10:	ed9d 7b06 	vldr	d7, [sp, #24]
10004b14:	f427 6300 	bic.w	r3, r7, #2048	@ 0x800
10004b18:	f443 6380 	orr.w	r3, r3, #1024	@ 0x400
10004b1c:	9322      	str	r3, [sp, #136]	@ 0x88
10004b1e:	ed8d 7b1e 	vstr	d7, [sp, #120]	@ 0x78
10004b22:	4633      	mov	r3, r6
10004b24:	4629      	mov	r1, r5
10004b26:	e9cd 4820 	strd	r4, r8, [sp, #128]	@ 0x80
10004b2a:	9a0b      	ldr	r2, [sp, #44]	@ 0x2c
10004b2c:	980a      	ldr	r0, [sp, #40]	@ 0x28
10004b2e:	e7d3      	b.n	10004ad8 <_etoa+0x168>
10004b30:	7fefffff 	.word	0x7fefffff
10004b34:	2306      	movs	r3, #6
10004b36:	9309      	str	r3, [sp, #36]	@ 0x24
10004b38:	9b0c      	ldr	r3, [sp, #48]	@ 0x30
10004b3a:	f3c3 500a 	ubfx	r0, r3, #20, #11
10004b3e:	f2a0 30ff 	subw	r0, r0, #1023	@ 0x3ff
10004b42:	f7fe fef9 	bl	10003938 <__wrap___aeabi_i2d>
10004b46:	a3b4      	add	r3, pc, #720	@ (adr r3, 10004e18 <_etoa+0x4a8>)
10004b48:	e9d3 2300 	ldrd	r2, r3, [r3]
10004b4c:	f7fe fe74 	bl	10003838 <__wrap___aeabi_dmul>
10004b50:	a3b3      	add	r3, pc, #716	@ (adr r3, 10004e20 <_etoa+0x4b0>)
10004b52:	e9d3 2300 	ldrd	r2, r3, [r3]
10004b56:	f7fe fe47 	bl	100037e8 <__wrap___aeabi_dadd>
10004b5a:	9b0c      	ldr	r3, [sp, #48]	@ 0x30
10004b5c:	e9cd 010e 	strd	r0, r1, [sp, #56]	@ 0x38
10004b60:	f3c3 0313 	ubfx	r3, r3, #0, #20
10004b64:	f043 517f 	orr.w	r1, r3, #1069547520	@ 0x3fc00000
10004b68:	4620      	mov	r0, r4
10004b6a:	2200      	movs	r2, #0
10004b6c:	4ba4      	ldr	r3, [pc, #656]	@ (10004e00 <_etoa+0x490>)
10004b6e:	f441 1140 	orr.w	r1, r1, #3145728	@ 0x300000
10004b72:	f7fe fe4d 	bl	10003810 <__wrap___aeabi_dsub>
10004b76:	a396      	add	r3, pc, #600	@ (adr r3, 10004dd0 <_etoa+0x460>)
10004b78:	e9d3 2300 	ldrd	r2, r3, [r3]
10004b7c:	f7fe fe5c 	bl	10003838 <__wrap___aeabi_dmul>
10004b80:	4602      	mov	r2, r0
10004b82:	460b      	mov	r3, r1
10004b84:	e9dd 010e 	ldrd	r0, r1, [sp, #56]	@ 0x38
10004b88:	f7fe fe2e 	bl	100037e8 <__wrap___aeabi_dadd>
10004b8c:	f7fe fef8 	bl	10003980 <__wrap___aeabi_d2iz>
10004b90:	4681      	mov	r9, r0
10004b92:	f7fe fed1 	bl	10003938 <__wrap___aeabi_i2d>
10004b96:	a390      	add	r3, pc, #576	@ (adr r3, 10004dd8 <_etoa+0x468>)
10004b98:	e9d3 2300 	ldrd	r2, r3, [r3]
10004b9c:	e9cd 010c 	strd	r0, r1, [sp, #48]	@ 0x30
10004ba0:	f7fe fe4a 	bl	10003838 <__wrap___aeabi_dmul>
10004ba4:	2200      	movs	r2, #0
10004ba6:	4b97      	ldr	r3, [pc, #604]	@ (10004e04 <_etoa+0x494>)
10004ba8:	f7fe fe1e 	bl	100037e8 <__wrap___aeabi_dadd>
10004bac:	f7fe fee8 	bl	10003980 <__wrap___aeabi_d2iz>
10004bb0:	a38b      	add	r3, pc, #556	@ (adr r3, 10004de0 <_etoa+0x470>)
10004bb2:	e9d3 2300 	ldrd	r2, r3, [r3]
10004bb6:	4604      	mov	r4, r0
10004bb8:	e9dd 010c 	ldrd	r0, r1, [sp, #48]	@ 0x30
10004bbc:	f7fe fe3c 	bl	10003838 <__wrap___aeabi_dmul>
10004bc0:	e9cd 010c 	strd	r0, r1, [sp, #48]	@ 0x30
10004bc4:	4620      	mov	r0, r4
10004bc6:	f7fe feb7 	bl	10003938 <__wrap___aeabi_i2d>
10004bca:	a387      	add	r3, pc, #540	@ (adr r3, 10004de8 <_etoa+0x478>)
10004bcc:	e9d3 2300 	ldrd	r2, r3, [r3]
10004bd0:	f7fe fe32 	bl	10003838 <__wrap___aeabi_dmul>
10004bd4:	4602      	mov	r2, r0
10004bd6:	460b      	mov	r3, r1
10004bd8:	e9dd 010c 	ldrd	r0, r1, [sp, #48]	@ 0x30
10004bdc:	f7fe fe18 	bl	10003810 <__wrap___aeabi_dsub>
10004be0:	4602      	mov	r2, r0
10004be2:	460b      	mov	r3, r1
10004be4:	e9cd 230c 	strd	r2, r3, [sp, #48]	@ 0x30
10004be8:	f7fe fe26 	bl	10003838 <__wrap___aeabi_dmul>
10004bec:	e9cd 010e 	strd	r0, r1, [sp, #56]	@ 0x38
10004bf0:	e9dd 010c 	ldrd	r0, r1, [sp, #48]	@ 0x30
10004bf4:	4602      	mov	r2, r0
10004bf6:	460b      	mov	r3, r1
10004bf8:	f7fe fdf6 	bl	100037e8 <__wrap___aeabi_dadd>
10004bfc:	2200      	movs	r2, #0
10004bfe:	e9cd 0110 	strd	r0, r1, [sp, #64]	@ 0x40
10004c02:	e9dd 010e 	ldrd	r0, r1, [sp, #56]	@ 0x38
10004c06:	4b80      	ldr	r3, [pc, #512]	@ (10004e08 <_etoa+0x498>)
10004c08:	f7fe fe3a 	bl	10003880 <__wrap___aeabi_ddiv>
10004c0c:	2200      	movs	r2, #0
10004c0e:	4b7f      	ldr	r3, [pc, #508]	@ (10004e0c <_etoa+0x49c>)
10004c10:	f7fe fdea 	bl	100037e8 <__wrap___aeabi_dadd>
10004c14:	4602      	mov	r2, r0
10004c16:	460b      	mov	r3, r1
10004c18:	e9dd 010e 	ldrd	r0, r1, [sp, #56]	@ 0x38
10004c1c:	f7fe fe30 	bl	10003880 <__wrap___aeabi_ddiv>
10004c20:	2200      	movs	r2, #0
10004c22:	4b7b      	ldr	r3, [pc, #492]	@ (10004e10 <_etoa+0x4a0>)
10004c24:	f7fe fde0 	bl	100037e8 <__wrap___aeabi_dadd>
10004c28:	4602      	mov	r2, r0
10004c2a:	460b      	mov	r3, r1
10004c2c:	e9dd 010e 	ldrd	r0, r1, [sp, #56]	@ 0x38
10004c30:	f7fe fe26 	bl	10003880 <__wrap___aeabi_ddiv>
10004c34:	e9cd 010e 	strd	r0, r1, [sp, #56]	@ 0x38
10004c38:	e9dd 230c 	ldrd	r2, r3, [sp, #48]	@ 0x30
10004c3c:	2000      	movs	r0, #0
10004c3e:	f04f 4180 	mov.w	r1, #1073741824	@ 0x40000000
10004c42:	f7fe fde5 	bl	10003810 <__wrap___aeabi_dsub>
10004c46:	4602      	mov	r2, r0
10004c48:	460b      	mov	r3, r1
10004c4a:	e9dd 010e 	ldrd	r0, r1, [sp, #56]	@ 0x38
10004c4e:	f7fe fdcb 	bl	100037e8 <__wrap___aeabi_dadd>
10004c52:	4602      	mov	r2, r0
10004c54:	460b      	mov	r3, r1
10004c56:	e9dd 0110 	ldrd	r0, r1, [sp, #64]	@ 0x40
10004c5a:	f7fe fe11 	bl	10003880 <__wrap___aeabi_ddiv>
10004c5e:	2200      	movs	r2, #0
10004c60:	4b6c      	ldr	r3, [pc, #432]	@ (10004e14 <_etoa+0x4a4>)
10004c62:	f7fe fdc1 	bl	100037e8 <__wrap___aeabi_dadd>
10004c66:	f204 3cff 	addw	ip, r4, #1023	@ 0x3ff
10004c6a:	2200      	movs	r2, #0
10004c6c:	ea4f 530c 	mov.w	r3, ip, lsl #20
10004c70:	f7fe fde2 	bl	10003838 <__wrap___aeabi_dmul>
10004c74:	4602      	mov	r2, r0
10004c76:	460b      	mov	r3, r1
10004c78:	e9cd 230c 	strd	r2, r3, [sp, #48]	@ 0x30
10004c7c:	e9dd 2306 	ldrd	r2, r3, [sp, #24]
10004c80:	f7fe fef0 	bl	10003a64 <__wrap___aeabi_dcmpgt>
10004c84:	b148      	cbz	r0, 10004c9a <_etoa+0x32a>
10004c86:	e9dd 010c 	ldrd	r0, r1, [sp, #48]	@ 0x30
10004c8a:	2200      	movs	r2, #0
10004c8c:	4b5f      	ldr	r3, [pc, #380]	@ (10004e0c <_etoa+0x49c>)
10004c8e:	f7fe fdf7 	bl	10003880 <__wrap___aeabi_ddiv>
10004c92:	e9cd 010c 	strd	r0, r1, [sp, #48]	@ 0x30
10004c96:	f109 39ff 	add.w	r9, r9, #4294967295	@ 0xffffffff
10004c9a:	e9dd 340c 	ldrd	r3, r4, [sp, #48]	@ 0x30
10004c9e:	e9cd 3410 	strd	r3, r4, [sp, #64]	@ 0x40
10004ca2:	f109 0363 	add.w	r3, r9, #99	@ 0x63
10004ca6:	2bc6      	cmp	r3, #198	@ 0xc6
10004ca8:	f007 0302 	and.w	r3, r7, #2
10004cac:	9a12      	ldr	r2, [sp, #72]	@ 0x48
10004cae:	930c      	str	r3, [sp, #48]	@ 0x30
10004cb0:	d810      	bhi.n	10004cd4 <_etoa+0x364>
10004cb2:	2a00      	cmp	r2, #0
10004cb4:	d175      	bne.n	10004da2 <_etoa+0x432>
10004cb6:	f1b8 0f04 	cmp.w	r8, #4
10004cba:	f240 8083 	bls.w	10004dc4 <_etoa+0x454>
10004cbe:	2b00      	cmp	r3, #0
10004cc0:	f000 80e4 	beq.w	10004e8c <_etoa+0x51c>
10004cc4:	2304      	movs	r3, #4
10004cc6:	930e      	str	r3, [sp, #56]	@ 0x38
10004cc8:	2302      	movs	r3, #2
10004cca:	930c      	str	r3, [sp, #48]	@ 0x30
10004ccc:	f1b9 0f00 	cmp.w	r9, #0
10004cd0:	d10c      	bne.n	10004cec <_etoa+0x37c>
10004cd2:	e6a4      	b.n	10004a1e <_etoa+0xae>
10004cd4:	2a00      	cmp	r2, #0
10004cd6:	d135      	bne.n	10004d44 <_etoa+0x3d4>
10004cd8:	f1b8 0f05 	cmp.w	r8, #5
10004cdc:	d904      	bls.n	10004ce8 <_etoa+0x378>
10004cde:	2b00      	cmp	r3, #0
10004ce0:	f000 80e2 	beq.w	10004ea8 <_etoa+0x538>
10004ce4:	2302      	movs	r3, #2
10004ce6:	930c      	str	r3, [sp, #48]	@ 0x30
10004ce8:	2305      	movs	r3, #5
10004cea:	930e      	str	r3, [sp, #56]	@ 0x38
10004cec:	e9dd 0106 	ldrd	r0, r1, [sp, #24]
10004cf0:	e9dd 2310 	ldrd	r2, r3, [sp, #64]	@ 0x40
10004cf4:	f7fe fdc4 	bl	10003880 <__wrap___aeabi_ddiv>
10004cf8:	e9cd 0106 	strd	r0, r1, [sp, #24]
10004cfc:	e68f      	b.n	10004a1e <_etoa+0xae>
10004cfe:	f10b 4300 	add.w	r3, fp, #2147483648	@ 0x80000000
10004d02:	f8cd a018 	str.w	sl, [sp, #24]
10004d06:	9307      	str	r3, [sp, #28]
10004d08:	e667      	b.n	100049da <_etoa+0x6a>
10004d0a:	f427 6300 	bic.w	r3, r7, #2048	@ 0x800
10004d0e:	f443 6380 	orr.w	r3, r3, #1024	@ 0x400
10004d12:	e9cd 4820 	strd	r4, r8, [sp, #128]	@ 0x80
10004d16:	9322      	str	r3, [sp, #136]	@ 0x88
10004d18:	4633      	mov	r3, r6
10004d1a:	e9dd 6706 	ldrd	r6, r7, [sp, #24]
10004d1e:	4634      	mov	r4, r6
10004d20:	4629      	mov	r1, r5
10004d22:	f107 4500 	add.w	r5, r7, #2147483648	@ 0x80000000
10004d26:	e9cd 451e 	strd	r4, r5, [sp, #120]	@ 0x78
10004d2a:	9a0b      	ldr	r2, [sp, #44]	@ 0x2c
10004d2c:	980a      	ldr	r0, [sp, #40]	@ 0x28
10004d2e:	e6d3      	b.n	10004ad8 <_etoa+0x168>
10004d30:	2405      	movs	r4, #5
10004d32:	e6e4      	b.n	10004afe <_etoa+0x18e>
10004d34:	2204      	movs	r2, #4
10004d36:	2300      	movs	r3, #0
10004d38:	920e      	str	r2, [sp, #56]	@ 0x38
10004d3a:	2202      	movs	r2, #2
10004d3c:	4699      	mov	r9, r3
10004d3e:	9312      	str	r3, [sp, #72]	@ 0x48
10004d40:	920c      	str	r2, [sp, #48]	@ 0x30
10004d42:	e66c      	b.n	10004a1e <_etoa+0xae>
10004d44:	2305      	movs	r3, #5
10004d46:	930e      	str	r3, [sp, #56]	@ 0x38
10004d48:	e9dd 1210 	ldrd	r1, r2, [sp, #64]	@ 0x40
10004d4c:	ea51 0302 	orrs.w	r3, r1, r2
10004d50:	f43f aed0 	beq.w	10004af4 <_etoa+0x184>
10004d54:	e9dd 0106 	ldrd	r0, r1, [sp, #24]
10004d58:	a325      	add	r3, pc, #148	@ (adr r3, 10004df0 <_etoa+0x480>)
10004d5a:	e9d3 2300 	ldrd	r2, r3, [r3]
10004d5e:	f7fe fe6d 	bl	10003a3c <__wrap___aeabi_dcmpge>
10004d62:	b148      	cbz	r0, 10004d78 <_etoa+0x408>
10004d64:	e9dd 0106 	ldrd	r0, r1, [sp, #24]
10004d68:	a323      	add	r3, pc, #140	@ (adr r3, 10004df8 <_etoa+0x488>)
10004d6a:	e9d3 2300 	ldrd	r2, r3, [r3]
10004d6e:	f7fe fe3d 	bl	100039ec <__wrap___aeabi_dcmplt>
10004d72:	2800      	cmp	r0, #0
10004d74:	f47f aebe 	bne.w	10004af4 <_etoa+0x184>
10004d78:	9b09      	ldr	r3, [sp, #36]	@ 0x24
10004d7a:	b1ab      	cbz	r3, 10004da8 <_etoa+0x438>
10004d7c:	9a13      	ldr	r2, [sp, #76]	@ 0x4c
10004d7e:	2a00      	cmp	r2, #0
10004d80:	d067      	beq.n	10004e52 <_etoa+0x4e2>
10004d82:	3b01      	subs	r3, #1
10004d84:	9309      	str	r3, [sp, #36]	@ 0x24
10004d86:	9b0e      	ldr	r3, [sp, #56]	@ 0x38
10004d88:	4598      	cmp	r8, r3
10004d8a:	d904      	bls.n	10004d96 <_etoa+0x426>
10004d8c:	9a0c      	ldr	r2, [sp, #48]	@ 0x30
10004d8e:	2a00      	cmp	r2, #0
10004d90:	d06d      	beq.n	10004e6e <_etoa+0x4fe>
10004d92:	2302      	movs	r3, #2
10004d94:	930c      	str	r3, [sp, #48]	@ 0x30
10004d96:	2300      	movs	r3, #0
10004d98:	9312      	str	r3, [sp, #72]	@ 0x48
10004d9a:	f1b9 0f00 	cmp.w	r9, #0
10004d9e:	d1a5      	bne.n	10004cec <_etoa+0x37c>
10004da0:	e63d      	b.n	10004a1e <_etoa+0xae>
10004da2:	2304      	movs	r3, #4
10004da4:	930e      	str	r3, [sp, #56]	@ 0x38
10004da6:	e7cf      	b.n	10004d48 <_etoa+0x3d8>
10004da8:	9b0e      	ldr	r3, [sp, #56]	@ 0x38
10004daa:	4598      	cmp	r8, r3
10004dac:	d967      	bls.n	10004e7e <_etoa+0x50e>
10004dae:	9a0c      	ldr	r2, [sp, #48]	@ 0x30
10004db0:	2a00      	cmp	r2, #0
10004db2:	d05c      	beq.n	10004e6e <_etoa+0x4fe>
10004db4:	9b09      	ldr	r3, [sp, #36]	@ 0x24
10004db6:	9312      	str	r3, [sp, #72]	@ 0x48
10004db8:	2302      	movs	r3, #2
10004dba:	930c      	str	r3, [sp, #48]	@ 0x30
10004dbc:	f1b9 0f00 	cmp.w	r9, #0
10004dc0:	d194      	bne.n	10004cec <_etoa+0x37c>
10004dc2:	e62c      	b.n	10004a1e <_etoa+0xae>
10004dc4:	2304      	movs	r3, #4
10004dc6:	930e      	str	r3, [sp, #56]	@ 0x38
10004dc8:	f1b9 0f00 	cmp.w	r9, #0
10004dcc:	d18e      	bne.n	10004cec <_etoa+0x37c>
10004dce:	e626      	b.n	10004a1e <_etoa+0xae>
10004dd0:	636f4361 	.word	0x636f4361
10004dd4:	3fd287a7 	.word	0x3fd287a7
10004dd8:	0979a371 	.word	0x0979a371
10004ddc:	400a934f 	.word	0x400a934f
10004de0:	bbb55516 	.word	0xbbb55516
10004de4:	40026bb1 	.word	0x40026bb1
10004de8:	fefa39ef 	.word	0xfefa39ef
10004dec:	3fe62e42 	.word	0x3fe62e42
10004df0:	eb1c432d 	.word	0xeb1c432d
10004df4:	3f1a36e2 	.word	0x3f1a36e2
10004df8:	00000000 	.word	0x00000000
10004dfc:	412e8480 	.word	0x412e8480
10004e00:	3ff80000 	.word	0x3ff80000
10004e04:	3fe00000 	.word	0x3fe00000
10004e08:	402c0000 	.word	0x402c0000
10004e0c:	40240000 	.word	0x40240000
10004e10:	40180000 	.word	0x40180000
10004e14:	3ff00000 	.word	0x3ff00000
10004e18:	509f79fb 	.word	0x509f79fb
10004e1c:	3fd34413 	.word	0x3fd34413
10004e20:	8b60c8b3 	.word	0x8b60c8b3
10004e24:	3fc68a28 	.word	0x3fc68a28
10004e28:	9b12      	ldr	r3, [sp, #72]	@ 0x48
10004e2a:	e9dd a406 	ldrd	sl, r4, [sp, #24]
10004e2e:	9303      	str	r3, [sp, #12]
10004e30:	9b09      	ldr	r3, [sp, #36]	@ 0x24
10004e32:	f104 4b00 	add.w	fp, r4, #2147483648	@ 0x80000000
10004e36:	9302      	str	r3, [sp, #8]
10004e38:	f427 6300 	bic.w	r3, r7, #2048	@ 0x800
10004e3c:	9a0b      	ldr	r2, [sp, #44]	@ 0x2c
10004e3e:	9304      	str	r3, [sp, #16]
10004e40:	4629      	mov	r1, r5
10004e42:	4633      	mov	r3, r6
10004e44:	e9cd ab00 	strd	sl, fp, [sp]
10004e48:	980a      	ldr	r0, [sp, #40]	@ 0x28
10004e4a:	f000 f83d 	bl	10004ec8 <_ftoa>
10004e4e:	4602      	mov	r2, r0
10004e50:	e600      	b.n	10004a54 <_etoa+0xe4>
10004e52:	9b0e      	ldr	r3, [sp, #56]	@ 0x38
10004e54:	4598      	cmp	r8, r3
10004e56:	d92d      	bls.n	10004eb4 <_etoa+0x544>
10004e58:	9a0c      	ldr	r2, [sp, #48]	@ 0x30
10004e5a:	b142      	cbz	r2, 10004e6e <_etoa+0x4fe>
10004e5c:	9b13      	ldr	r3, [sp, #76]	@ 0x4c
10004e5e:	9312      	str	r3, [sp, #72]	@ 0x48
10004e60:	2302      	movs	r3, #2
10004e62:	930c      	str	r3, [sp, #48]	@ 0x30
10004e64:	f1b9 0f00 	cmp.w	r9, #0
10004e68:	f47f af40 	bne.w	10004cec <_etoa+0x37c>
10004e6c:	e5d7      	b.n	10004a1e <_etoa+0xae>
10004e6e:	eba8 0303 	sub.w	r3, r8, r3
10004e72:	9312      	str	r3, [sp, #72]	@ 0x48
10004e74:	f1b9 0f00 	cmp.w	r9, #0
10004e78:	f47f af38 	bne.w	10004cec <_etoa+0x37c>
10004e7c:	e5cf      	b.n	10004a1e <_etoa+0xae>
10004e7e:	9b09      	ldr	r3, [sp, #36]	@ 0x24
10004e80:	9312      	str	r3, [sp, #72]	@ 0x48
10004e82:	f1b9 0f00 	cmp.w	r9, #0
10004e86:	f47f af31 	bne.w	10004cec <_etoa+0x37c>
10004e8a:	e5c8      	b.n	10004a1e <_etoa+0xae>
10004e8c:	2304      	movs	r3, #4
10004e8e:	930e      	str	r3, [sp, #56]	@ 0x38
10004e90:	f1a8 0304 	sub.w	r3, r8, #4
10004e94:	9312      	str	r3, [sp, #72]	@ 0x48
10004e96:	f1b9 0f00 	cmp.w	r9, #0
10004e9a:	f47f af27 	bne.w	10004cec <_etoa+0x37c>
10004e9e:	e5be      	b.n	10004a1e <_etoa+0xae>
10004ea0:	eba3 0309 	sub.w	r3, r3, r9
10004ea4:	1e5c      	subs	r4, r3, #1
10004ea6:	e62a      	b.n	10004afe <_etoa+0x18e>
10004ea8:	2305      	movs	r3, #5
10004eaa:	930e      	str	r3, [sp, #56]	@ 0x38
10004eac:	f1a8 0305 	sub.w	r3, r8, #5
10004eb0:	9312      	str	r3, [sp, #72]	@ 0x48
10004eb2:	e71b      	b.n	10004cec <_etoa+0x37c>
10004eb4:	9b13      	ldr	r3, [sp, #76]	@ 0x4c
10004eb6:	9312      	str	r3, [sp, #72]	@ 0x48
10004eb8:	f1b9 0f00 	cmp.w	r9, #0
10004ebc:	f47f af16 	bne.w	10004cec <_etoa+0x37c>
10004ec0:	e5ad      	b.n	10004a1e <_etoa+0xae>
10004ec2:	bf00      	nop
10004ec4:	0000      	movs	r0, r0
	...

10004ec8 <_ftoa>:
10004ec8:	e92d 4ff0 	stmdb	sp!, {r4, r5, r6, r7, r8, r9, sl, fp, lr}
10004ecc:	b097      	sub	sp, #92	@ 0x5c
10004ece:	e9dd 8920 	ldrd	r8, r9, [sp, #128]	@ 0x80
10004ed2:	e9cd 0105 	strd	r0, r1, [sp, #20]
10004ed6:	e9dd 5b22 	ldrd	r5, fp, [sp, #136]	@ 0x88
10004eda:	9207      	str	r2, [sp, #28]
10004edc:	930c      	str	r3, [sp, #48]	@ 0x30
10004ede:	4642      	mov	r2, r8
10004ee0:	464b      	mov	r3, r9
10004ee2:	4640      	mov	r0, r8
10004ee4:	4649      	mov	r1, r9
10004ee6:	f8dd a090 	ldr.w	sl, [sp, #144]	@ 0x90
10004eea:	f7fe fd6d 	bl	100039c8 <__wrap___aeabi_dcmpun>
10004eee:	2800      	cmp	r0, #0
10004ef0:	f040 81a7 	bne.w	10005242 <_ftoa+0x37a>
10004ef4:	4640      	mov	r0, r8
10004ef6:	4649      	mov	r1, r9
10004ef8:	f04f 32ff 	mov.w	r2, #4294967295	@ 0xffffffff
10004efc:	f46f 1380 	mvn.w	r3, #1048576	@ 0x100000
10004f00:	f7fe fd74 	bl	100039ec <__wrap___aeabi_dcmplt>
10004f04:	2800      	cmp	r0, #0
10004f06:	f040 80c0 	bne.w	1000508a <_ftoa+0x1c2>
10004f0a:	4640      	mov	r0, r8
10004f0c:	4649      	mov	r1, r9
10004f0e:	f04f 32ff 	mov.w	r2, #4294967295	@ 0xffffffff
10004f12:	4bb1      	ldr	r3, [pc, #708]	@ (100051d8 <_ftoa+0x310>)
10004f14:	f7fe fda6 	bl	10003a64 <__wrap___aeabi_dcmpgt>
10004f18:	2800      	cmp	r0, #0
10004f1a:	f040 8096 	bne.w	1000504a <_ftoa+0x182>
10004f1e:	a3aa      	add	r3, pc, #680	@ (adr r3, 100051c8 <_ftoa+0x300>)
10004f20:	e9d3 2300 	ldrd	r2, r3, [r3]
10004f24:	4640      	mov	r0, r8
10004f26:	4649      	mov	r1, r9
10004f28:	f7fe fd9c 	bl	10003a64 <__wrap___aeabi_dcmpgt>
10004f2c:	2800      	cmp	r0, #0
10004f2e:	d17e      	bne.n	1000502e <_ftoa+0x166>
10004f30:	a3a7      	add	r3, pc, #668	@ (adr r3, 100051d0 <_ftoa+0x308>)
10004f32:	e9d3 2300 	ldrd	r2, r3, [r3]
10004f36:	4640      	mov	r0, r8
10004f38:	4649      	mov	r1, r9
10004f3a:	f7fe fd57 	bl	100039ec <__wrap___aeabi_dcmplt>
10004f3e:	2800      	cmp	r0, #0
10004f40:	d175      	bne.n	1000502e <_ftoa+0x166>
10004f42:	4640      	mov	r0, r8
10004f44:	4649      	mov	r1, r9
10004f46:	2200      	movs	r2, #0
10004f48:	2300      	movs	r3, #0
10004f4a:	f7fe fd4f 	bl	100039ec <__wrap___aeabi_dcmplt>
10004f4e:	2800      	cmp	r0, #0
10004f50:	f040 8090 	bne.w	10005074 <_ftoa+0x1ac>
10004f54:	900d      	str	r0, [sp, #52]	@ 0x34
10004f56:	f41a 6f80 	tst.w	sl, #1024	@ 0x400
10004f5a:	bf08      	it	eq
10004f5c:	2506      	moveq	r5, #6
10004f5e:	2130      	movs	r1, #48	@ 0x30
10004f60:	462b      	mov	r3, r5
10004f62:	aa0e      	add	r2, sp, #56	@ 0x38
10004f64:	f1a5 0620 	sub.w	r6, r5, #32
10004f68:	e005      	b.n	10004f76 <_ftoa+0xae>
10004f6a:	3b01      	subs	r3, #1
10004f6c:	42b3      	cmp	r3, r6
10004f6e:	f802 1b01 	strb.w	r1, [r2], #1
10004f72:	f000 8126 	beq.w	100051c2 <_ftoa+0x2fa>
10004f76:	2b09      	cmp	r3, #9
10004f78:	d8f7      	bhi.n	10004f6a <_ftoa+0xa2>
10004f7a:	461e      	mov	r6, r3
10004f7c:	1aed      	subs	r5, r5, r3
10004f7e:	4649      	mov	r1, r9
10004f80:	4640      	mov	r0, r8
10004f82:	f7fe fcfd 	bl	10003980 <__wrap___aeabi_d2iz>
10004f86:	4b95      	ldr	r3, [pc, #596]	@ (100051dc <_ftoa+0x314>)
10004f88:	4604      	mov	r4, r0
10004f8a:	eb03 03c6 	add.w	r3, r3, r6, lsl #3
10004f8e:	ed93 7b00 	vldr	d7, [r3]
10004f92:	ed8d 7b08 	vstr	d7, [sp, #32]
10004f96:	f7fe fccf 	bl	10003938 <__wrap___aeabi_i2d>
10004f9a:	4602      	mov	r2, r0
10004f9c:	460b      	mov	r3, r1
10004f9e:	4640      	mov	r0, r8
10004fa0:	4649      	mov	r1, r9
10004fa2:	f7fe fc35 	bl	10003810 <__wrap___aeabi_dsub>
10004fa6:	e9dd 2308 	ldrd	r2, r3, [sp, #32]
10004faa:	f7fe fc45 	bl	10003838 <__wrap___aeabi_dmul>
10004fae:	e9cd 010a 	strd	r0, r1, [sp, #40]	@ 0x28
10004fb2:	f7fe fcf7 	bl	100039a4 <__wrap___aeabi_d2uiz>
10004fb6:	4607      	mov	r7, r0
10004fb8:	f7fe fcd0 	bl	1000395c <__wrap___aeabi_ui2d>
10004fbc:	4602      	mov	r2, r0
10004fbe:	460b      	mov	r3, r1
10004fc0:	e9dd 010a 	ldrd	r0, r1, [sp, #40]	@ 0x28
10004fc4:	f7fe fc24 	bl	10003810 <__wrap___aeabi_dsub>
10004fc8:	2200      	movs	r2, #0
10004fca:	4b85      	ldr	r3, [pc, #532]	@ (100051e0 <_ftoa+0x318>)
10004fcc:	e9cd 010a 	strd	r0, r1, [sp, #40]	@ 0x28
10004fd0:	f7fe fd48 	bl	10003a64 <__wrap___aeabi_dcmpgt>
10004fd4:	2800      	cmp	r0, #0
10004fd6:	d069      	beq.n	100050ac <_ftoa+0x1e4>
10004fd8:	3701      	adds	r7, #1
10004fda:	4638      	mov	r0, r7
10004fdc:	f7fe fcbe 	bl	1000395c <__wrap___aeabi_ui2d>
10004fe0:	4602      	mov	r2, r0
10004fe2:	460b      	mov	r3, r1
10004fe4:	e9dd 0108 	ldrd	r0, r1, [sp, #32]
10004fe8:	f7fe fd14 	bl	10003a14 <__wrap___aeabi_dcmple>
10004fec:	b108      	cbz	r0, 10004ff2 <_ftoa+0x12a>
10004fee:	2700      	movs	r7, #0
10004ff0:	3401      	adds	r4, #1
10004ff2:	2e00      	cmp	r6, #0
10004ff4:	d068      	beq.n	100050c8 <_ftoa+0x200>
10004ff6:	f10d 0337 	add.w	r3, sp, #55	@ 0x37
10004ffa:	f8df c1f8 	ldr.w	ip, [pc, #504]	@ 100051f4 <_ftoa+0x32c>
10004ffe:	1958      	adds	r0, r3, r5
10005000:	e00d      	b.n	1000501e <_ftoa+0x156>
10005002:	fbac 2107 	umull	r2, r1, ip, r7
10005006:	08c9      	lsrs	r1, r1, #3
10005008:	eb01 0281 	add.w	r2, r1, r1, lsl #2
1000500c:	eba7 0242 	sub.w	r2, r7, r2, lsl #1
10005010:	3230      	adds	r2, #48	@ 0x30
10005012:	2f09      	cmp	r7, #9
10005014:	f800 2f01 	strb.w	r2, [r0, #1]!
10005018:	f240 80be 	bls.w	10005198 <_ftoa+0x2d0>
1000501c:	460f      	mov	r7, r1
1000501e:	2d20      	cmp	r5, #32
10005020:	f106 36ff 	add.w	r6, r6, #4294967295	@ 0xffffffff
10005024:	f105 0501 	add.w	r5, r5, #1
10005028:	d1eb      	bne.n	10005002 <_ftoa+0x13a>
1000502a:	2520      	movs	r5, #32
1000502c:	e067      	b.n	100050fe <_ftoa+0x236>
1000502e:	9b0c      	ldr	r3, [sp, #48]	@ 0x30
10005030:	9805      	ldr	r0, [sp, #20]
10005032:	e9cd 8920 	strd	r8, r9, [sp, #128]	@ 0x80
10005036:	e9dd 1206 	ldrd	r1, r2, [sp, #24]
1000503a:	e9cd ba23 	strd	fp, sl, [sp, #140]	@ 0x8c
1000503e:	9522      	str	r5, [sp, #136]	@ 0x88
10005040:	b017      	add	sp, #92	@ 0x5c
10005042:	e8bd 4ff0 	ldmia.w	sp!, {r4, r5, r6, r7, r8, r9, sl, fp, lr}
10005046:	f7ff bc93 	b.w	10004970 <_etoa>
1000504a:	f01a 0f04 	tst.w	sl, #4
1000504e:	bf18      	it	ne
10005050:	2304      	movne	r3, #4
10005052:	e9dd 1206 	ldrd	r1, r2, [sp, #24]
10005056:	bf0a      	itet	eq
10005058:	2303      	moveq	r3, #3
1000505a:	4c62      	ldrne	r4, [pc, #392]	@ (100051e4 <_ftoa+0x31c>)
1000505c:	4c62      	ldreq	r4, [pc, #392]	@ (100051e8 <_ftoa+0x320>)
1000505e:	9321      	str	r3, [sp, #132]	@ 0x84
10005060:	9805      	ldr	r0, [sp, #20]
10005062:	9b0c      	ldr	r3, [sp, #48]	@ 0x30
10005064:	e9cd ba22 	strd	fp, sl, [sp, #136]	@ 0x88
10005068:	9420      	str	r4, [sp, #128]	@ 0x80
1000506a:	b017      	add	sp, #92	@ 0x5c
1000506c:	e8bd 4ff0 	ldmia.w	sp!, {r4, r5, r6, r7, r8, r9, sl, fp, lr}
10005070:	f7ff ba92 	b.w	10004598 <_out_rev>
10005074:	464b      	mov	r3, r9
10005076:	4642      	mov	r2, r8
10005078:	2000      	movs	r0, #0
1000507a:	2100      	movs	r1, #0
1000507c:	f7fe fbc8 	bl	10003810 <__wrap___aeabi_dsub>
10005080:	2301      	movs	r3, #1
10005082:	4680      	mov	r8, r0
10005084:	4689      	mov	r9, r1
10005086:	930d      	str	r3, [sp, #52]	@ 0x34
10005088:	e765      	b.n	10004f56 <_ftoa+0x8e>
1000508a:	2404      	movs	r4, #4
1000508c:	e9dd 1206 	ldrd	r1, r2, [sp, #24]
10005090:	9b0c      	ldr	r3, [sp, #48]	@ 0x30
10005092:	9805      	ldr	r0, [sp, #20]
10005094:	4d55      	ldr	r5, [pc, #340]	@ (100051ec <_ftoa+0x324>)
10005096:	f8cd a08c 	str.w	sl, [sp, #140]	@ 0x8c
1000509a:	f8cd b088 	str.w	fp, [sp, #136]	@ 0x88
1000509e:	e9cd 5420 	strd	r5, r4, [sp, #128]	@ 0x80
100050a2:	b017      	add	sp, #92	@ 0x5c
100050a4:	e8bd 4ff0 	ldmia.w	sp!, {r4, r5, r6, r7, r8, r9, sl, fp, lr}
100050a8:	f7ff ba76 	b.w	10004598 <_out_rev>
100050ac:	2200      	movs	r2, #0
100050ae:	e9dd 010a 	ldrd	r0, r1, [sp, #40]	@ 0x28
100050b2:	4b4b      	ldr	r3, [pc, #300]	@ (100051e0 <_ftoa+0x318>)
100050b4:	f7fe fc9a 	bl	100039ec <__wrap___aeabi_dcmplt>
100050b8:	2800      	cmp	r0, #0
100050ba:	d19a      	bne.n	10004ff2 <_ftoa+0x12a>
100050bc:	2f00      	cmp	r7, #0
100050be:	f040 80bc 	bne.w	1000523a <_ftoa+0x372>
100050c2:	3701      	adds	r7, #1
100050c4:	2e00      	cmp	r6, #0
100050c6:	d196      	bne.n	10004ff6 <_ftoa+0x12e>
100050c8:	4620      	mov	r0, r4
100050ca:	f7fe fc35 	bl	10003938 <__wrap___aeabi_i2d>
100050ce:	4602      	mov	r2, r0
100050d0:	460b      	mov	r3, r1
100050d2:	4640      	mov	r0, r8
100050d4:	4649      	mov	r1, r9
100050d6:	f7fe fb9b 	bl	10003810 <__wrap___aeabi_dsub>
100050da:	2200      	movs	r2, #0
100050dc:	4b40      	ldr	r3, [pc, #256]	@ (100051e0 <_ftoa+0x318>)
100050de:	4606      	mov	r6, r0
100050e0:	460f      	mov	r7, r1
100050e2:	f7fe fc83 	bl	100039ec <__wrap___aeabi_dcmplt>
100050e6:	b940      	cbnz	r0, 100050fa <_ftoa+0x232>
100050e8:	4630      	mov	r0, r6
100050ea:	4639      	mov	r1, r7
100050ec:	2200      	movs	r2, #0
100050ee:	4b3c      	ldr	r3, [pc, #240]	@ (100051e0 <_ftoa+0x318>)
100050f0:	f7fe fcb8 	bl	10003a64 <__wrap___aeabi_dcmpgt>
100050f4:	2800      	cmp	r0, #0
100050f6:	f000 809c 	beq.w	10005232 <_ftoa+0x36a>
100050fa:	f10d 0337 	add.w	r3, sp, #55	@ 0x37
100050fe:	483c      	ldr	r0, [pc, #240]	@ (100051f0 <_ftoa+0x328>)
10005100:	1959      	adds	r1, r3, r5
10005102:	e00e      	b.n	10005122 <_ftoa+0x25a>
10005104:	fb80 7604 	smull	r7, r6, r0, r4
10005108:	ebc2 02a6 	rsb	r2, r2, r6, asr #2
1000510c:	eb02 0682 	add.w	r6, r2, r2, lsl #2
10005110:	eba4 0446 	sub.w	r4, r4, r6, lsl #1
10005114:	f104 0630 	add.w	r6, r4, #48	@ 0x30
10005118:	3501      	adds	r5, #1
1000511a:	4614      	mov	r4, r2
1000511c:	f801 6f01 	strb.w	r6, [r1, #1]!
10005120:	b352      	cbz	r2, 10005178 <_ftoa+0x2b0>
10005122:	2d20      	cmp	r5, #32
10005124:	ea4f 72e4 	mov.w	r2, r4, asr #31
10005128:	d1ec      	bne.n	10005104 <_ftoa+0x23c>
1000512a:	f00a 0203 	and.w	r2, sl, #3
1000512e:	2a01      	cmp	r2, #1
10005130:	d114      	bne.n	1000515c <_ftoa+0x294>
10005132:	f1bb 0f00 	cmp.w	fp, #0
10005136:	d011      	beq.n	1000515c <_ftoa+0x294>
10005138:	9a0d      	ldr	r2, [sp, #52]	@ 0x34
1000513a:	2a00      	cmp	r2, #0
1000513c:	d05c      	beq.n	100051f8 <_ftoa+0x330>
1000513e:	f10b 3bff 	add.w	fp, fp, #4294967295	@ 0xffffffff
10005142:	f1bb 0f20 	cmp.w	fp, #32
10005146:	d909      	bls.n	1000515c <_ftoa+0x294>
10005148:	2230      	movs	r2, #48	@ 0x30
1000514a:	442b      	add	r3, r5
1000514c:	e004      	b.n	10005158 <_ftoa+0x290>
1000514e:	3501      	adds	r5, #1
10005150:	455d      	cmp	r5, fp
10005152:	f803 2f01 	strb.w	r2, [r3, #1]!
10005156:	d213      	bcs.n	10005180 <_ftoa+0x2b8>
10005158:	2d20      	cmp	r5, #32
1000515a:	d1f8      	bne.n	1000514e <_ftoa+0x286>
1000515c:	ac0e      	add	r4, sp, #56	@ 0x38
1000515e:	e9cd ba02 	strd	fp, sl, [sp, #8]
10005162:	e9dd 1206 	ldrd	r1, r2, [sp, #24]
10005166:	9b0c      	ldr	r3, [sp, #48]	@ 0x30
10005168:	9805      	ldr	r0, [sp, #20]
1000516a:	9501      	str	r5, [sp, #4]
1000516c:	9400      	str	r4, [sp, #0]
1000516e:	f7ff fa13 	bl	10004598 <_out_rev>
10005172:	b017      	add	sp, #92	@ 0x5c
10005174:	e8bd 8ff0 	ldmia.w	sp!, {r4, r5, r6, r7, r8, r9, sl, fp, pc}
10005178:	f00a 0203 	and.w	r2, sl, #3
1000517c:	2a01      	cmp	r2, #1
1000517e:	d06f      	beq.n	10005260 <_ftoa+0x398>
10005180:	2d20      	cmp	r5, #32
10005182:	d0eb      	beq.n	1000515c <_ftoa+0x294>
10005184:	9b0d      	ldr	r3, [sp, #52]	@ 0x34
10005186:	2b00      	cmp	r3, #0
10005188:	d03f      	beq.n	1000520a <_ftoa+0x342>
1000518a:	222d      	movs	r2, #45	@ 0x2d
1000518c:	eb0d 0305 	add.w	r3, sp, r5
10005190:	f883 2038 	strb.w	r2, [r3, #56]	@ 0x38
10005194:	3501      	adds	r5, #1
10005196:	e7e1      	b.n	1000515c <_ftoa+0x294>
10005198:	2d20      	cmp	r5, #32
1000519a:	f43f af46 	beq.w	1000502a <_ftoa+0x162>
1000519e:	2130      	movs	r1, #48	@ 0x30
100051a0:	442e      	add	r6, r5
100051a2:	195a      	adds	r2, r3, r5
100051a4:	e005      	b.n	100051b2 <_ftoa+0x2ea>
100051a6:	3501      	adds	r5, #1
100051a8:	2d20      	cmp	r5, #32
100051aa:	f802 1f01 	strb.w	r1, [r2, #1]!
100051ae:	f43f af3c 	beq.w	1000502a <_ftoa+0x162>
100051b2:	42b5      	cmp	r5, r6
100051b4:	d1f7      	bne.n	100051a6 <_ftoa+0x2de>
100051b6:	222e      	movs	r2, #46	@ 0x2e
100051b8:	446e      	add	r6, sp
100051ba:	3501      	adds	r5, #1
100051bc:	f886 2038 	strb.w	r2, [r6, #56]	@ 0x38
100051c0:	e79d      	b.n	100050fe <_ftoa+0x236>
100051c2:	2520      	movs	r5, #32
100051c4:	e6db      	b.n	10004f7e <_ftoa+0xb6>
100051c6:	bf00      	nop
100051c8:	00000000 	.word	0x00000000
100051cc:	41cdcd65 	.word	0x41cdcd65
100051d0:	00000000 	.word	0x00000000
100051d4:	c1cdcd65 	.word	0xc1cdcd65
100051d8:	7fefffff 	.word	0x7fefffff
100051dc:	10009540 	.word	0x10009540
100051e0:	3fe00000 	.word	0x3fe00000
100051e4:	10008f48 	.word	0x10008f48
100051e8:	10008f50 	.word	0x10008f50
100051ec:	10008f58 	.word	0x10008f58
100051f0:	66666667 	.word	0x66666667
100051f4:	cccccccd 	.word	0xcccccccd
100051f8:	f01a 0f0c 	tst.w	sl, #12
100051fc:	d02c      	beq.n	10005258 <_ftoa+0x390>
100051fe:	f10b 3bff 	add.w	fp, fp, #4294967295	@ 0xffffffff
10005202:	455d      	cmp	r5, fp
10005204:	d3a0      	bcc.n	10005148 <_ftoa+0x280>
10005206:	2d20      	cmp	r5, #32
10005208:	d0a8      	beq.n	1000515c <_ftoa+0x294>
1000520a:	f01a 0f04 	tst.w	sl, #4
1000520e:	d006      	beq.n	1000521e <_ftoa+0x356>
10005210:	222b      	movs	r2, #43	@ 0x2b
10005212:	eb0d 0305 	add.w	r3, sp, r5
10005216:	f883 2038 	strb.w	r2, [r3, #56]	@ 0x38
1000521a:	3501      	adds	r5, #1
1000521c:	e79e      	b.n	1000515c <_ftoa+0x294>
1000521e:	f01a 0f08 	tst.w	sl, #8
10005222:	d09b      	beq.n	1000515c <_ftoa+0x294>
10005224:	2220      	movs	r2, #32
10005226:	eb0d 0305 	add.w	r3, sp, r5
1000522a:	f883 2038 	strb.w	r2, [r3, #56]	@ 0x38
1000522e:	3501      	adds	r5, #1
10005230:	e794      	b.n	1000515c <_ftoa+0x294>
10005232:	3401      	adds	r4, #1
10005234:	f024 0401 	bic.w	r4, r4, #1
10005238:	e75f      	b.n	100050fa <_ftoa+0x232>
1000523a:	07fb      	lsls	r3, r7, #31
1000523c:	f57f aed9 	bpl.w	10004ff2 <_ftoa+0x12a>
10005240:	e73f      	b.n	100050c2 <_ftoa+0x1fa>
10005242:	2403      	movs	r4, #3
10005244:	e9dd 1206 	ldrd	r1, r2, [sp, #24]
10005248:	9b0c      	ldr	r3, [sp, #48]	@ 0x30
1000524a:	9805      	ldr	r0, [sp, #20]
1000524c:	4d0b      	ldr	r5, [pc, #44]	@ (1000527c <_ftoa+0x3b4>)
1000524e:	f8cd a08c 	str.w	sl, [sp, #140]	@ 0x8c
10005252:	f8cd b088 	str.w	fp, [sp, #136]	@ 0x88
10005256:	e722      	b.n	1000509e <_ftoa+0x1d6>
10005258:	455d      	cmp	r5, fp
1000525a:	f4ff af75 	bcc.w	10005148 <_ftoa+0x280>
1000525e:	e77d      	b.n	1000515c <_ftoa+0x294>
10005260:	f1bb 0f00 	cmp.w	fp, #0
10005264:	d08c      	beq.n	10005180 <_ftoa+0x2b8>
10005266:	9a0d      	ldr	r2, [sp, #52]	@ 0x34
10005268:	2a00      	cmp	r2, #0
1000526a:	d0c5      	beq.n	100051f8 <_ftoa+0x330>
1000526c:	f10b 3bff 	add.w	fp, fp, #4294967295	@ 0xffffffff
10005270:	455d      	cmp	r5, fp
10005272:	f4ff af69 	bcc.w	10005148 <_ftoa+0x280>
10005276:	2d20      	cmp	r5, #32
10005278:	d187      	bne.n	1000518a <_ftoa+0x2c2>
1000527a:	e76f      	b.n	1000515c <_ftoa+0x294>
1000527c:	10008f54 	.word	0x10008f54

10005280 <_out_char>:
10005280:	b900      	cbnz	r0, 10005284 <_out_char+0x4>
10005282:	4770      	bx	lr
10005284:	f000 bcfe 	b.w	10005c84 <__wrap_putchar>

10005288 <_out_fct>:
10005288:	b110      	cbz	r0, 10005290 <_out_fct+0x8>
1000528a:	e9d1 3100 	ldrd	r3, r1, [r1]
1000528e:	4718      	bx	r3
10005290:	4770      	bx	lr
10005292:	bf00      	nop
10005294:	0000      	movs	r0, r0
	...

10005298 <_vsnprintf>:
10005298:	e92d 4ff0 	stmdb	sp!, {r4, r5, r6, r7, r8, r9, sl, fp, lr}
1000529c:	4691      	mov	r9, r2
1000529e:	4cbd      	ldr	r4, [pc, #756]	@ (10005594 <_vsnprintf+0x2fc>)
100052a0:	4abd      	ldr	r2, [pc, #756]	@ (10005598 <_vsnprintf+0x300>)
100052a2:	f1b1 0b00 	subs.w	fp, r1, #0
100052a6:	b08f      	sub	sp, #60	@ 0x3c
100052a8:	bf18      	it	ne
100052aa:	4680      	movne	r8, r0
100052ac:	6014      	str	r4, [r2, #0]
100052ae:	7818      	ldrb	r0, [r3, #0]
100052b0:	4aba      	ldr	r2, [pc, #744]	@ (1000559c <_vsnprintf+0x304>)
100052b2:	f8dd a060 	ldr.w	sl, [sp, #96]	@ 0x60
100052b6:	bf08      	it	eq
100052b8:	4690      	moveq	r8, r2
100052ba:	2800      	cmp	r0, #0
100052bc:	f000 8271 	beq.w	100057a2 <_vsnprintf+0x50a>
100052c0:	461c      	mov	r4, r3
100052c2:	2500      	movs	r5, #0
100052c4:	e008      	b.n	100052d8 <_vsnprintf+0x40>
100052c6:	462a      	mov	r2, r5
100052c8:	464b      	mov	r3, r9
100052ca:	4659      	mov	r1, fp
100052cc:	47c0      	blx	r8
100052ce:	3501      	adds	r5, #1
100052d0:	7820      	ldrb	r0, [r4, #0]
100052d2:	2800      	cmp	r0, #0
100052d4:	f000 810a 	beq.w	100054ec <_vsnprintf+0x254>
100052d8:	2825      	cmp	r0, #37	@ 0x25
100052da:	f104 0401 	add.w	r4, r4, #1
100052de:	d1f2      	bne.n	100052c6 <_vsnprintf+0x2e>
100052e0:	2300      	movs	r3, #0
100052e2:	4622      	mov	r2, r4
100052e4:	f812 0b01 	ldrb.w	r0, [r2], #1
100052e8:	f1a0 0120 	sub.w	r1, r0, #32
100052ec:	2910      	cmp	r1, #16
100052ee:	d80a      	bhi.n	10005306 <_vsnprintf+0x6e>
100052f0:	e8df f001 	tbb	[pc, r1]
100052f4:	3b09093f 	.word	0x3b09093f
100052f8:	09090909 	.word	0x09090909
100052fc:	37090909 	.word	0x37090909
10005300:	09093309 	.word	0x09093309
10005304:	2f          	.byte	0x2f
10005305:	00          	.byte	0x00
10005306:	f1a0 0130 	sub.w	r1, r0, #48	@ 0x30
1000530a:	2909      	cmp	r1, #9
1000530c:	f240 80cc 	bls.w	100054a8 <_vsnprintf+0x210>
10005310:	282a      	cmp	r0, #42	@ 0x2a
10005312:	f000 8123 	beq.w	1000555c <_vsnprintf+0x2c4>
10005316:	2600      	movs	r6, #0
10005318:	282e      	cmp	r0, #46	@ 0x2e
1000531a:	f000 80d7 	beq.w	100054cc <_vsnprintf+0x234>
1000531e:	2100      	movs	r1, #0
10005320:	f1a0 0768 	sub.w	r7, r0, #104	@ 0x68
10005324:	2f12      	cmp	r7, #18
10005326:	d82c      	bhi.n	10005382 <_vsnprintf+0xea>
10005328:	e8df f017 	tbh	[pc, r7, lsl #1]
1000532c:	002b0176 	.word	0x002b0176
10005330:	002b0171 	.word	0x002b0171
10005334:	002b0168 	.word	0x002b0168
10005338:	002b002b 	.word	0x002b002b
1000533c:	002b002b 	.word	0x002b002b
10005340:	002b002b 	.word	0x002b002b
10005344:	002b0027 	.word	0x002b0027
10005348:	002b002b 	.word	0x002b002b
1000534c:	002b002b 	.word	0x002b002b
10005350:	0027      	.short	0x0027
10005352:	4614      	mov	r4, r2
10005354:	f043 0301 	orr.w	r3, r3, #1
10005358:	e7c3      	b.n	100052e2 <_vsnprintf+0x4a>
1000535a:	4614      	mov	r4, r2
1000535c:	f043 0302 	orr.w	r3, r3, #2
10005360:	e7bf      	b.n	100052e2 <_vsnprintf+0x4a>
10005362:	4614      	mov	r4, r2
10005364:	f043 0304 	orr.w	r3, r3, #4
10005368:	e7bb      	b.n	100052e2 <_vsnprintf+0x4a>
1000536a:	4614      	mov	r4, r2
1000536c:	f043 0310 	orr.w	r3, r3, #16
10005370:	e7b7      	b.n	100052e2 <_vsnprintf+0x4a>
10005372:	4614      	mov	r4, r2
10005374:	f043 0308 	orr.w	r3, r3, #8
10005378:	e7b3      	b.n	100052e2 <_vsnprintf+0x4a>
1000537a:	7860      	ldrb	r0, [r4, #1]
1000537c:	f443 7380 	orr.w	r3, r3, #256	@ 0x100
10005380:	3201      	adds	r2, #1
10005382:	2867      	cmp	r0, #103	@ 0x67
10005384:	4614      	mov	r4, r2
10005386:	f200 80bf 	bhi.w	10005508 <_vsnprintf+0x270>
1000538a:	2824      	cmp	r0, #36	@ 0x24
1000538c:	d99b      	bls.n	100052c6 <_vsnprintf+0x2e>
1000538e:	f1a0 0225 	sub.w	r2, r0, #37	@ 0x25
10005392:	2a42      	cmp	r2, #66	@ 0x42
10005394:	d897      	bhi.n	100052c6 <_vsnprintf+0x2e>
10005396:	a701      	add	r7, pc, #4	@ (adr r7, 1000539c <_vsnprintf+0x104>)
10005398:	f857 f022 	ldr.w	pc, [r7, r2, lsl #2]
1000539c:	1000568f 	.word	0x1000568f
100053a0:	100052c7 	.word	0x100052c7
100053a4:	100052c7 	.word	0x100052c7
100053a8:	100052c7 	.word	0x100052c7
100053ac:	100052c7 	.word	0x100052c7
100053b0:	100052c7 	.word	0x100052c7
100053b4:	100052c7 	.word	0x100052c7
100053b8:	100052c7 	.word	0x100052c7
100053bc:	100052c7 	.word	0x100052c7
100053c0:	100052c7 	.word	0x100052c7
100053c4:	100052c7 	.word	0x100052c7
100053c8:	100052c7 	.word	0x100052c7
100053cc:	100052c7 	.word	0x100052c7
100053d0:	100052c7 	.word	0x100052c7
100053d4:	100052c7 	.word	0x100052c7
100053d8:	100052c7 	.word	0x100052c7
100053dc:	100052c7 	.word	0x100052c7
100053e0:	100052c7 	.word	0x100052c7
100053e4:	100052c7 	.word	0x100052c7
100053e8:	100052c7 	.word	0x100052c7
100053ec:	100052c7 	.word	0x100052c7
100053f0:	100052c7 	.word	0x100052c7
100053f4:	100052c7 	.word	0x100052c7
100053f8:	100052c7 	.word	0x100052c7
100053fc:	100052c7 	.word	0x100052c7
10005400:	100052c7 	.word	0x100052c7
10005404:	100052c7 	.word	0x100052c7
10005408:	100052c7 	.word	0x100052c7
1000540c:	100052c7 	.word	0x100052c7
10005410:	100052c7 	.word	0x100052c7
10005414:	100052c7 	.word	0x100052c7
10005418:	100052c7 	.word	0x100052c7
1000541c:	10005629 	.word	0x10005629
10005420:	10005661 	.word	0x10005661
10005424:	10005629 	.word	0x10005629
10005428:	100052c7 	.word	0x100052c7
1000542c:	100052c7 	.word	0x100052c7
10005430:	100052c7 	.word	0x100052c7
10005434:	100052c7 	.word	0x100052c7
10005438:	100052c7 	.word	0x100052c7
1000543c:	100052c7 	.word	0x100052c7
10005440:	100052c7 	.word	0x100052c7
10005444:	100052c7 	.word	0x100052c7
10005448:	100052c7 	.word	0x100052c7
1000544c:	100052c7 	.word	0x100052c7
10005450:	100052c7 	.word	0x100052c7
10005454:	100052c7 	.word	0x100052c7
10005458:	100052c7 	.word	0x100052c7
1000545c:	100052c7 	.word	0x100052c7
10005460:	100052c7 	.word	0x100052c7
10005464:	100052c7 	.word	0x100052c7
10005468:	1000571d 	.word	0x1000571d
1000546c:	100052c7 	.word	0x100052c7
10005470:	100052c7 	.word	0x100052c7
10005474:	100052c7 	.word	0x100052c7
10005478:	100052c7 	.word	0x100052c7
1000547c:	100052c7 	.word	0x100052c7
10005480:	100052c7 	.word	0x100052c7
10005484:	100052c7 	.word	0x100052c7
10005488:	100052c7 	.word	0x100052c7
1000548c:	100052c7 	.word	0x100052c7
10005490:	1000571d 	.word	0x1000571d
10005494:	1000569d 	.word	0x1000569d
10005498:	1000571d 	.word	0x1000571d
1000549c:	10005629 	.word	0x10005629
100054a0:	10005661 	.word	0x10005661
100054a4:	10005629 	.word	0x10005629
100054a8:	2600      	movs	r6, #0
100054aa:	eb06 0686 	add.w	r6, r6, r6, lsl #2
100054ae:	eb00 0646 	add.w	r6, r0, r6, lsl #1
100054b2:	7810      	ldrb	r0, [r2, #0]
100054b4:	4614      	mov	r4, r2
100054b6:	f1a0 0130 	sub.w	r1, r0, #48	@ 0x30
100054ba:	2909      	cmp	r1, #9
100054bc:	f1a6 0630 	sub.w	r6, r6, #48	@ 0x30
100054c0:	f102 0201 	add.w	r2, r2, #1
100054c4:	d9f1      	bls.n	100054aa <_vsnprintf+0x212>
100054c6:	282e      	cmp	r0, #46	@ 0x2e
100054c8:	f47f af29 	bne.w	1000531e <_vsnprintf+0x86>
100054cc:	7860      	ldrb	r0, [r4, #1]
100054ce:	4617      	mov	r7, r2
100054d0:	f1a0 0130 	sub.w	r1, r0, #48	@ 0x30
100054d4:	2909      	cmp	r1, #9
100054d6:	f443 6380 	orr.w	r3, r3, #1024	@ 0x400
100054da:	f240 80fd 	bls.w	100056d8 <_vsnprintf+0x440>
100054de:	282a      	cmp	r0, #42	@ 0x2a
100054e0:	f000 8114 	beq.w	1000570c <_vsnprintf+0x474>
100054e4:	4614      	mov	r4, r2
100054e6:	2100      	movs	r1, #0
100054e8:	3201      	adds	r2, #1
100054ea:	e719      	b.n	10005320 <_vsnprintf+0x88>
100054ec:	462c      	mov	r4, r5
100054ee:	45a9      	cmp	r9, r5
100054f0:	d801      	bhi.n	100054f6 <_vsnprintf+0x25e>
100054f2:	f109 35ff 	add.w	r5, r9, #4294967295	@ 0xffffffff
100054f6:	464b      	mov	r3, r9
100054f8:	462a      	mov	r2, r5
100054fa:	4659      	mov	r1, fp
100054fc:	2000      	movs	r0, #0
100054fe:	47c0      	blx	r8
10005500:	4620      	mov	r0, r4
10005502:	b00f      	add	sp, #60	@ 0x3c
10005504:	e8bd 8ff0 	ldmia.w	sp!, {r4, r5, r6, r7, r8, r9, sl, fp, pc}
10005508:	f1a0 0269 	sub.w	r2, r0, #105	@ 0x69
1000550c:	b2d2      	uxtb	r2, r2
1000550e:	2a0f      	cmp	r2, #15
10005510:	f63f aed9 	bhi.w	100052c6 <_vsnprintf+0x2e>
10005514:	f04f 0c01 	mov.w	ip, #1
10005518:	f249 0741 	movw	r7, #36929	@ 0x9041
1000551c:	fa0c fc02 	lsl.w	ip, ip, r2
10005520:	ea1c 0c07 	ands.w	ip, ip, r7
10005524:	f040 80e7 	bne.w	100056f6 <_vsnprintf+0x45e>
10005528:	2a0a      	cmp	r2, #10
1000552a:	d022      	beq.n	10005572 <_vsnprintf+0x2da>
1000552c:	2a07      	cmp	r2, #7
1000552e:	f47f aeca 	bne.w	100052c6 <_vsnprintf+0x2e>
10005532:	f043 0321 	orr.w	r3, r3, #33	@ 0x21
10005536:	9305      	str	r3, [sp, #20]
10005538:	2308      	movs	r3, #8
1000553a:	9304      	str	r3, [sp, #16]
1000553c:	2310      	movs	r3, #16
1000553e:	9103      	str	r1, [sp, #12]
10005540:	f8cd c004 	str.w	ip, [sp, #4]
10005544:	9302      	str	r3, [sp, #8]
10005546:	f85a 3b04 	ldr.w	r3, [sl], #4
1000554a:	462a      	mov	r2, r5
1000554c:	9300      	str	r3, [sp, #0]
1000554e:	4659      	mov	r1, fp
10005550:	464b      	mov	r3, r9
10005552:	4640      	mov	r0, r8
10005554:	f7ff f962 	bl	1000481c <_ntoa_long>
10005558:	4605      	mov	r5, r0
1000555a:	e6b9      	b.n	100052d0 <_vsnprintf+0x38>
1000555c:	f85a 6b04 	ldr.w	r6, [sl], #4
10005560:	7860      	ldrb	r0, [r4, #1]
10005562:	2e00      	cmp	r6, #0
10005564:	4614      	mov	r4, r2
10005566:	bfbc      	itt	lt
10005568:	f043 0302 	orrlt.w	r3, r3, #2
1000556c:	4276      	neglt	r6, r6
1000556e:	3201      	adds	r2, #1
10005570:	e6d2      	b.n	10005318 <_vsnprintf+0x80>
10005572:	4652      	mov	r2, sl
10005574:	f852 eb04 	ldr.w	lr, [r2], #4
10005578:	2900      	cmp	r1, #0
1000557a:	f89e 0000 	ldrb.w	r0, [lr]
1000557e:	bf14      	ite	ne
10005580:	468a      	movne	sl, r1
10005582:	f04f 3aff 	moveq.w	sl, #4294967295	@ 0xffffffff
10005586:	920b      	str	r2, [sp, #44]	@ 0x2c
10005588:	2800      	cmp	r0, #0
1000558a:	f000 8203 	beq.w	10005994 <_vsnprintf+0x6fc>
1000558e:	4672      	mov	r2, lr
10005590:	44f2      	add	sl, lr
10005592:	e00a      	b.n	100055aa <_vsnprintf+0x312>
10005594:	10005299 	.word	0x10005299
10005598:	200131d0 	.word	0x200131d0
1000559c:	10004595 	.word	0x10004595
100055a0:	f812 7f01 	ldrb.w	r7, [r2, #1]!
100055a4:	2f00      	cmp	r7, #0
100055a6:	f000 80f3 	beq.w	10005790 <_vsnprintf+0x4f8>
100055aa:	4592      	cmp	sl, r2
100055ac:	d1f8      	bne.n	100055a0 <_vsnprintf+0x308>
100055ae:	ebaa 020e 	sub.w	r2, sl, lr
100055b2:	920a      	str	r2, [sp, #40]	@ 0x28
100055b4:	f413 6780 	ands.w	r7, r3, #1024	@ 0x400
100055b8:	d004      	beq.n	100055c4 <_vsnprintf+0x32c>
100055ba:	9a0a      	ldr	r2, [sp, #40]	@ 0x28
100055bc:	428a      	cmp	r2, r1
100055be:	bf28      	it	cs
100055c0:	460a      	movcs	r2, r1
100055c2:	920a      	str	r2, [sp, #40]	@ 0x28
100055c4:	f013 0302 	ands.w	r3, r3, #2
100055c8:	f000 810f 	beq.w	100057ea <_vsnprintf+0x552>
100055cc:	f04f 0c02 	mov.w	ip, #2
100055d0:	960c      	str	r6, [sp, #48]	@ 0x30
100055d2:	46f2      	mov	sl, lr
100055d4:	462a      	mov	r2, r5
100055d6:	460e      	mov	r6, r1
100055d8:	f8cd c034 	str.w	ip, [sp, #52]	@ 0x34
100055dc:	b11f      	cbz	r7, 100055e6 <_vsnprintf+0x34e>
100055de:	2e00      	cmp	r6, #0
100055e0:	f000 80c9 	beq.w	10005776 <_vsnprintf+0x4de>
100055e4:	3e01      	subs	r6, #1
100055e6:	464b      	mov	r3, r9
100055e8:	4659      	mov	r1, fp
100055ea:	47c0      	blx	r8
100055ec:	f81a 0f01 	ldrb.w	r0, [sl, #1]!
100055f0:	3501      	adds	r5, #1
100055f2:	2800      	cmp	r0, #0
100055f4:	f000 80bf 	beq.w	10005776 <_vsnprintf+0x4de>
100055f8:	462a      	mov	r2, r5
100055fa:	e7ef      	b.n	100055dc <_vsnprintf+0x344>
100055fc:	7860      	ldrb	r0, [r4, #1]
100055fe:	286c      	cmp	r0, #108	@ 0x6c
10005600:	f47f aebc 	bne.w	1000537c <_vsnprintf+0xe4>
10005604:	78a0      	ldrb	r0, [r4, #2]
10005606:	f443 7340 	orr.w	r3, r3, #768	@ 0x300
1000560a:	1ce2      	adds	r2, r4, #3
1000560c:	e6b9      	b.n	10005382 <_vsnprintf+0xea>
1000560e:	7860      	ldrb	r0, [r4, #1]
10005610:	f443 7300 	orr.w	r3, r3, #512	@ 0x200
10005614:	3201      	adds	r2, #1
10005616:	e6b4      	b.n	10005382 <_vsnprintf+0xea>
10005618:	7860      	ldrb	r0, [r4, #1]
1000561a:	2868      	cmp	r0, #104	@ 0x68
1000561c:	f000 80bc 	beq.w	10005798 <_vsnprintf+0x500>
10005620:	f043 0380 	orr.w	r3, r3, #128	@ 0x80
10005624:	3201      	adds	r2, #1
10005626:	e6ac      	b.n	10005382 <_vsnprintf+0xea>
10005628:	2867      	cmp	r0, #103	@ 0x67
1000562a:	f000 809f 	beq.w	1000576c <_vsnprintf+0x4d4>
1000562e:	2847      	cmp	r0, #71	@ 0x47
10005630:	f000 80a9 	beq.w	10005786 <_vsnprintf+0x4ee>
10005634:	2845      	cmp	r0, #69	@ 0x45
10005636:	f000 80a8 	beq.w	1000578a <_vsnprintf+0x4f2>
1000563a:	e9cd 6303 	strd	r6, r3, [sp, #12]
1000563e:	f10a 0a07 	add.w	sl, sl, #7
10005642:	9102      	str	r1, [sp, #8]
10005644:	f02a 0a07 	bic.w	sl, sl, #7
10005648:	462a      	mov	r2, r5
1000564a:	e8fa 6702 	ldrd	r6, r7, [sl], #8
1000564e:	464b      	mov	r3, r9
10005650:	4659      	mov	r1, fp
10005652:	4640      	mov	r0, r8
10005654:	e9cd 6700 	strd	r6, r7, [sp]
10005658:	f7ff f98a 	bl	10004970 <_etoa>
1000565c:	4605      	mov	r5, r0
1000565e:	e637      	b.n	100052d0 <_vsnprintf+0x38>
10005660:	2846      	cmp	r0, #70	@ 0x46
10005662:	bf08      	it	eq
10005664:	f043 0320 	orreq.w	r3, r3, #32
10005668:	e9cd 6303 	strd	r6, r3, [sp, #12]
1000566c:	f10a 0a07 	add.w	sl, sl, #7
10005670:	9102      	str	r1, [sp, #8]
10005672:	f02a 0a07 	bic.w	sl, sl, #7
10005676:	462a      	mov	r2, r5
10005678:	e8fa 6702 	ldrd	r6, r7, [sl], #8
1000567c:	464b      	mov	r3, r9
1000567e:	4659      	mov	r1, fp
10005680:	4640      	mov	r0, r8
10005682:	e9cd 6700 	strd	r6, r7, [sp]
10005686:	f7ff fc1f 	bl	10004ec8 <_ftoa>
1000568a:	4605      	mov	r5, r0
1000568c:	e620      	b.n	100052d0 <_vsnprintf+0x38>
1000568e:	462a      	mov	r2, r5
10005690:	464b      	mov	r3, r9
10005692:	4659      	mov	r1, fp
10005694:	2025      	movs	r0, #37	@ 0x25
10005696:	47c0      	blx	r8
10005698:	3501      	adds	r5, #1
1000569a:	e619      	b.n	100052d0 <_vsnprintf+0x38>
1000569c:	f10a 0204 	add.w	r2, sl, #4
100056a0:	079b      	lsls	r3, r3, #30
100056a2:	f105 0701 	add.w	r7, r5, #1
100056a6:	920a      	str	r2, [sp, #40]	@ 0x28
100056a8:	f140 8082 	bpl.w	100057b0 <_vsnprintf+0x518>
100056ac:	462a      	mov	r2, r5
100056ae:	464b      	mov	r3, r9
100056b0:	4659      	mov	r1, fp
100056b2:	f89a 0000 	ldrb.w	r0, [sl]
100056b6:	47c0      	blx	r8
100056b8:	2e01      	cmp	r6, #1
100056ba:	bf88      	it	hi
100056bc:	19ad      	addhi	r5, r5, r6
100056be:	f240 8128 	bls.w	10005912 <_vsnprintf+0x67a>
100056c2:	463a      	mov	r2, r7
100056c4:	464b      	mov	r3, r9
100056c6:	4659      	mov	r1, fp
100056c8:	2020      	movs	r0, #32
100056ca:	3701      	adds	r7, #1
100056cc:	47c0      	blx	r8
100056ce:	42bd      	cmp	r5, r7
100056d0:	d1f7      	bne.n	100056c2 <_vsnprintf+0x42a>
100056d2:	f8dd a028 	ldr.w	sl, [sp, #40]	@ 0x28
100056d6:	e5fb      	b.n	100052d0 <_vsnprintf+0x38>
100056d8:	2100      	movs	r1, #0
100056da:	eb01 0181 	add.w	r1, r1, r1, lsl #2
100056de:	eb00 0141 	add.w	r1, r0, r1, lsl #1
100056e2:	f817 0f01 	ldrb.w	r0, [r7, #1]!
100056e6:	3930      	subs	r1, #48	@ 0x30
100056e8:	f1a0 0230 	sub.w	r2, r0, #48	@ 0x30
100056ec:	2a09      	cmp	r2, #9
100056ee:	d9f4      	bls.n	100056da <_vsnprintf+0x442>
100056f0:	463c      	mov	r4, r7
100056f2:	1c7a      	adds	r2, r7, #1
100056f4:	e614      	b.n	10005320 <_vsnprintf+0x88>
100056f6:	286f      	cmp	r0, #111	@ 0x6f
100056f8:	d03b      	beq.n	10005772 <_vsnprintf+0x4da>
100056fa:	f240 8123 	bls.w	10005944 <_vsnprintf+0x6ac>
100056fe:	2878      	cmp	r0, #120	@ 0x78
10005700:	f000 80f5 	beq.w	100058ee <_vsnprintf+0x656>
10005704:	220a      	movs	r2, #10
10005706:	f023 0310 	bic.w	r3, r3, #16
1000570a:	e00e      	b.n	1000572a <_vsnprintf+0x492>
1000570c:	f85a 1b04 	ldr.w	r1, [sl], #4
10005710:	78a0      	ldrb	r0, [r4, #2]
10005712:	3402      	adds	r4, #2
10005714:	1c62      	adds	r2, r4, #1
10005716:	ea21 71e1 	bic.w	r1, r1, r1, asr #31
1000571a:	e601      	b.n	10005320 <_vsnprintf+0x88>
1000571c:	2858      	cmp	r0, #88	@ 0x58
1000571e:	d043      	beq.n	100057a8 <_vsnprintf+0x510>
10005720:	2862      	cmp	r0, #98	@ 0x62
10005722:	bf08      	it	eq
10005724:	2202      	moveq	r2, #2
10005726:	f040 8096 	bne.w	10005856 <_vsnprintf+0x5be>
1000572a:	0558      	lsls	r0, r3, #21
1000572c:	f140 80ba 	bpl.w	100058a4 <_vsnprintf+0x60c>
10005730:	f023 030d 	bic.w	r3, r3, #13
10005734:	f413 7000 	ands.w	r0, r3, #512	@ 0x200
10005738:	f040 80ed 	bne.w	10005916 <_vsnprintf+0x67e>
1000573c:	f413 7f80 	tst.w	r3, #256	@ 0x100
10005740:	f10a 0704 	add.w	r7, sl, #4
10005744:	f040 8115 	bne.w	10005972 <_vsnprintf+0x6da>
10005748:	0658      	lsls	r0, r3, #25
1000574a:	f100 80d5 	bmi.w	100058f8 <_vsnprintf+0x660>
1000574e:	0618      	lsls	r0, r3, #24
10005750:	bf4c      	ite	mi
10005752:	f8ba 0000 	ldrhmi.w	r0, [sl]
10005756:	f8da 0000 	ldrpl.w	r0, [sl]
1000575a:	e9cd 6304 	strd	r6, r3, [sp, #16]
1000575e:	2300      	movs	r3, #0
10005760:	e9cd 2102 	strd	r2, r1, [sp, #8]
10005764:	9000      	str	r0, [sp, #0]
10005766:	462a      	mov	r2, r5
10005768:	9301      	str	r3, [sp, #4]
1000576a:	e093      	b.n	10005894 <_vsnprintf+0x5fc>
1000576c:	f443 6300 	orr.w	r3, r3, #2048	@ 0x800
10005770:	e763      	b.n	1000563a <_vsnprintf+0x3a2>
10005772:	2208      	movs	r2, #8
10005774:	e7d9      	b.n	1000572a <_vsnprintf+0x492>
10005776:	e9dd 6c0c 	ldrd	r6, ip, [sp, #48]	@ 0x30
1000577a:	f1bc 0f00 	cmp.w	ip, #0
1000577e:	d15b      	bne.n	10005838 <_vsnprintf+0x5a0>
10005780:	f8dd a02c 	ldr.w	sl, [sp, #44]	@ 0x2c
10005784:	e5a4      	b.n	100052d0 <_vsnprintf+0x38>
10005786:	f443 6300 	orr.w	r3, r3, #2048	@ 0x800
1000578a:	f043 0320 	orr.w	r3, r3, #32
1000578e:	e754      	b.n	1000563a <_vsnprintf+0x3a2>
10005790:	eba2 020e 	sub.w	r2, r2, lr
10005794:	920a      	str	r2, [sp, #40]	@ 0x28
10005796:	e70d      	b.n	100055b4 <_vsnprintf+0x31c>
10005798:	78a0      	ldrb	r0, [r4, #2]
1000579a:	f043 03c0 	orr.w	r3, r3, #192	@ 0xc0
1000579e:	1ce2      	adds	r2, r4, #3
100057a0:	e5ef      	b.n	10005382 <_vsnprintf+0xea>
100057a2:	4604      	mov	r4, r0
100057a4:	4605      	mov	r5, r0
100057a6:	e6a2      	b.n	100054ee <_vsnprintf+0x256>
100057a8:	2210      	movs	r2, #16
100057aa:	f043 0320 	orr.w	r3, r3, #32
100057ae:	e7bc      	b.n	1000572a <_vsnprintf+0x492>
100057b0:	2e01      	cmp	r6, #1
100057b2:	f240 80a8 	bls.w	10005906 <_vsnprintf+0x66e>
100057b6:	462f      	mov	r7, r5
100057b8:	1e6b      	subs	r3, r5, #1
100057ba:	f8cd a02c 	str.w	sl, [sp, #44]	@ 0x2c
100057be:	eb03 0a06 	add.w	sl, r3, r6
100057c2:	463a      	mov	r2, r7
100057c4:	464b      	mov	r3, r9
100057c6:	4659      	mov	r1, fp
100057c8:	2020      	movs	r0, #32
100057ca:	3701      	adds	r7, #1
100057cc:	47c0      	blx	r8
100057ce:	45ba      	cmp	sl, r7
100057d0:	d1f7      	bne.n	100057c2 <_vsnprintf+0x52a>
100057d2:	4652      	mov	r2, sl
100057d4:	f8dd a02c 	ldr.w	sl, [sp, #44]	@ 0x2c
100057d8:	464b      	mov	r3, r9
100057da:	f89a 0000 	ldrb.w	r0, [sl]
100057de:	4659      	mov	r1, fp
100057e0:	47c0      	blx	r8
100057e2:	4435      	add	r5, r6
100057e4:	f8dd a028 	ldr.w	sl, [sp, #40]	@ 0x28
100057e8:	e572      	b.n	100052d0 <_vsnprintf+0x38>
100057ea:	9a0a      	ldr	r2, [sp, #40]	@ 0x28
100057ec:	4296      	cmp	r6, r2
100057ee:	f240 80e6 	bls.w	100059be <_vsnprintf+0x726>
100057f2:	9b0a      	ldr	r3, [sp, #40]	@ 0x28
100057f4:	eb06 0a05 	add.w	sl, r6, r5
100057f8:	e9cd e60c 	strd	lr, r6, [sp, #48]	@ 0x30
100057fc:	970a      	str	r7, [sp, #40]	@ 0x28
100057fe:	460e      	mov	r6, r1
10005800:	4667      	mov	r7, ip
10005802:	ebaa 0a03 	sub.w	sl, sl, r3
10005806:	462a      	mov	r2, r5
10005808:	464b      	mov	r3, r9
1000580a:	4659      	mov	r1, fp
1000580c:	2020      	movs	r0, #32
1000580e:	3501      	adds	r5, #1
10005810:	47c0      	blx	r8
10005812:	45aa      	cmp	sl, r5
10005814:	d1f7      	bne.n	10005806 <_vsnprintf+0x56e>
10005816:	f8dd e030 	ldr.w	lr, [sp, #48]	@ 0x30
1000581a:	4631      	mov	r1, r6
1000581c:	f89e 0000 	ldrb.w	r0, [lr]
10005820:	46bc      	mov	ip, r7
10005822:	9e0d      	ldr	r6, [sp, #52]	@ 0x34
10005824:	9f0a      	ldr	r7, [sp, #40]	@ 0x28
10005826:	2800      	cmp	r0, #0
10005828:	d0aa      	beq.n	10005780 <_vsnprintf+0x4e8>
1000582a:	1c73      	adds	r3, r6, #1
1000582c:	930a      	str	r3, [sp, #40]	@ 0x28
1000582e:	e6cf      	b.n	100055d0 <_vsnprintf+0x338>
10005830:	f013 0702 	ands.w	r7, r3, #2
10005834:	f000 80bd 	beq.w	100059b2 <_vsnprintf+0x71a>
10005838:	462f      	mov	r7, r5
1000583a:	9b0a      	ldr	r3, [sp, #40]	@ 0x28
1000583c:	429e      	cmp	r6, r3
1000583e:	d99f      	bls.n	10005780 <_vsnprintf+0x4e8>
10005840:	4435      	add	r5, r6
10005842:	1aed      	subs	r5, r5, r3
10005844:	463a      	mov	r2, r7
10005846:	464b      	mov	r3, r9
10005848:	4659      	mov	r1, fp
1000584a:	2020      	movs	r0, #32
1000584c:	3701      	adds	r7, #1
1000584e:	47c0      	blx	r8
10005850:	42af      	cmp	r7, r5
10005852:	d1f7      	bne.n	10005844 <_vsnprintf+0x5ac>
10005854:	e794      	b.n	10005780 <_vsnprintf+0x4e8>
10005856:	055f      	lsls	r7, r3, #21
10005858:	d54b      	bpl.n	100058f2 <_vsnprintf+0x65a>
1000585a:	f023 0211 	bic.w	r2, r3, #17
1000585e:	0590      	lsls	r0, r2, #22
10005860:	d423      	bmi.n	100058aa <_vsnprintf+0x612>
10005862:	05d3      	lsls	r3, r2, #23
10005864:	f10a 0704 	add.w	r7, sl, #4
10005868:	d473      	bmi.n	10005952 <_vsnprintf+0x6ba>
1000586a:	0650      	lsls	r0, r2, #25
1000586c:	d43b      	bmi.n	100058e6 <_vsnprintf+0x64e>
1000586e:	0613      	lsls	r3, r2, #24
10005870:	f140 8089 	bpl.w	10005986 <_vsnprintf+0x6ee>
10005874:	f9ba 3000 	ldrsh.w	r3, [sl]
10005878:	ea83 70e3 	eor.w	r0, r3, r3, asr #31
1000587c:	eba0 70e3 	sub.w	r0, r0, r3, asr #31
10005880:	b280      	uxth	r0, r0
10005882:	0fdb      	lsrs	r3, r3, #31
10005884:	9301      	str	r3, [sp, #4]
10005886:	230a      	movs	r3, #10
10005888:	e9cd 6204 	strd	r6, r2, [sp, #16]
1000588c:	462a      	mov	r2, r5
1000588e:	9103      	str	r1, [sp, #12]
10005890:	9000      	str	r0, [sp, #0]
10005892:	9302      	str	r3, [sp, #8]
10005894:	464b      	mov	r3, r9
10005896:	4659      	mov	r1, fp
10005898:	4640      	mov	r0, r8
1000589a:	f7fe ffbf 	bl	1000481c <_ntoa_long>
1000589e:	46ba      	mov	sl, r7
100058a0:	4605      	mov	r5, r0
100058a2:	e515      	b.n	100052d0 <_vsnprintf+0x38>
100058a4:	f023 030c 	bic.w	r3, r3, #12
100058a8:	e744      	b.n	10005734 <_vsnprintf+0x49c>
100058aa:	ed9f 7b47 	vldr	d7, [pc, #284]	@ 100059c8 <_vsnprintf+0x730>
100058ae:	f10a 0a07 	add.w	sl, sl, #7
100058b2:	f02a 0a07 	bic.w	sl, sl, #7
100058b6:	f8da 3004 	ldr.w	r3, [sl, #4]
100058ba:	f85a 0b08 	ldr.w	r0, [sl], #8
100058be:	0fdf      	lsrs	r7, r3, #31
100058c0:	2b00      	cmp	r3, #0
100058c2:	e9cd 6207 	strd	r6, r2, [sp, #28]
100058c6:	ed8d 7b04 	vstr	d7, [sp, #16]
100058ca:	4602      	mov	r2, r0
100058cc:	9106      	str	r1, [sp, #24]
100058ce:	9702      	str	r7, [sp, #8]
100058d0:	db15      	blt.n	100058fe <_vsnprintf+0x666>
100058d2:	e9cd 2300 	strd	r2, r3, [sp]
100058d6:	4659      	mov	r1, fp
100058d8:	462a      	mov	r2, r5
100058da:	464b      	mov	r3, r9
100058dc:	4640      	mov	r0, r8
100058de:	f7fe ffe9 	bl	100048b4 <_ntoa_long_long>
100058e2:	4605      	mov	r5, r0
100058e4:	e4f4      	b.n	100052d0 <_vsnprintf+0x38>
100058e6:	f89a 3000 	ldrb.w	r3, [sl]
100058ea:	4618      	mov	r0, r3
100058ec:	e7c9      	b.n	10005882 <_vsnprintf+0x5ea>
100058ee:	2210      	movs	r2, #16
100058f0:	e71b      	b.n	1000572a <_vsnprintf+0x492>
100058f2:	f023 0210 	bic.w	r2, r3, #16
100058f6:	e7b2      	b.n	1000585e <_vsnprintf+0x5c6>
100058f8:	f89a 0000 	ldrb.w	r0, [sl]
100058fc:	e72d      	b.n	1000575a <_vsnprintf+0x4c2>
100058fe:	4242      	negs	r2, r0
10005900:	eb63 0343 	sbc.w	r3, r3, r3, lsl #1
10005904:	e7e5      	b.n	100058d2 <_vsnprintf+0x63a>
10005906:	462a      	mov	r2, r5
10005908:	464b      	mov	r3, r9
1000590a:	4659      	mov	r1, fp
1000590c:	f89a 0000 	ldrb.w	r0, [sl]
10005910:	47c0      	blx	r8
10005912:	463d      	mov	r5, r7
10005914:	e6dd      	b.n	100056d2 <_vsnprintf+0x43a>
10005916:	9204      	str	r2, [sp, #16]
10005918:	462a      	mov	r2, r5
1000591a:	2500      	movs	r5, #0
1000591c:	e9cd 6307 	strd	r6, r3, [sp, #28]
10005920:	f10a 0a07 	add.w	sl, sl, #7
10005924:	9106      	str	r1, [sp, #24]
10005926:	9505      	str	r5, [sp, #20]
10005928:	9502      	str	r5, [sp, #8]
1000592a:	f02a 0a07 	bic.w	sl, sl, #7
1000592e:	e8fa 6702 	ldrd	r6, r7, [sl], #8
10005932:	464b      	mov	r3, r9
10005934:	4659      	mov	r1, fp
10005936:	4640      	mov	r0, r8
10005938:	e9cd 6700 	strd	r6, r7, [sp]
1000593c:	f7fe ffba 	bl	100048b4 <_ntoa_long_long>
10005940:	4605      	mov	r5, r0
10005942:	e4c5      	b.n	100052d0 <_vsnprintf+0x38>
10005944:	2869      	cmp	r0, #105	@ 0x69
10005946:	f023 0210 	bic.w	r2, r3, #16
1000594a:	d12d      	bne.n	100059a8 <_vsnprintf+0x710>
1000594c:	055f      	lsls	r7, r3, #21
1000594e:	d586      	bpl.n	1000585e <_vsnprintf+0x5c6>
10005950:	e783      	b.n	1000585a <_vsnprintf+0x5c2>
10005952:	f8da 3000 	ldr.w	r3, [sl]
10005956:	9103      	str	r1, [sp, #12]
10005958:	210a      	movs	r1, #10
1000595a:	9102      	str	r1, [sp, #8]
1000595c:	ea83 71e3 	eor.w	r1, r3, r3, asr #31
10005960:	eba1 71e3 	sub.w	r1, r1, r3, asr #31
10005964:	0fdb      	lsrs	r3, r3, #31
10005966:	e9cd 6204 	strd	r6, r2, [sp, #16]
1000596a:	e9cd 1300 	strd	r1, r3, [sp]
1000596e:	462a      	mov	r2, r5
10005970:	e790      	b.n	10005894 <_vsnprintf+0x5fc>
10005972:	e9cd 2102 	strd	r2, r1, [sp, #8]
10005976:	e9cd 6304 	strd	r6, r3, [sp, #16]
1000597a:	9001      	str	r0, [sp, #4]
1000597c:	f8da 3000 	ldr.w	r3, [sl]
10005980:	462a      	mov	r2, r5
10005982:	9300      	str	r3, [sp, #0]
10005984:	e786      	b.n	10005894 <_vsnprintf+0x5fc>
10005986:	f8da 3000 	ldr.w	r3, [sl]
1000598a:	ea83 70e3 	eor.w	r0, r3, r3, asr #31
1000598e:	eba0 70e3 	sub.w	r0, r0, r3, asr #31
10005992:	e776      	b.n	10005882 <_vsnprintf+0x5ea>
10005994:	f413 6280 	ands.w	r2, r3, #1024	@ 0x400
10005998:	920a      	str	r2, [sp, #40]	@ 0x28
1000599a:	f43f af49 	beq.w	10005830 <_vsnprintf+0x598>
1000599e:	079f      	lsls	r7, r3, #30
100059a0:	d505      	bpl.n	100059ae <_vsnprintf+0x716>
100059a2:	462f      	mov	r7, r5
100059a4:	900a      	str	r0, [sp, #40]	@ 0x28
100059a6:	e748      	b.n	1000583a <_vsnprintf+0x5a2>
100059a8:	4613      	mov	r3, r2
100059aa:	220a      	movs	r2, #10
100059ac:	e6bd      	b.n	1000572a <_vsnprintf+0x492>
100059ae:	f44f 6780 	mov.w	r7, #1024	@ 0x400
100059b2:	2e00      	cmp	r6, #0
100059b4:	f43f aee4 	beq.w	10005780 <_vsnprintf+0x4e8>
100059b8:	2300      	movs	r3, #0
100059ba:	930a      	str	r3, [sp, #40]	@ 0x28
100059bc:	e719      	b.n	100057f2 <_vsnprintf+0x55a>
100059be:	469c      	mov	ip, r3
100059c0:	1c53      	adds	r3, r2, #1
100059c2:	930a      	str	r3, [sp, #40]	@ 0x28
100059c4:	e604      	b.n	100055d0 <_vsnprintf+0x338>
100059c6:	bf00      	nop
100059c8:	0000000a 	.word	0x0000000a
100059cc:	00000000 	.word	0x00000000

100059d0 <__wrap_snprintf>:
100059d0:	b40c      	push	{r2, r3}
100059d2:	b500      	push	{lr}
100059d4:	b085      	sub	sp, #20
100059d6:	f10d 0c18 	add.w	ip, sp, #24
100059da:	f85c 3b04 	ldr.w	r3, [ip], #4
100059de:	460a      	mov	r2, r1
100059e0:	f8cd c000 	str.w	ip, [sp]
100059e4:	4601      	mov	r1, r0
100059e6:	4805      	ldr	r0, [pc, #20]	@ (100059fc <__wrap_snprintf+0x2c>)
100059e8:	f8cd c00c 	str.w	ip, [sp, #12]
100059ec:	f7ff fc54 	bl	10005298 <_vsnprintf>
100059f0:	b005      	add	sp, #20
100059f2:	f85d eb04 	ldr.w	lr, [sp], #4
100059f6:	b002      	add	sp, #8
100059f8:	4770      	bx	lr
100059fa:	bf00      	nop
100059fc:	1000458d 	.word	0x1000458d

10005a00 <vfctprintf>:
10005a00:	468c      	mov	ip, r1
10005a02:	b510      	push	{r4, lr}
10005a04:	b084      	sub	sp, #16
10005a06:	9300      	str	r3, [sp, #0]
10005a08:	9002      	str	r0, [sp, #8]
10005a0a:	4613      	mov	r3, r2
10005a0c:	a902      	add	r1, sp, #8
10005a0e:	f04f 32ff 	mov.w	r2, #4294967295	@ 0xffffffff
10005a12:	4803      	ldr	r0, [pc, #12]	@ (10005a20 <vfctprintf+0x20>)
10005a14:	f8cd c00c 	str.w	ip, [sp, #12]
10005a18:	f7ff fc3e 	bl	10005298 <_vsnprintf>
10005a1c:	b004      	add	sp, #16
10005a1e:	bd10      	pop	{r4, pc}
10005a20:	10005289 	.word	0x10005289

10005a24 <weak_raw_vprintf>:
10005a24:	b510      	push	{r4, lr}
10005a26:	4a09      	ldr	r2, [pc, #36]	@ (10005a4c <weak_raw_vprintf+0x28>)
10005a28:	b084      	sub	sp, #16
10005a2a:	6814      	ldr	r4, [r2, #0]
10005a2c:	b14c      	cbz	r4, 10005a42 <weak_raw_vprintf+0x1e>
10005a2e:	4603      	mov	r3, r0
10005a30:	9100      	str	r1, [sp, #0]
10005a32:	f04f 32ff 	mov.w	r2, #4294967295	@ 0xffffffff
10005a36:	a903      	add	r1, sp, #12
10005a38:	4805      	ldr	r0, [pc, #20]	@ (10005a50 <weak_raw_vprintf+0x2c>)
10005a3a:	47a0      	blx	r4
10005a3c:	2001      	movs	r0, #1
10005a3e:	b004      	add	sp, #16
10005a40:	bd10      	pop	{r4, pc}
10005a42:	f000 f92f 	bl	10005ca4 <__wrap_puts>
10005a46:	4620      	mov	r0, r4
10005a48:	b004      	add	sp, #16
10005a4a:	bd10      	pop	{r4, pc}
10005a4c:	200131d0 	.word	0x200131d0
10005a50:	10005281 	.word	0x10005281

10005a54 <_exit>:
10005a54:	be00      	bkpt	0x0000
10005a56:	e7fd      	b.n	10005a54 <_exit>

10005a58 <_fini>:
10005a58:	4770      	bx	lr
10005a5a:	bf00      	nop

10005a5c <exit>:
10005a5c:	b508      	push	{r3, lr}
10005a5e:	f7ff fff9 	bl	10005a54 <_exit>
10005a62:	bf00      	nop

10005a64 <runtime_init>:
10005a64:	b538      	push	{r3, r4, r5, lr}
10005a66:	4c06      	ldr	r4, [pc, #24]	@ (10005a80 <runtime_init+0x1c>)
10005a68:	4d06      	ldr	r5, [pc, #24]	@ (10005a84 <runtime_init+0x20>)
10005a6a:	f7fd fd8d 	bl	10003588 <runtime_run_initializers>
10005a6e:	42ac      	cmp	r4, r5
10005a70:	d204      	bcs.n	10005a7c <runtime_init+0x18>
10005a72:	f854 3b04 	ldr.w	r3, [r4], #4
10005a76:	4798      	blx	r3
10005a78:	42ac      	cmp	r4, r5
10005a7a:	d3fa      	bcc.n	10005a72 <runtime_init+0xe>
10005a7c:	bd38      	pop	{r3, r4, r5, pc}
10005a7e:	bf00      	nop
10005a80:	10008ccc 	.word	0x10008ccc
10005a84:	10008cd0 	.word	0x10008cd0

10005a88 <stdio_out_chars_no_crlf>:
10005a88:	6803      	ldr	r3, [r0, #0]
10005a8a:	4608      	mov	r0, r1
10005a8c:	4611      	mov	r1, r2
10005a8e:	4718      	bx	r3

10005a90 <stdio_out_chars_crlf>:
10005a90:	e92d 43f0 	stmdb	sp!, {r4, r5, r6, r7, r8, r9, lr}
10005a94:	4680      	mov	r8, r0
10005a96:	f898 3015 	ldrb.w	r3, [r8, #21]
10005a9a:	4608      	mov	r0, r1
10005a9c:	b083      	sub	sp, #12
10005a9e:	2b00      	cmp	r3, #0
10005aa0:	d045      	beq.n	10005b2e <stdio_out_chars_crlf+0x9e>
10005aa2:	2a00      	cmp	r2, #0
10005aa4:	dd34      	ble.n	10005b10 <stdio_out_chars_crlf+0x80>
10005aa6:	2400      	movs	r4, #0
10005aa8:	4617      	mov	r7, r2
10005aaa:	4689      	mov	r9, r1
10005aac:	4622      	mov	r2, r4
10005aae:	1e4d      	subs	r5, r1, #1
10005ab0:	e006      	b.n	10005ac0 <stdio_out_chars_crlf+0x30>
10005ab2:	786b      	ldrb	r3, [r5, #1]
10005ab4:	2b0a      	cmp	r3, #10
10005ab6:	d02e      	beq.n	10005b16 <stdio_out_chars_crlf+0x86>
10005ab8:	42a7      	cmp	r7, r4
10005aba:	f105 0501 	add.w	r5, r5, #1
10005abe:	d016      	beq.n	10005aee <stdio_out_chars_crlf+0x5e>
10005ac0:	4626      	mov	r6, r4
10005ac2:	3401      	adds	r4, #1
10005ac4:	2e00      	cmp	r6, #0
10005ac6:	d1f4      	bne.n	10005ab2 <stdio_out_chars_crlf+0x22>
10005ac8:	f899 3000 	ldrb.w	r3, [r9]
10005acc:	2b0a      	cmp	r3, #10
10005ace:	d1f3      	bne.n	10005ab8 <stdio_out_chars_crlf+0x28>
10005ad0:	f898 3014 	ldrb.w	r3, [r8, #20]
10005ad4:	2b00      	cmp	r3, #0
10005ad6:	d1ef      	bne.n	10005ab8 <stdio_out_chars_crlf+0x28>
10005ad8:	2102      	movs	r1, #2
10005ada:	4818      	ldr	r0, [pc, #96]	@ (10005b3c <stdio_out_chars_crlf+0xac>)
10005adc:	f8d8 3000 	ldr.w	r3, [r8]
10005ae0:	9401      	str	r4, [sp, #4]
10005ae2:	4798      	blx	r3
10005ae4:	42a7      	cmp	r7, r4
10005ae6:	9a01      	ldr	r2, [sp, #4]
10005ae8:	f105 0501 	add.w	r5, r5, #1
10005aec:	d1e8      	bne.n	10005ac0 <stdio_out_chars_crlf+0x30>
10005aee:	4297      	cmp	r7, r2
10005af0:	dd05      	ble.n	10005afe <stdio_out_chars_crlf+0x6e>
10005af2:	f8d8 3000 	ldr.w	r3, [r8]
10005af6:	1ab9      	subs	r1, r7, r2
10005af8:	eb09 0002 	add.w	r0, r9, r2
10005afc:	4798      	blx	r3
10005afe:	f819 3006 	ldrb.w	r3, [r9, r6]
10005b02:	f1a3 030d 	sub.w	r3, r3, #13
10005b06:	fab3 f383 	clz	r3, r3
10005b0a:	095b      	lsrs	r3, r3, #5
10005b0c:	f888 3014 	strb.w	r3, [r8, #20]
10005b10:	b003      	add	sp, #12
10005b12:	e8bd 83f0 	ldmia.w	sp!, {r4, r5, r6, r7, r8, r9, pc}
10005b16:	782b      	ldrb	r3, [r5, #0]
10005b18:	2b0d      	cmp	r3, #13
10005b1a:	d0cd      	beq.n	10005ab8 <stdio_out_chars_crlf+0x28>
10005b1c:	42b2      	cmp	r2, r6
10005b1e:	dadb      	bge.n	10005ad8 <stdio_out_chars_crlf+0x48>
10005b20:	f8d8 3000 	ldr.w	r3, [r8]
10005b24:	1ab1      	subs	r1, r6, r2
10005b26:	eb09 0002 	add.w	r0, r9, r2
10005b2a:	4798      	blx	r3
10005b2c:	e7d4      	b.n	10005ad8 <stdio_out_chars_crlf+0x48>
10005b2e:	4611      	mov	r1, r2
10005b30:	f8d8 3000 	ldr.w	r3, [r8]
10005b34:	b003      	add	sp, #12
10005b36:	e8bd 43f0 	ldmia.w	sp!, {r4, r5, r6, r7, r8, r9, lr}
10005b3a:	4718      	bx	r3
10005b3c:	10009590 	.word	0x10009590

10005b40 <stdio_buffered_printer>:
10005b40:	680b      	ldr	r3, [r1, #0]
10005b42:	1c5a      	adds	r2, r3, #1
10005b44:	2a80      	cmp	r2, #128	@ 0x80
10005b46:	440b      	add	r3, r1
10005b48:	600a      	str	r2, [r1, #0]
10005b4a:	7118      	strb	r0, [r3, #4]
10005b4c:	d000      	beq.n	10005b50 <stdio_buffered_printer+0x10>
10005b4e:	4770      	bx	lr
10005b50:	b530      	push	{r4, r5, lr}
10005b52:	4b0e      	ldr	r3, [pc, #56]	@ (10005b8c <stdio_buffered_printer+0x4c>)
10005b54:	460c      	mov	r4, r1
10005b56:	6818      	ldr	r0, [r3, #0]
10005b58:	b083      	sub	sp, #12
10005b5a:	b1a0      	cbz	r0, 10005b86 <stdio_buffered_printer+0x46>
10005b5c:	1d0d      	adds	r5, r1, #4
10005b5e:	e001      	b.n	10005b64 <stdio_buffered_printer+0x24>
10005b60:	6900      	ldr	r0, [r0, #16]
10005b62:	b180      	cbz	r0, 10005b86 <stdio_buffered_printer+0x46>
10005b64:	6803      	ldr	r3, [r0, #0]
10005b66:	2b00      	cmp	r3, #0
10005b68:	d0fa      	beq.n	10005b60 <stdio_buffered_printer+0x20>
10005b6a:	4b09      	ldr	r3, [pc, #36]	@ (10005b90 <stdio_buffered_printer+0x50>)
10005b6c:	681b      	ldr	r3, [r3, #0]
10005b6e:	b10b      	cbz	r3, 10005b74 <stdio_buffered_printer+0x34>
10005b70:	4283      	cmp	r3, r0
10005b72:	d1f5      	bne.n	10005b60 <stdio_buffered_printer+0x20>
10005b74:	4629      	mov	r1, r5
10005b76:	6822      	ldr	r2, [r4, #0]
10005b78:	9001      	str	r0, [sp, #4]
10005b7a:	f7ff ff89 	bl	10005a90 <stdio_out_chars_crlf>
10005b7e:	9801      	ldr	r0, [sp, #4]
10005b80:	6900      	ldr	r0, [r0, #16]
10005b82:	2800      	cmp	r0, #0
10005b84:	d1ee      	bne.n	10005b64 <stdio_buffered_printer+0x24>
10005b86:	6020      	str	r0, [r4, #0]
10005b88:	b003      	add	sp, #12
10005b8a:	bd30      	pop	{r4, r5, pc}
10005b8c:	20012dbc 	.word	0x20012dbc
10005b90:	20012dc4 	.word	0x20012dc4

10005b94 <stdio_put_string>:
10005b94:	e92d 4ff0 	stmdb	sp!, {r4, r5, r6, r7, r8, r9, sl, fp, lr}
10005b98:	b083      	sub	sp, #12
10005b9a:	4691      	mov	r9, r2
10005b9c:	461c      	mov	r4, r3
10005b9e:	460d      	mov	r5, r1
10005ba0:	4680      	mov	r8, r0
10005ba2:	f7fd fab3 	bl	1000310c <time_us_64>
10005ba6:	f04f 37ff 	mov.w	r7, #4294967295	@ 0xffffffff
10005baa:	f06f 4600 	mvn.w	r6, #2147483648	@ 0x80000000
10005bae:	4a24      	ldr	r2, [pc, #144]	@ (10005c40 <stdio_put_string+0xac>)
10005bb0:	1882      	adds	r2, r0, r2
10005bb2:	f141 0300 	adc.w	r3, r1, #0
10005bb6:	4297      	cmp	r7, r2
10005bb8:	eb76 0103 	sbcs.w	r1, r6, r3
10005bbc:	bf3c      	itt	cc
10005bbe:	463a      	movcc	r2, r7
10005bc0:	4633      	movcc	r3, r6
10005bc2:	4820      	ldr	r0, [pc, #128]	@ (10005c44 <stdio_put_string+0xb0>)
10005bc4:	f003 f848 	bl	10008c58 <__mutex_try_enter_block_until_veneer>
10005bc8:	1c6b      	adds	r3, r5, #1
10005bca:	4683      	mov	fp, r0
10005bcc:	d02b      	beq.n	10005c26 <stdio_put_string+0x92>
10005bce:	b344      	cbz	r4, 10005c22 <stdio_put_string+0x8e>
10005bd0:	4f1d      	ldr	r7, [pc, #116]	@ (10005c48 <stdio_put_string+0xb4>)
10005bd2:	4b1e      	ldr	r3, [pc, #120]	@ (10005c4c <stdio_put_string+0xb8>)
10005bd4:	681c      	ldr	r4, [r3, #0]
10005bd6:	b1ec      	cbz	r4, 10005c14 <stdio_put_string+0x80>
10005bd8:	f04f 0a0a 	mov.w	sl, #10
10005bdc:	4e1c      	ldr	r6, [pc, #112]	@ (10005c50 <stdio_put_string+0xbc>)
10005bde:	e001      	b.n	10005be4 <stdio_put_string+0x50>
10005be0:	6924      	ldr	r4, [r4, #16]
10005be2:	b1bc      	cbz	r4, 10005c14 <stdio_put_string+0x80>
10005be4:	6823      	ldr	r3, [r4, #0]
10005be6:	2b00      	cmp	r3, #0
10005be8:	d0fa      	beq.n	10005be0 <stdio_put_string+0x4c>
10005bea:	6833      	ldr	r3, [r6, #0]
10005bec:	b10b      	cbz	r3, 10005bf2 <stdio_put_string+0x5e>
10005bee:	42a3      	cmp	r3, r4
10005bf0:	d1f6      	bne.n	10005be0 <stdio_put_string+0x4c>
10005bf2:	462a      	mov	r2, r5
10005bf4:	4641      	mov	r1, r8
10005bf6:	4620      	mov	r0, r4
10005bf8:	47b8      	blx	r7
10005bfa:	f1b9 0f00 	cmp.w	r9, #0
10005bfe:	d0ef      	beq.n	10005be0 <stdio_put_string+0x4c>
10005c00:	4620      	mov	r0, r4
10005c02:	2201      	movs	r2, #1
10005c04:	f10d 0107 	add.w	r1, sp, #7
10005c08:	f88d a007 	strb.w	sl, [sp, #7]
10005c0c:	47b8      	blx	r7
10005c0e:	6924      	ldr	r4, [r4, #16]
10005c10:	2c00      	cmp	r4, #0
10005c12:	d1e7      	bne.n	10005be4 <stdio_put_string+0x50>
10005c14:	f1bb 0f00 	cmp.w	fp, #0
10005c18:	d10a      	bne.n	10005c30 <stdio_put_string+0x9c>
10005c1a:	4628      	mov	r0, r5
10005c1c:	b003      	add	sp, #12
10005c1e:	e8bd 8ff0 	ldmia.w	sp!, {r4, r5, r6, r7, r8, r9, sl, fp, pc}
10005c22:	4f0c      	ldr	r7, [pc, #48]	@ (10005c54 <stdio_put_string+0xc0>)
10005c24:	e7d5      	b.n	10005bd2 <stdio_put_string+0x3e>
10005c26:	4640      	mov	r0, r8
10005c28:	f002 ffd2 	bl	10008bd0 <strlen>
10005c2c:	4605      	mov	r5, r0
10005c2e:	e7ce      	b.n	10005bce <stdio_put_string+0x3a>
10005c30:	4804      	ldr	r0, [pc, #16]	@ (10005c44 <stdio_put_string+0xb0>)
10005c32:	f003 f825 	bl	10008c80 <__mutex_exit_veneer>
10005c36:	4628      	mov	r0, r5
10005c38:	b003      	add	sp, #12
10005c3a:	e8bd 8ff0 	ldmia.w	sp!, {r4, r5, r6, r7, r8, r9, sl, fp, pc}
10005c3e:	bf00      	nop
10005c40:	000f4240 	.word	0x000f4240
10005c44:	20001190 	.word	0x20001190
10005c48:	10005a91 	.word	0x10005a91
10005c4c:	20012dbc 	.word	0x20012dbc
10005c50:	20012dc4 	.word	0x20012dc4
10005c54:	10005a89 	.word	0x10005a89

10005c58 <stdio_set_driver_enabled>:
10005c58:	4a08      	ldr	r2, [pc, #32]	@ (10005c7c <stdio_set_driver_enabled+0x24>)
10005c5a:	6813      	ldr	r3, [r2, #0]
10005c5c:	b923      	cbnz	r3, 10005c68 <stdio_set_driver_enabled+0x10>
10005c5e:	e00a      	b.n	10005c76 <stdio_set_driver_enabled+0x1e>
10005c60:	f103 0210 	add.w	r2, r3, #16
10005c64:	691b      	ldr	r3, [r3, #16]
10005c66:	b133      	cbz	r3, 10005c76 <stdio_set_driver_enabled+0x1e>
10005c68:	4283      	cmp	r3, r0
10005c6a:	d1f9      	bne.n	10005c60 <stdio_set_driver_enabled+0x8>
10005c6c:	b929      	cbnz	r1, 10005c7a <stdio_set_driver_enabled+0x22>
10005c6e:	6918      	ldr	r0, [r3, #16]
10005c70:	6010      	str	r0, [r2, #0]
10005c72:	6119      	str	r1, [r3, #16]
10005c74:	4770      	bx	lr
10005c76:	b101      	cbz	r1, 10005c7a <stdio_set_driver_enabled+0x22>
10005c78:	6010      	str	r0, [r2, #0]
10005c7a:	4770      	bx	lr
10005c7c:	20012dbc 	.word	0x20012dbc

10005c80 <stdio_init_all>:
10005c80:	f000 ba36 	b.w	100060f0 <stdio_usb_init>

10005c84 <__wrap_putchar>:
10005c84:	2301      	movs	r3, #1
10005c86:	b510      	push	{r4, lr}
10005c88:	4604      	mov	r4, r0
10005c8a:	b082      	sub	sp, #8
10005c8c:	2200      	movs	r2, #0
10005c8e:	4619      	mov	r1, r3
10005c90:	f10d 0007 	add.w	r0, sp, #7
10005c94:	f88d 4007 	strb.w	r4, [sp, #7]
10005c98:	f7ff ff7c 	bl	10005b94 <stdio_put_string>
10005c9c:	4620      	mov	r0, r4
10005c9e:	b002      	add	sp, #8
10005ca0:	bd10      	pop	{r4, pc}
10005ca2:	bf00      	nop

10005ca4 <__wrap_puts>:
10005ca4:	b538      	push	{r3, r4, r5, lr}
10005ca6:	4604      	mov	r4, r0
10005ca8:	f002 ff92 	bl	10008bd0 <strlen>
10005cac:	2301      	movs	r3, #1
10005cae:	4605      	mov	r5, r0
10005cb0:	461a      	mov	r2, r3
10005cb2:	4620      	mov	r0, r4
10005cb4:	4629      	mov	r1, r5
10005cb6:	f7ff ff6d 	bl	10005b94 <stdio_put_string>
10005cba:	4b05      	ldr	r3, [pc, #20]	@ (10005cd0 <__wrap_puts+0x2c>)
10005cbc:	681c      	ldr	r4, [r3, #0]
10005cbe:	b12c      	cbz	r4, 10005ccc <__wrap_puts+0x28>
10005cc0:	6863      	ldr	r3, [r4, #4]
10005cc2:	b103      	cbz	r3, 10005cc6 <__wrap_puts+0x22>
10005cc4:	4798      	blx	r3
10005cc6:	6924      	ldr	r4, [r4, #16]
10005cc8:	2c00      	cmp	r4, #0
10005cca:	d1f9      	bne.n	10005cc0 <__wrap_puts+0x1c>
10005ccc:	4628      	mov	r0, r5
10005cce:	bd38      	pop	{r3, r4, r5, pc}
10005cd0:	20012dbc 	.word	0x20012dbc

10005cd4 <__wrap_vprintf>:
10005cd4:	e92d 41f0 	stmdb	sp!, {r4, r5, r6, r7, r8, lr}
10005cd8:	b0a2      	sub	sp, #136	@ 0x88
10005cda:	460e      	mov	r6, r1
10005cdc:	4605      	mov	r5, r0
10005cde:	f7fd fa15 	bl	1000310c <time_us_64>
10005ce2:	f04f 3cff 	mov.w	ip, #4294967295	@ 0xffffffff
10005ce6:	f06f 4400 	mvn.w	r4, #2147483648	@ 0x80000000
10005cea:	4a24      	ldr	r2, [pc, #144]	@ (10005d7c <__wrap_vprintf+0xa8>)
10005cec:	1882      	adds	r2, r0, r2
10005cee:	f141 0300 	adc.w	r3, r1, #0
10005cf2:	4594      	cmp	ip, r2
10005cf4:	eb74 0103 	sbcs.w	r1, r4, r3
10005cf8:	bf3c      	itt	cc
10005cfa:	4623      	movcc	r3, r4
10005cfc:	4662      	movcc	r2, ip
10005cfe:	4820      	ldr	r0, [pc, #128]	@ (10005d80 <__wrap_vprintf+0xac>)
10005d00:	f002 ffaa 	bl	10008c58 <__mutex_try_enter_block_until_veneer>
10005d04:	2400      	movs	r4, #0
10005d06:	4633      	mov	r3, r6
10005d08:	4607      	mov	r7, r0
10005d0a:	462a      	mov	r2, r5
10005d0c:	481d      	ldr	r0, [pc, #116]	@ (10005d84 <__wrap_vprintf+0xb0>)
10005d0e:	a901      	add	r1, sp, #4
10005d10:	9401      	str	r4, [sp, #4]
10005d12:	f7ff fe75 	bl	10005a00 <vfctprintf>
10005d16:	4e1c      	ldr	r6, [pc, #112]	@ (10005d88 <__wrap_vprintf+0xb4>)
10005d18:	9b01      	ldr	r3, [sp, #4]
10005d1a:	4680      	mov	r8, r0
10005d1c:	6834      	ldr	r4, [r6, #0]
10005d1e:	b1bb      	cbz	r3, 10005d50 <__wrap_vprintf+0x7c>
10005d20:	2c00      	cmp	r4, #0
10005d22:	d028      	beq.n	10005d76 <__wrap_vprintf+0xa2>
10005d24:	4d19      	ldr	r5, [pc, #100]	@ (10005d8c <__wrap_vprintf+0xb8>)
10005d26:	e001      	b.n	10005d2c <__wrap_vprintf+0x58>
10005d28:	6924      	ldr	r4, [r4, #16]
10005d2a:	b174      	cbz	r4, 10005d4a <__wrap_vprintf+0x76>
10005d2c:	6823      	ldr	r3, [r4, #0]
10005d2e:	2b00      	cmp	r3, #0
10005d30:	d0fa      	beq.n	10005d28 <__wrap_vprintf+0x54>
10005d32:	682b      	ldr	r3, [r5, #0]
10005d34:	b10b      	cbz	r3, 10005d3a <__wrap_vprintf+0x66>
10005d36:	429c      	cmp	r4, r3
10005d38:	d1f6      	bne.n	10005d28 <__wrap_vprintf+0x54>
10005d3a:	4620      	mov	r0, r4
10005d3c:	9a01      	ldr	r2, [sp, #4]
10005d3e:	a902      	add	r1, sp, #8
10005d40:	f7ff fea6 	bl	10005a90 <stdio_out_chars_crlf>
10005d44:	6924      	ldr	r4, [r4, #16]
10005d46:	2c00      	cmp	r4, #0
10005d48:	d1f0      	bne.n	10005d2c <__wrap_vprintf+0x58>
10005d4a:	4623      	mov	r3, r4
10005d4c:	6834      	ldr	r4, [r6, #0]
10005d4e:	9301      	str	r3, [sp, #4]
10005d50:	b12c      	cbz	r4, 10005d5e <__wrap_vprintf+0x8a>
10005d52:	6863      	ldr	r3, [r4, #4]
10005d54:	b103      	cbz	r3, 10005d58 <__wrap_vprintf+0x84>
10005d56:	4798      	blx	r3
10005d58:	6924      	ldr	r4, [r4, #16]
10005d5a:	2c00      	cmp	r4, #0
10005d5c:	d1f9      	bne.n	10005d52 <__wrap_vprintf+0x7e>
10005d5e:	b91f      	cbnz	r7, 10005d68 <__wrap_vprintf+0x94>
10005d60:	4640      	mov	r0, r8
10005d62:	b022      	add	sp, #136	@ 0x88
10005d64:	e8bd 81f0 	ldmia.w	sp!, {r4, r5, r6, r7, r8, pc}
10005d68:	4805      	ldr	r0, [pc, #20]	@ (10005d80 <__wrap_vprintf+0xac>)
10005d6a:	f002 ff89 	bl	10008c80 <__mutex_exit_veneer>
10005d6e:	4640      	mov	r0, r8
10005d70:	b022      	add	sp, #136	@ 0x88
10005d72:	e8bd 81f0 	ldmia.w	sp!, {r4, r5, r6, r7, r8, pc}
10005d76:	9401      	str	r4, [sp, #4]
10005d78:	e7f1      	b.n	10005d5e <__wrap_vprintf+0x8a>
10005d7a:	bf00      	nop
10005d7c:	000f4240 	.word	0x000f4240
10005d80:	20001190 	.word	0x20001190
10005d84:	10005b41 	.word	0x10005b41
10005d88:	20012dbc 	.word	0x20012dbc
10005d8c:	20012dc4 	.word	0x20012dc4

10005d90 <__wrap_printf>:
10005d90:	b40f      	push	{r0, r1, r2, r3}
10005d92:	b500      	push	{lr}
10005d94:	b083      	sub	sp, #12
10005d96:	a904      	add	r1, sp, #16
10005d98:	f851 0b04 	ldr.w	r0, [r1], #4
10005d9c:	9101      	str	r1, [sp, #4]
10005d9e:	f7ff ff99 	bl	10005cd4 <__wrap_vprintf>
10005da2:	b003      	add	sp, #12
10005da4:	f85d eb04 	ldr.w	lr, [sp], #4
10005da8:	b004      	add	sp, #16
10005daa:	4770      	bx	lr

10005dac <stdio_usb_set_chars_available_callback>:
10005dac:	4a02      	ldr	r2, [pc, #8]	@ (10005db8 <stdio_usb_set_chars_available_callback+0xc>)
10005dae:	4b03      	ldr	r3, [pc, #12]	@ (10005dbc <stdio_usb_set_chars_available_callback+0x10>)
10005db0:	6010      	str	r0, [r2, #0]
10005db2:	6019      	str	r1, [r3, #0]
10005db4:	4770      	bx	lr
10005db6:	bf00      	nop
10005db8:	20012d54 	.word	0x20012d54
10005dbc:	20012d58 	.word	0x20012d58

10005dc0 <timer_task>:
10005dc0:	4b18      	ldr	r3, [pc, #96]	@ (10005e24 <timer_task+0x64>)
10005dc2:	b570      	push	{r4, r5, r6, lr}
10005dc4:	681a      	ldr	r2, [r3, #0]
10005dc6:	2a00      	cmp	r2, #0
10005dc8:	d028      	beq.n	10005e1c <timer_task+0x5c>
10005dca:	f3ef 8110 	mrs	r1, PRIMASK
10005dce:	b672      	cpsid	i
10005dd0:	e8d2 4fcf 	ldaexb	r4, [r2]
10005dd4:	2001      	movs	r0, #1
10005dd6:	2c00      	cmp	r4, #0
10005dd8:	d1fa      	bne.n	10005dd0 <timer_task+0x10>
10005dda:	e8c2 0f44 	strexb	r4, r0, [r2]
10005dde:	2c00      	cmp	r4, #0
10005de0:	d1f6      	bne.n	10005dd0 <timer_task+0x10>
10005de2:	f3bf 8f5f 	dmb	sy
10005de6:	2200      	movs	r2, #0
10005de8:	4c0f      	ldr	r4, [pc, #60]	@ (10005e28 <timer_task+0x68>)
10005dea:	6818      	ldr	r0, [r3, #0]
10005dec:	6059      	str	r1, [r3, #4]
10005dee:	7022      	strb	r2, [r4, #0]
10005df0:	e8c0 2f8f 	stlb	r2, [r0]
10005df4:	f381 8810 	msr	PRIMASK, r1
10005df8:	2400      	movs	r4, #0
10005dfa:	2500      	movs	r5, #0
10005dfc:	4e0b      	ldr	r6, [pc, #44]	@ (10005e2c <timer_task+0x6c>)
10005dfe:	7830      	ldrb	r0, [r6, #0]
10005e00:	f7fc fbe0 	bl	100025c4 <irq_is_enabled>
10005e04:	b920      	cbnz	r0, 10005e10 <timer_task+0x50>
10005e06:	2400      	movs	r4, #0
10005e08:	2500      	movs	r5, #0
10005e0a:	4620      	mov	r0, r4
10005e0c:	4629      	mov	r1, r5
10005e0e:	bd70      	pop	{r4, r5, r6, pc}
10005e10:	7830      	ldrb	r0, [r6, #0]
10005e12:	f7fc fbe7 	bl	100025e4 <irq_set_pending>
10005e16:	4620      	mov	r0, r4
10005e18:	4629      	mov	r1, r5
10005e1a:	bd70      	pop	{r4, r5, r6, pc}
10005e1c:	f44f 747a 	mov.w	r4, #1000	@ 0x3e8
10005e20:	2500      	movs	r5, #0
10005e22:	e7eb      	b.n	10005dfc <timer_task+0x3c>
10005e24:	20013a00 	.word	0x20013a00
10005e28:	20014856 	.word	0x20014856
10005e2c:	20014855 	.word	0x20014855

10005e30 <usb_irq>:
10005e30:	4b01      	ldr	r3, [pc, #4]	@ (10005e38 <usb_irq+0x8>)
10005e32:	7818      	ldrb	r0, [r3, #0]
10005e34:	f7fc bbd6 	b.w	100025e4 <irq_set_pending>
10005e38:	20014855 	.word	0x20014855

10005e3c <stdio_usb_in_chars>:
10005e3c:	b538      	push	{r3, r4, r5, lr}
10005e3e:	4604      	mov	r4, r0
10005e40:	2000      	movs	r0, #0
10005e42:	460d      	mov	r5, r1
10005e44:	f001 fb06 	bl	10007454 <tud_cdc_n_connected>
10005e48:	b3a8      	cbz	r0, 10005eb6 <stdio_usb_in_chars+0x7a>
10005e4a:	2000      	movs	r0, #0
10005e4c:	f001 fb18 	bl	10007480 <tud_cdc_n_available>
10005e50:	b388      	cbz	r0, 10005eb6 <stdio_usb_in_chars+0x7a>
10005e52:	f7fd f95b 	bl	1000310c <time_us_64>
10005e56:	f04f 3eff 	mov.w	lr, #4294967295	@ 0xffffffff
10005e5a:	f06f 4c00 	mvn.w	ip, #2147483648	@ 0x80000000
10005e5e:	4a17      	ldr	r2, [pc, #92]	@ (10005ebc <stdio_usb_in_chars+0x80>)
10005e60:	1882      	adds	r2, r0, r2
10005e62:	f141 0300 	adc.w	r3, r1, #0
10005e66:	4596      	cmp	lr, r2
10005e68:	eb7c 0103 	sbcs.w	r1, ip, r3
10005e6c:	bf3c      	itt	cc
10005e6e:	4672      	movcc	r2, lr
10005e70:	4663      	movcc	r3, ip
10005e72:	4813      	ldr	r0, [pc, #76]	@ (10005ec0 <stdio_usb_in_chars+0x84>)
10005e74:	f002 fef0 	bl	10008c58 <__mutex_try_enter_block_until_veneer>
10005e78:	b1e8      	cbz	r0, 10005eb6 <stdio_usb_in_chars+0x7a>
10005e7a:	2000      	movs	r0, #0
10005e7c:	f001 faea 	bl	10007454 <tud_cdc_n_connected>
10005e80:	b958      	cbnz	r0, 10005e9a <stdio_usb_in_chars+0x5e>
10005e82:	4601      	mov	r1, r0
10005e84:	f04f 30ff 	mov.w	r0, #4294967295	@ 0xffffffff
10005e88:	f000 fd10 	bl	100068ac <tud_task_ext>
10005e8c:	f06f 0402 	mvn.w	r4, #2
10005e90:	480b      	ldr	r0, [pc, #44]	@ (10005ec0 <stdio_usb_in_chars+0x84>)
10005e92:	f002 fef5 	bl	10008c80 <__mutex_exit_veneer>
10005e96:	4620      	mov	r0, r4
10005e98:	bd38      	pop	{r3, r4, r5, pc}
10005e9a:	2000      	movs	r0, #0
10005e9c:	f001 faf0 	bl	10007480 <tud_cdc_n_available>
10005ea0:	2800      	cmp	r0, #0
10005ea2:	d0ee      	beq.n	10005e82 <stdio_usb_in_chars+0x46>
10005ea4:	4621      	mov	r1, r4
10005ea6:	462a      	mov	r2, r5
10005ea8:	2000      	movs	r0, #0
10005eaa:	f001 faf3 	bl	10007494 <tud_cdc_n_read>
10005eae:	4604      	mov	r4, r0
10005eb0:	2800      	cmp	r0, #0
10005eb2:	d1ed      	bne.n	10005e90 <stdio_usb_in_chars+0x54>
10005eb4:	e7ea      	b.n	10005e8c <stdio_usb_in_chars+0x50>
10005eb6:	f06f 0402 	mvn.w	r4, #2
10005eba:	e7ec      	b.n	10005e96 <stdio_usb_in_chars+0x5a>
10005ebc:	000f4240 	.word	0x000f4240
10005ec0:	20013d6c 	.word	0x20013d6c

10005ec4 <stdio_usb_out_flush>:
10005ec4:	b508      	push	{r3, lr}
10005ec6:	f7fd f921 	bl	1000310c <time_us_64>
10005eca:	f04f 3eff 	mov.w	lr, #4294967295	@ 0xffffffff
10005ece:	f06f 4c00 	mvn.w	ip, #2147483648	@ 0x80000000
10005ed2:	4a0f      	ldr	r2, [pc, #60]	@ (10005f10 <stdio_usb_out_flush+0x4c>)
10005ed4:	1882      	adds	r2, r0, r2
10005ed6:	f141 0300 	adc.w	r3, r1, #0
10005eda:	4596      	cmp	lr, r2
10005edc:	eb7c 0103 	sbcs.w	r1, ip, r3
10005ee0:	bf3c      	itt	cc
10005ee2:	4672      	movcc	r2, lr
10005ee4:	4663      	movcc	r3, ip
10005ee6:	480b      	ldr	r0, [pc, #44]	@ (10005f14 <stdio_usb_out_flush+0x50>)
10005ee8:	f002 feb6 	bl	10008c58 <__mutex_try_enter_block_until_veneer>
10005eec:	b170      	cbz	r0, 10005f0c <stdio_usb_out_flush+0x48>
10005eee:	f04f 30ff 	mov.w	r0, #4294967295	@ 0xffffffff
10005ef2:	2100      	movs	r1, #0
10005ef4:	f000 fcda 	bl	100068ac <tud_task_ext>
10005ef8:	2000      	movs	r0, #0
10005efa:	f001 fae3 	bl	100074c4 <tud_cdc_n_write_flush>
10005efe:	2800      	cmp	r0, #0
10005f00:	d1f5      	bne.n	10005eee <stdio_usb_out_flush+0x2a>
10005f02:	e8bd 4008 	ldmia.w	sp!, {r3, lr}
10005f06:	4803      	ldr	r0, [pc, #12]	@ (10005f14 <stdio_usb_out_flush+0x50>)
10005f08:	f002 beba 	b.w	10008c80 <__mutex_exit_veneer>
10005f0c:	bd08      	pop	{r3, pc}
10005f0e:	bf00      	nop
10005f10:	000f4240 	.word	0x000f4240
10005f14:	20013d6c 	.word	0x20013d6c

10005f18 <stdio_usb_out_chars>:
10005f18:	e92d 41f0 	stmdb	sp!, {r4, r5, r6, r7, r8, lr}
10005f1c:	4607      	mov	r7, r0
10005f1e:	460e      	mov	r6, r1
10005f20:	f7fd f8f4 	bl	1000310c <time_us_64>
10005f24:	f04f 35ff 	mov.w	r5, #4294967295	@ 0xffffffff
10005f28:	f06f 4400 	mvn.w	r4, #2147483648	@ 0x80000000
10005f2c:	4a32      	ldr	r2, [pc, #200]	@ (10005ff8 <stdio_usb_out_chars+0xe0>)
10005f2e:	1882      	adds	r2, r0, r2
10005f30:	f141 0300 	adc.w	r3, r1, #0
10005f34:	4295      	cmp	r5, r2
10005f36:	eb74 0103 	sbcs.w	r1, r4, r3
10005f3a:	bf3c      	itt	cc
10005f3c:	462a      	movcc	r2, r5
10005f3e:	4623      	movcc	r3, r4
10005f40:	482e      	ldr	r0, [pc, #184]	@ (10005ffc <stdio_usb_out_chars+0xe4>)
10005f42:	f002 fe89 	bl	10008c58 <__mutex_try_enter_block_until_veneer>
10005f46:	b908      	cbnz	r0, 10005f4c <stdio_usb_out_chars+0x34>
10005f48:	e8bd 81f0 	ldmia.w	sp!, {r4, r5, r6, r7, r8, pc}
10005f4c:	2000      	movs	r0, #0
10005f4e:	f001 fa81 	bl	10007454 <tud_cdc_n_connected>
10005f52:	2800      	cmp	r0, #0
10005f54:	d045      	beq.n	10005fe2 <stdio_usb_out_chars+0xca>
10005f56:	2e00      	cmp	r6, #0
10005f58:	dd3e      	ble.n	10005fd8 <stdio_usb_out_chars+0xc0>
10005f5a:	2500      	movs	r5, #0
10005f5c:	f8df 80a4 	ldr.w	r8, [pc, #164]	@ 10006004 <stdio_usb_out_chars+0xec>
10005f60:	e012      	b.n	10005f88 <stdio_usb_out_chars+0x70>
10005f62:	4622      	mov	r2, r4
10005f64:	2000      	movs	r0, #0
10005f66:	f001 faf7 	bl	10007558 <tud_cdc_n_write>
10005f6a:	2100      	movs	r1, #0
10005f6c:	4405      	add	r5, r0
10005f6e:	f04f 30ff 	mov.w	r0, #4294967295	@ 0xffffffff
10005f72:	f000 fc9b 	bl	100068ac <tud_task_ext>
10005f76:	2000      	movs	r0, #0
10005f78:	f001 faa4 	bl	100074c4 <tud_cdc_n_write_flush>
10005f7c:	f7fd f8c6 	bl	1000310c <time_us_64>
10005f80:	e9c8 0100 	strd	r0, r1, [r8]
10005f84:	42ae      	cmp	r6, r5
10005f86:	dd27      	ble.n	10005fd8 <stdio_usb_out_chars+0xc0>
10005f88:	2000      	movs	r0, #0
10005f8a:	f001 fb03 	bl	10007594 <tud_cdc_n_write_available>
10005f8e:	1b74      	subs	r4, r6, r5
10005f90:	4284      	cmp	r4, r0
10005f92:	bfa8      	it	ge
10005f94:	4604      	movge	r4, r0
10005f96:	1979      	adds	r1, r7, r5
10005f98:	2c00      	cmp	r4, #0
10005f9a:	d1e2      	bne.n	10005f62 <stdio_usb_out_chars+0x4a>
10005f9c:	4621      	mov	r1, r4
10005f9e:	f04f 30ff 	mov.w	r0, #4294967295	@ 0xffffffff
10005fa2:	f000 fc83 	bl	100068ac <tud_task_ext>
10005fa6:	4620      	mov	r0, r4
10005fa8:	f001 fa8c 	bl	100074c4 <tud_cdc_n_write_flush>
10005fac:	4620      	mov	r0, r4
10005fae:	f001 fa51 	bl	10007454 <tud_cdc_n_connected>
10005fb2:	b188      	cbz	r0, 10005fd8 <stdio_usb_out_chars+0xc0>
10005fb4:	4620      	mov	r0, r4
10005fb6:	f001 faed 	bl	10007594 <tud_cdc_n_write_available>
10005fba:	2800      	cmp	r0, #0
10005fbc:	d1e2      	bne.n	10005f84 <stdio_usb_out_chars+0x6c>
10005fbe:	f7fd f8a5 	bl	1000310c <time_us_64>
10005fc2:	4a0f      	ldr	r2, [pc, #60]	@ (10006000 <stdio_usb_out_chars+0xe8>)
10005fc4:	f8d8 3000 	ldr.w	r3, [r8]
10005fc8:	189b      	adds	r3, r3, r2
10005fca:	f8d8 2004 	ldr.w	r2, [r8, #4]
10005fce:	f142 0200 	adc.w	r2, r2, #0
10005fd2:	4283      	cmp	r3, r0
10005fd4:	418a      	sbcs	r2, r1
10005fd6:	d2d5      	bcs.n	10005f84 <stdio_usb_out_chars+0x6c>
10005fd8:	4808      	ldr	r0, [pc, #32]	@ (10005ffc <stdio_usb_out_chars+0xe4>)
10005fda:	e8bd 41f0 	ldmia.w	sp!, {r4, r5, r6, r7, r8, lr}
10005fde:	f002 be4f 	b.w	10008c80 <__mutex_exit_veneer>
10005fe2:	2000      	movs	r0, #0
10005fe4:	e8bd 41f0 	ldmia.w	sp!, {r4, r5, r6, r7, r8, lr}
10005fe8:	2100      	movs	r1, #0
10005fea:	4b06      	ldr	r3, [pc, #24]	@ (10006004 <stdio_usb_out_chars+0xec>)
10005fec:	e9c3 0100 	strd	r0, r1, [r3]
10005ff0:	4802      	ldr	r0, [pc, #8]	@ (10005ffc <stdio_usb_out_chars+0xe4>)
10005ff2:	f002 be45 	b.w	10008c80 <__mutex_exit_veneer>
10005ff6:	bf00      	nop
10005ff8:	000f4240 	.word	0x000f4240
10005ffc:	20013d6c 	.word	0x20013d6c
10006000:	0007a120 	.word	0x0007a120
10006004:	200110e8 	.word	0x200110e8

10006008 <low_priority_worker_irq>:
10006008:	b510      	push	{r4, lr}
1000600a:	2100      	movs	r1, #0
1000600c:	b084      	sub	sp, #16
1000600e:	4832      	ldr	r0, [pc, #200]	@ (100060d8 <low_priority_worker_irq+0xd0>)
10006010:	f002 fe0e 	bl	10008c30 <__mutex_try_enter_veneer>
10006014:	bb28      	cbnz	r0, 10006062 <low_priority_worker_irq+0x5a>
10006016:	4b31      	ldr	r3, [pc, #196]	@ (100060dc <low_priority_worker_irq+0xd4>)
10006018:	681a      	ldr	r2, [r3, #0]
1000601a:	b302      	cbz	r2, 1000605e <low_priority_worker_irq+0x56>
1000601c:	f3ef 8110 	mrs	r1, PRIMASK
10006020:	b672      	cpsid	i
10006022:	e8d2 efcf 	ldaexb	lr, [r2]
10006026:	f05f 0c01 	movs.w	ip, #1
1000602a:	f1be 0f00 	cmp.w	lr, #0
1000602e:	d1f8      	bne.n	10006022 <low_priority_worker_irq+0x1a>
10006030:	e8c2 cf4e 	strexb	lr, ip, [r2]
10006034:	f1be 0f00 	cmp.w	lr, #0
10006038:	d1f3      	bne.n	10006022 <low_priority_worker_irq+0x1a>
1000603a:	f3bf 8f5f 	dmb	sy
1000603e:	f8df c0a8 	ldr.w	ip, [pc, #168]	@ 100060e8 <low_priority_worker_irq+0xe0>
10006042:	f8d3 e000 	ldr.w	lr, [r3]
10006046:	f89c 2000 	ldrb.w	r2, [ip]
1000604a:	6059      	str	r1, [r3, #4]
1000604c:	b2d3      	uxtb	r3, r2
1000604e:	2201      	movs	r2, #1
10006050:	f88c 2000 	strb.w	r2, [ip]
10006054:	e8ce 0f8f 	stlb	r0, [lr]
10006058:	f381 8810 	msr	PRIMASK, r1
1000605c:	b1cb      	cbz	r3, 10006092 <low_priority_worker_irq+0x8a>
1000605e:	b004      	add	sp, #16
10006060:	bd10      	pop	{r4, pc}
10006062:	2100      	movs	r1, #0
10006064:	f04f 30ff 	mov.w	r0, #4294967295	@ 0xffffffff
10006068:	f000 fc20 	bl	100068ac <tud_task_ext>
1000606c:	2000      	movs	r0, #0
1000606e:	f001 fa07 	bl	10007480 <tud_cdc_n_available>
10006072:	4604      	mov	r4, r0
10006074:	4818      	ldr	r0, [pc, #96]	@ (100060d8 <low_priority_worker_irq+0xd0>)
10006076:	f002 fe03 	bl	10008c80 <__mutex_exit_veneer>
1000607a:	2c00      	cmp	r4, #0
1000607c:	d0ef      	beq.n	1000605e <low_priority_worker_irq+0x56>
1000607e:	4b18      	ldr	r3, [pc, #96]	@ (100060e0 <low_priority_worker_irq+0xd8>)
10006080:	681b      	ldr	r3, [r3, #0]
10006082:	2b00      	cmp	r3, #0
10006084:	d0eb      	beq.n	1000605e <low_priority_worker_irq+0x56>
10006086:	4a17      	ldr	r2, [pc, #92]	@ (100060e4 <low_priority_worker_irq+0xdc>)
10006088:	6810      	ldr	r0, [r2, #0]
1000608a:	b004      	add	sp, #16
1000608c:	e8bd 4010 	ldmia.w	sp!, {r4, lr}
10006090:	4718      	bx	r3
10006092:	f7fc fe73 	bl	10002d7c <alarm_pool_get_default>
10006096:	4604      	mov	r4, r0
10006098:	f7fd f838 	bl	1000310c <time_us_64>
1000609c:	f04f 3eff 	mov.w	lr, #4294967295	@ 0xffffffff
100060a0:	f06f 4c00 	mvn.w	ip, #2147483648	@ 0x80000000
100060a4:	f510 727a 	adds.w	r2, r0, #1000	@ 0x3e8
100060a8:	f141 0300 	adc.w	r3, r1, #0
100060ac:	4596      	cmp	lr, r2
100060ae:	eb7c 0103 	sbcs.w	r1, ip, r3
100060b2:	bf38      	it	cc
100060b4:	4663      	movcc	r3, ip
100060b6:	f04f 0100 	mov.w	r1, #0
100060ba:	f04f 0c01 	mov.w	ip, #1
100060be:	bf38      	it	cc
100060c0:	4672      	movcc	r2, lr
100060c2:	f8df e028 	ldr.w	lr, [pc, #40]	@ 100060ec <low_priority_worker_irq+0xe4>
100060c6:	4620      	mov	r0, r4
100060c8:	e9cd 1c01 	strd	r1, ip, [sp, #4]
100060cc:	f8cd e000 	str.w	lr, [sp]
100060d0:	f7fc febe 	bl	10002e50 <alarm_pool_add_alarm_at>
100060d4:	b004      	add	sp, #16
100060d6:	bd10      	pop	{r4, pc}
100060d8:	20013d6c 	.word	0x20013d6c
100060dc:	20013a00 	.word	0x20013a00
100060e0:	20012d54 	.word	0x20012d54
100060e4:	20012d58 	.word	0x20012d58
100060e8:	20014856 	.word	0x20014856
100060ec:	10005dc1 	.word	0x10005dc1

100060f0 <stdio_usb_init>:
100060f0:	f04f 4350 	mov.w	r3, #3489660928	@ 0xd0000000
100060f4:	b530      	push	{r4, r5, lr}
100060f6:	b085      	sub	sp, #20
100060f8:	681c      	ldr	r4, [r3, #0]
100060fa:	f7fc fe3f 	bl	10002d7c <alarm_pool_get_default>
100060fe:	f7fc ff07 	bl	10002f10 <alarm_pool_core_num>
10006102:	42a0      	cmp	r0, r4
10006104:	d002      	beq.n	1000610c <stdio_usb_init+0x1c>
10006106:	2000      	movs	r0, #0
10006108:	b005      	add	sp, #20
1000610a:	bd30      	pop	{r4, r5, pc}
1000610c:	2100      	movs	r1, #0
1000610e:	4b2c      	ldr	r3, [pc, #176]	@ (100061c0 <stdio_usb_init+0xd0>)
10006110:	4608      	mov	r0, r1
10006112:	781b      	ldrb	r3, [r3, #0]
10006114:	f001 fc08 	bl	10007928 <tusb_rhport_init>
10006118:	482a      	ldr	r0, [pc, #168]	@ (100061c4 <stdio_usb_init+0xd4>)
1000611a:	6803      	ldr	r3, [r0, #0]
1000611c:	2b00      	cmp	r3, #0
1000611e:	d04b      	beq.n	100061b8 <stdio_usb_init+0xc8>
10006120:	2001      	movs	r0, #1
10006122:	f7fc fbe5 	bl	100028f0 <user_irq_claim_unused>
10006126:	4603      	mov	r3, r0
10006128:	4c27      	ldr	r4, [pc, #156]	@ (100061c8 <stdio_usb_init+0xd8>)
1000612a:	4928      	ldr	r1, [pc, #160]	@ (100061cc <stdio_usb_init+0xdc>)
1000612c:	b2c0      	uxtb	r0, r0
1000612e:	7023      	strb	r3, [r4, #0]
10006130:	f7fc fa74 	bl	1000261c <irq_set_exclusive_handler>
10006134:	7820      	ldrb	r0, [r4, #0]
10006136:	2101      	movs	r1, #1
10006138:	f7fc fa2e 	bl	10002598 <irq_set_enabled>
1000613c:	200e      	movs	r0, #14
1000613e:	f7fc fa5d 	bl	100025fc <irq_has_shared_handler>
10006142:	bb60      	cbnz	r0, 1000619e <stdio_usb_init+0xae>
10006144:	4b22      	ldr	r3, [pc, #136]	@ (100061d0 <stdio_usb_init+0xe0>)
10006146:	f06f 4400 	mvn.w	r4, #2147483648	@ 0x80000000
1000614a:	e9c3 0000 	strd	r0, r0, [r3]
1000614e:	f7fc fe15 	bl	10002d7c <alarm_pool_get_default>
10006152:	4605      	mov	r5, r0
10006154:	f7fc ffda 	bl	1000310c <time_us_64>
10006158:	f04f 3cff 	mov.w	ip, #4294967295	@ 0xffffffff
1000615c:	f510 727a 	adds.w	r2, r0, #1000	@ 0x3e8
10006160:	f141 0300 	adc.w	r3, r1, #0
10006164:	4594      	cmp	ip, r2
10006166:	eb74 0103 	sbcs.w	r1, r4, r3
1000616a:	bf38      	it	cc
1000616c:	4623      	movcc	r3, r4
1000616e:	f04f 0100 	mov.w	r1, #0
10006172:	f04f 0401 	mov.w	r4, #1
10006176:	bf38      	it	cc
10006178:	4662      	movcc	r2, ip
1000617a:	f8df c060 	ldr.w	ip, [pc, #96]	@ 100061dc <stdio_usb_init+0xec>
1000617e:	4628      	mov	r0, r5
10006180:	e9cd 1401 	strd	r1, r4, [sp, #4]
10006184:	f8cd c000 	str.w	ip, [sp]
10006188:	f7fc fe62 	bl	10002e50 <alarm_pool_add_alarm_at>
1000618c:	2800      	cmp	r0, #0
1000618e:	dbba      	blt.n	10006106 <stdio_usb_init+0x16>
10006190:	2101      	movs	r1, #1
10006192:	4810      	ldr	r0, [pc, #64]	@ (100061d4 <stdio_usb_init+0xe4>)
10006194:	f7ff fd60 	bl	10005c58 <stdio_set_driver_enabled>
10006198:	2001      	movs	r0, #1
1000619a:	b005      	add	sp, #20
1000619c:	bd30      	pop	{r4, r5, pc}
1000619e:	2001      	movs	r0, #1
100061a0:	f7fc f9c4 	bl	1000252c <spin_lock_claim_unused>
100061a4:	4601      	mov	r1, r0
100061a6:	480a      	ldr	r0, [pc, #40]	@ (100061d0 <stdio_usb_init+0xe0>)
100061a8:	f7fc fc02 	bl	100029b0 <critical_section_init_with_lock_num>
100061ac:	2200      	movs	r2, #0
100061ae:	200e      	movs	r0, #14
100061b0:	4909      	ldr	r1, [pc, #36]	@ (100061d8 <stdio_usb_init+0xe8>)
100061b2:	f7fc fa65 	bl	10002680 <irq_add_shared_handler>
100061b6:	e7eb      	b.n	10006190 <stdio_usb_init+0xa0>
100061b8:	f7fc fbde 	bl	10002978 <mutex_init>
100061bc:	e7b0      	b.n	10006120 <stdio_usb_init+0x30>
100061be:	bf00      	nop
100061c0:	10009750 	.word	0x10009750
100061c4:	20013d6c 	.word	0x20013d6c
100061c8:	20014855 	.word	0x20014855
100061cc:	10006009 	.word	0x10006009
100061d0:	20013a00 	.word	0x20013a00
100061d4:	20001140 	.word	0x20001140
100061d8:	10005e31 	.word	0x10005e31
100061dc:	10005dc1 	.word	0x10005dc1

100061e0 <tud_descriptor_device_cb>:
100061e0:	4800      	ldr	r0, [pc, #0]	@ (100061e4 <tud_descriptor_device_cb+0x4>)
100061e2:	4770      	bx	lr
100061e4:	1000960c 	.word	0x1000960c

100061e8 <tud_descriptor_configuration_cb>:
100061e8:	4800      	ldr	r0, [pc, #0]	@ (100061ec <tud_descriptor_configuration_cb+0x4>)
100061ea:	4770      	bx	lr
100061ec:	100095b8 	.word	0x100095b8

100061f0 <tud_descriptor_string_cb>:
100061f0:	b500      	push	{lr}
100061f2:	4a1c      	ldr	r2, [pc, #112]	@ (10006264 <tud_descriptor_string_cb+0x74>)
100061f4:	4603      	mov	r3, r0
100061f6:	7811      	ldrb	r1, [r2, #0]
100061f8:	b083      	sub	sp, #12
100061fa:	b331      	cbz	r1, 1000624a <tud_descriptor_string_cb+0x5a>
100061fc:	b963      	cbnz	r3, 10006218 <tud_descriptor_string_cb+0x28>
100061fe:	f240 4209 	movw	r2, #1033	@ 0x409
10006202:	f44f 7341 	mov.w	r3, #772	@ 0x304
10006206:	f8df c060 	ldr.w	ip, [pc, #96]	@ 10006268 <tud_descriptor_string_cb+0x78>
1000620a:	f8ac 2002 	strh.w	r2, [ip, #2]
1000620e:	4816      	ldr	r0, [pc, #88]	@ (10006268 <tud_descriptor_string_cb+0x78>)
10006210:	f8ac 3000 	strh.w	r3, [ip]
10006214:	b003      	add	sp, #12
10006216:	bd00      	pop	{pc}
10006218:	2b05      	cmp	r3, #5
1000621a:	d820      	bhi.n	1000625e <tud_descriptor_string_cb+0x6e>
1000621c:	4a13      	ldr	r2, [pc, #76]	@ (1000626c <tud_descriptor_string_cb+0x7c>)
1000621e:	f8df c048 	ldr.w	ip, [pc, #72]	@ 10006268 <tud_descriptor_string_cb+0x78>
10006222:	f852 1023 	ldr.w	r1, [r2, r3, lsl #2]
10006226:	4660      	mov	r0, ip
10006228:	2300      	movs	r3, #0
1000622a:	3901      	subs	r1, #1
1000622c:	e003      	b.n	10006236 <tud_descriptor_string_cb+0x46>
1000622e:	2b13      	cmp	r3, #19
10006230:	f820 2f02 	strh.w	r2, [r0, #2]!
10006234:	d010      	beq.n	10006258 <tud_descriptor_string_cb+0x68>
10006236:	f811 2f01 	ldrb.w	r2, [r1, #1]!
1000623a:	3301      	adds	r3, #1
1000623c:	b2db      	uxtb	r3, r3
1000623e:	2a00      	cmp	r2, #0
10006240:	d1f5      	bne.n	1000622e <tud_descriptor_string_cb+0x3e>
10006242:	005b      	lsls	r3, r3, #1
10006244:	f443 7340 	orr.w	r3, r3, #768	@ 0x300
10006248:	e7e1      	b.n	1000620e <tud_descriptor_string_cb+0x1e>
1000624a:	9001      	str	r0, [sp, #4]
1000624c:	2111      	movs	r1, #17
1000624e:	4610      	mov	r0, r2
10006250:	f000 f826 	bl	100062a0 <pico_get_unique_board_id_string>
10006254:	9b01      	ldr	r3, [sp, #4]
10006256:	e7d1      	b.n	100061fc <tud_descriptor_string_cb+0xc>
10006258:	f44f 734a 	mov.w	r3, #808	@ 0x328
1000625c:	e7d7      	b.n	1000620e <tud_descriptor_string_cb+0x1e>
1000625e:	2000      	movs	r0, #0
10006260:	e7d8      	b.n	10006214 <tud_descriptor_string_cb+0x24>
10006262:	bf00      	nop
10006264:	20014838 	.word	0x20014838
10006268:	20012d94 	.word	0x20012d94
1000626c:	100095a0 	.word	0x100095a0

10006270 <_retrieve_unique_id_on_boot>:
10006270:	b500      	push	{lr}
10006272:	f245 3047 	movw	r0, #21319	@ 0x5347
10006276:	b08b      	sub	sp, #44	@ 0x2c
10006278:	f7fd f936 	bl	100034e8 <rom_func_lookup>
1000627c:	2201      	movs	r2, #1
1000627e:	4603      	mov	r3, r0
10006280:	2109      	movs	r1, #9
10006282:	a801      	add	r0, sp, #4
10006284:	4798      	blx	r3
10006286:	4a05      	ldr	r2, [pc, #20]	@ (1000629c <_retrieve_unique_id_on_boot+0x2c>)
10006288:	ab05      	add	r3, sp, #20
1000628a:	a803      	add	r0, sp, #12
1000628c:	f813 1d01 	ldrb.w	r1, [r3, #-1]!
10006290:	4283      	cmp	r3, r0
10006292:	f802 1f01 	strb.w	r1, [r2, #1]!
10006296:	d1f9      	bne.n	1000628c <_retrieve_unique_id_on_boot+0x1c>
10006298:	b00b      	add	sp, #44	@ 0x2c
1000629a:	bd00      	pop	{pc}
1000629c:	20013d43 	.word	0x20013d43

100062a0 <pico_get_unique_board_id_string>:
100062a0:	2901      	cmp	r1, #1
100062a2:	b510      	push	{r4, lr}
100062a4:	4604      	mov	r4, r0
100062a6:	d01e      	beq.n	100062e6 <pico_get_unique_board_id_string+0x46>
100062a8:	f04f 0c00 	mov.w	ip, #0
100062ac:	4811      	ldr	r0, [pc, #68]	@ (100062f4 <pico_get_unique_board_id_string+0x54>)
100062ae:	3901      	subs	r1, #1
100062b0:	f104 3eff 	add.w	lr, r4, #4294967295	@ 0xffffffff
100062b4:	ea6f 020c 	mvn.w	r2, ip
100062b8:	ea4f 035c 	mov.w	r3, ip, lsr #1
100062bc:	5cc3      	ldrb	r3, [r0, r3]
100062be:	f002 0201 	and.w	r2, r2, #1
100062c2:	0092      	lsls	r2, r2, #2
100062c4:	4113      	asrs	r3, r2
100062c6:	f003 030f 	and.w	r3, r3, #15
100062ca:	2b09      	cmp	r3, #9
100062cc:	f10c 0c01 	add.w	ip, ip, #1
100062d0:	bfd4      	ite	le
100062d2:	3330      	addle	r3, #48	@ 0x30
100062d4:	3337      	addgt	r3, #55	@ 0x37
100062d6:	458c      	cmp	ip, r1
100062d8:	f80e 3f01 	strb.w	r3, [lr, #1]!
100062dc:	d006      	beq.n	100062ec <pico_get_unique_board_id_string+0x4c>
100062de:	f1bc 0f10 	cmp.w	ip, #16
100062e2:	d1e7      	bne.n	100062b4 <pico_get_unique_board_id_string+0x14>
100062e4:	3410      	adds	r4, #16
100062e6:	2300      	movs	r3, #0
100062e8:	7023      	strb	r3, [r4, #0]
100062ea:	bd10      	pop	{r4, pc}
100062ec:	2300      	movs	r3, #0
100062ee:	4464      	add	r4, ip
100062f0:	7023      	strb	r3, [r4, #0]
100062f2:	bd10      	pop	{r4, pc}
100062f4:	20013d44 	.word	0x20013d44

100062f8 <usb_reset_interface_init>:
100062f8:	4770      	bx	lr
100062fa:	bf00      	nop

100062fc <usb_reset_interface_reset>:
100062fc:	2200      	movs	r2, #0
100062fe:	4b01      	ldr	r3, [pc, #4]	@ (10006304 <usb_reset_interface_reset+0x8>)
10006300:	701a      	strb	r2, [r3, #0]
10006302:	4770      	bx	lr
10006304:	20014853 	.word	0x20014853

10006308 <usb_reset_interface_open>:
10006308:	794b      	ldrb	r3, [r1, #5]
1000630a:	2bff      	cmp	r3, #255	@ 0xff
1000630c:	d10b      	bne.n	10006326 <usb_reset_interface_open+0x1e>
1000630e:	7988      	ldrb	r0, [r1, #6]
10006310:	b948      	cbnz	r0, 10006326 <usb_reset_interface_open+0x1e>
10006312:	79cb      	ldrb	r3, [r1, #7]
10006314:	2b01      	cmp	r3, #1
10006316:	d107      	bne.n	10006328 <usb_reset_interface_open+0x20>
10006318:	2a08      	cmp	r2, #8
1000631a:	d905      	bls.n	10006328 <usb_reset_interface_open+0x20>
1000631c:	4b03      	ldr	r3, [pc, #12]	@ (1000632c <usb_reset_interface_open+0x24>)
1000631e:	788a      	ldrb	r2, [r1, #2]
10006320:	2009      	movs	r0, #9
10006322:	701a      	strb	r2, [r3, #0]
10006324:	4770      	bx	lr
10006326:	2000      	movs	r0, #0
10006328:	4770      	bx	lr
1000632a:	bf00      	nop
1000632c:	20014853 	.word	0x20014853

10006330 <usb_reset_interface_xfer_cb>:
10006330:	2001      	movs	r0, #1
10006332:	4770      	bx	lr

10006334 <usb_reset_interface_control_xfer_cb>:
10006334:	2901      	cmp	r1, #1
10006336:	d001      	beq.n	1000633c <usb_reset_interface_control_xfer_cb+0x8>
10006338:	2001      	movs	r0, #1
1000633a:	4770      	bx	lr
1000633c:	b508      	push	{r3, lr}
1000633e:	4b10      	ldr	r3, [pc, #64]	@ (10006380 <usb_reset_interface_control_xfer_cb+0x4c>)
10006340:	8891      	ldrh	r1, [r2, #4]
10006342:	781b      	ldrb	r3, [r3, #0]
10006344:	4299      	cmp	r1, r3
10006346:	d001      	beq.n	1000634c <usb_reset_interface_control_xfer_cb+0x18>
10006348:	2000      	movs	r0, #0
1000634a:	bd08      	pop	{r3, pc}
1000634c:	7853      	ldrb	r3, [r2, #1]
1000634e:	2b01      	cmp	r3, #1
10006350:	d008      	beq.n	10006364 <usb_reset_interface_control_xfer_cb+0x30>
10006352:	2b02      	cmp	r3, #2
10006354:	d1f8      	bne.n	10006348 <usb_reset_interface_control_xfer_cb+0x14>
10006356:	2100      	movs	r1, #0
10006358:	2264      	movs	r2, #100	@ 0x64
1000635a:	4608      	mov	r0, r1
1000635c:	f7fd f846 	bl	100033ec <watchdog_reboot>
10006360:	2001      	movs	r0, #1
10006362:	bd08      	pop	{r3, pc}
10006364:	8851      	ldrh	r1, [r2, #2]
10006366:	f411 7280 	ands.w	r2, r1, #256	@ 0x100
1000636a:	bf1a      	itte	ne
1000636c:	f3c1 12c0 	ubfxne	r2, r1, #7, #1
10006370:	0a48      	lsrne	r0, r1, #9
10006372:	f04f 30ff 	moveq.w	r0, #4294967295	@ 0xffffffff
10006376:	f001 0103 	and.w	r1, r1, #3
1000637a:	f7fd f8c1 	bl	10003500 <rom_reset_usb_boot_extra>
1000637e:	bf00      	nop
10006380:	20014853 	.word	0x20014853

10006384 <tud_descriptor_bos_cb>:
10006384:	4800      	ldr	r0, [pc, #0]	@ (10006388 <tud_descriptor_bos_cb+0x4>)
10006386:	4770      	bx	lr
10006388:	100096c8 	.word	0x100096c8

1000638c <tud_vendor_control_xfer_cb>:
1000638c:	2901      	cmp	r1, #1
1000638e:	d107      	bne.n	100063a0 <tud_vendor_control_xfer_cb+0x14>
10006390:	7853      	ldrb	r3, [r2, #1]
10006392:	2b01      	cmp	r3, #1
10006394:	d102      	bne.n	1000639c <tud_vendor_control_xfer_cb+0x10>
10006396:	8893      	ldrh	r3, [r2, #4]
10006398:	2b07      	cmp	r3, #7
1000639a:	d003      	beq.n	100063a4 <tud_vendor_control_xfer_cb+0x18>
1000639c:	2000      	movs	r0, #0
1000639e:	4770      	bx	lr
100063a0:	2001      	movs	r0, #1
100063a2:	4770      	bx	lr
100063a4:	4611      	mov	r1, r2
100063a6:	23a6      	movs	r3, #166	@ 0xa6
100063a8:	4a01      	ldr	r2, [pc, #4]	@ (100063b0 <tud_vendor_control_xfer_cb+0x24>)
100063aa:	f000 bf5d 	b.w	10007268 <tud_control_xfer>
100063ae:	bf00      	nop
100063b0:	10009620 	.word	0x10009620

100063b4 <usbd_app_driver_get_cb>:
100063b4:	4603      	mov	r3, r0
100063b6:	2201      	movs	r2, #1
100063b8:	4801      	ldr	r0, [pc, #4]	@ (100063c0 <usbd_app_driver_get_cb+0xc>)
100063ba:	701a      	strb	r2, [r3, #0]
100063bc:	4770      	bx	lr
100063be:	bf00      	nop
100063c0:	100096ec 	.word	0x100096ec

100063c4 <tud_cdc_line_coding_cb>:
100063c4:	b508      	push	{r3, lr}
100063c6:	680b      	ldr	r3, [r1, #0]
100063c8:	f5b3 6f96 	cmp.w	r3, #1200	@ 0x4b0
100063cc:	d000      	beq.n	100063d0 <tud_cdc_line_coding_cb+0xc>
100063ce:	bd08      	pop	{r3, pc}
100063d0:	2200      	movs	r2, #0
100063d2:	f04f 30ff 	mov.w	r0, #4294967295	@ 0xffffffff
100063d6:	4611      	mov	r1, r2
100063d8:	f7fd f892 	bl	10003500 <rom_reset_usb_boot_extra>

100063dc <hw_endpoint_init>:
100063dc:	b530      	push	{r4, r5, lr}
100063de:	4614      	mov	r4, r2
100063e0:	2200      	movs	r2, #0
100063e2:	f000 0c7f 	and.w	ip, r0, #127	@ 0x7f
100063e6:	f8df e084 	ldr.w	lr, [pc, #132]	@ 1000646c <hw_endpoint_init+0x90>
100063ea:	ea4f 034c 	mov.w	r3, ip, lsl #1
100063ee:	eb03 13d0 	add.w	r3, r3, r0, lsr #7
100063f2:	eb0e 1343 	add.w	r3, lr, r3, lsl #5
100063f6:	7098      	strb	r0, [r3, #2]
100063f8:	09c0      	lsrs	r0, r0, #7
100063fa:	8319      	strh	r1, [r3, #24]
100063fc:	f080 0101 	eor.w	r1, r0, #1
10006400:	76dc      	strb	r4, [r3, #27]
10006402:	70da      	strb	r2, [r3, #3]
10006404:	7059      	strb	r1, [r3, #1]
10006406:	ea4f 03cc 	mov.w	r3, ip, lsl #3
1000640a:	b9b0      	cbnz	r0, 1000643a <hw_endpoint_init+0x5e>
1000640c:	4914      	ldr	r1, [pc, #80]	@ (10006460 <hw_endpoint_init+0x84>)
1000640e:	3304      	adds	r3, #4
10006410:	eb0e 148c 	add.w	r4, lr, ip, lsl #6
10006414:	185d      	adds	r5, r3, r1
10006416:	60a5      	str	r5, [r4, #8]
10006418:	505a      	str	r2, [r3, r1]
1000641a:	f1bc 0f00 	cmp.w	ip, #0
1000641e:	d106      	bne.n	1000642e <hw_endpoint_init+0x52>
10006420:	4a10      	ldr	r2, [pc, #64]	@ (10006464 <hw_endpoint_init+0x88>)
10006422:	eb0e 1040 	add.w	r0, lr, r0, lsl #5
10006426:	60c2      	str	r2, [r0, #12]
10006428:	f8c0 c004 	str.w	ip, [r0, #4]
1000642c:	bd30      	pop	{r4, r5, pc}
1000642e:	4a0e      	ldr	r2, [pc, #56]	@ (10006468 <hw_endpoint_init+0x8c>)
10006430:	ea4f 03cc 	mov.w	r3, ip, lsl #3
10006434:	189a      	adds	r2, r3, r2
10006436:	6062      	str	r2, [r4, #4]
10006438:	bd30      	pop	{r4, r5, pc}
1000643a:	4909      	ldr	r1, [pc, #36]	@ (10006460 <hw_endpoint_init+0x84>)
1000643c:	eb0e 148c 	add.w	r4, lr, ip, lsl #6
10006440:	440b      	add	r3, r1
10006442:	62a3      	str	r3, [r4, #40]	@ 0x28
10006444:	f841 203c 	str.w	r2, [r1, ip, lsl #3]
10006448:	f1bc 0f00 	cmp.w	ip, #0
1000644c:	d0e8      	beq.n	10006420 <hw_endpoint_init+0x44>
1000644e:	ea4f 03cc 	mov.w	r3, ip, lsl #3
10006452:	f103 43a0 	add.w	r3, r3, #1342177280	@ 0x50000000
10006456:	f503 1380 	add.w	r3, r3, #1048576	@ 0x100000
1000645a:	6263      	str	r3, [r4, #36]	@ 0x24
1000645c:	bd30      	pop	{r4, r5, pc}
1000645e:	bf00      	nop
10006460:	50100080 	.word	0x50100080
10006464:	50100100 	.word	0x50100100
10006468:	50100004 	.word	0x50100004
1000646c:	20012dc8 	.word	0x20012dc8

10006470 <dcd_init>:
10006470:	b510      	push	{r4, lr}
10006472:	f000 f8ff 	bl	10006674 <rp2040_usb_init>
10006476:	230c      	movs	r3, #12
10006478:	4c1c      	ldr	r4, [pc, #112]	@ (100064ec <dcd_init+0x7c>)
1000647a:	22ff      	movs	r2, #255	@ 0xff
1000647c:	67a3      	str	r3, [r4, #120]	@ 0x78
1000647e:	200e      	movs	r0, #14
10006480:	491b      	ldr	r1, [pc, #108]	@ (100064f0 <dcd_init+0x80>)
10006482:	f7fc f8fd 	bl	10002680 <irq_add_shared_handler>
10006486:	2240      	movs	r2, #64	@ 0x40
10006488:	2100      	movs	r1, #0
1000648a:	481a      	ldr	r0, [pc, #104]	@ (100064f4 <dcd_init+0x84>)
1000648c:	f002 f9be 	bl	1000880c <memset>
10006490:	f04f 0c80 	mov.w	ip, #128	@ 0x80
10006494:	2001      	movs	r0, #1
10006496:	4a17      	ldr	r2, [pc, #92]	@ (100064f4 <dcd_init+0x84>)
10006498:	2300      	movs	r3, #0
1000649a:	f8a2 c022 	strh.w	ip, [r2, #34]	@ 0x22
1000649e:	7050      	strb	r0, [r2, #1]
100064a0:	4610      	mov	r0, r2
100064a2:	2240      	movs	r2, #64	@ 0x40
100064a4:	4914      	ldr	r1, [pc, #80]	@ (100064f8 <dcd_init+0x88>)
100064a6:	8302      	strh	r2, [r0, #24]
100064a8:	8702      	strh	r2, [r0, #56]	@ 0x38
100064aa:	4a14      	ldr	r2, [pc, #80]	@ (100064fc <dcd_init+0x8c>)
100064ac:	6081      	str	r1, [r0, #8]
100064ae:	6043      	str	r3, [r0, #4]
100064b0:	f8c2 3084 	str.w	r3, [r2, #132]	@ 0x84
100064b4:	f8c2 3080 	str.w	r3, [r2, #128]	@ 0x80
100064b8:	f880 3021 	strb.w	r3, [r0, #33]	@ 0x21
100064bc:	f880 303b 	strb.w	r3, [r0, #59]	@ 0x3b
100064c0:	6243      	str	r3, [r0, #36]	@ 0x24
100064c2:	4b0f      	ldr	r3, [pc, #60]	@ (10006500 <dcd_init+0x90>)
100064c4:	60c3      	str	r3, [r0, #12]
100064c6:	62c3      	str	r3, [r0, #44]	@ 0x2c
100064c8:	3b80      	subs	r3, #128	@ 0x80
100064ca:	6283      	str	r3, [r0, #40]	@ 0x28
100064cc:	f002 fbc8 	bl	10008c60 <__reset_non_control_endpoints_veneer>
100064d0:	f04f 5c00 	mov.w	ip, #536870912	@ 0x20000000
100064d4:	f44f 3280 	mov.w	r2, #65536	@ 0x10000
100064d8:	2001      	movs	r0, #1
100064da:	490a      	ldr	r1, [pc, #40]	@ (10006504 <dcd_init+0x94>)
100064dc:	4b0a      	ldr	r3, [pc, #40]	@ (10006508 <dcd_init+0x98>)
100064de:	6420      	str	r0, [r4, #64]	@ 0x40
100064e0:	f8c4 c04c 	str.w	ip, [r4, #76]	@ 0x4c
100064e4:	f8c4 1090 	str.w	r1, [r4, #144]	@ 0x90
100064e8:	64da      	str	r2, [r3, #76]	@ 0x4c
100064ea:	bd10      	pop	{r4, pc}
100064ec:	50110000 	.word	0x50110000
100064f0:	200003a9 	.word	0x200003a9
100064f4:	20012dc8 	.word	0x20012dc8
100064f8:	50100084 	.word	0x50100084
100064fc:	50100000 	.word	0x50100000
10006500:	50100100 	.word	0x50100100
10006504:	0001d010 	.word	0x0001d010
10006508:	50112000 	.word	0x50112000

1000650c <dcd_int_enable>:
1000650c:	2101      	movs	r1, #1
1000650e:	200e      	movs	r0, #14
10006510:	f7fc b842 	b.w	10002598 <irq_set_enabled>

10006514 <dcd_set_address>:
10006514:	2200      	movs	r2, #0
10006516:	4802      	ldr	r0, [pc, #8]	@ (10006520 <dcd_set_address+0xc>)
10006518:	4611      	mov	r1, r2
1000651a:	f000 b8cb 	b.w	100066b4 <hw_endpoint_xfer_start>
1000651e:	bf00      	nop
10006520:	20012de8 	.word	0x20012de8

10006524 <dcd_sof_enable>:
10006524:	4b04      	ldr	r3, [pc, #16]	@ (10006538 <dcd_sof_enable+0x14>)
10006526:	7019      	strb	r1, [r3, #0]
10006528:	b121      	cbz	r1, 10006534 <dcd_sof_enable+0x10>
1000652a:	f44f 3200 	mov.w	r2, #131072	@ 0x20000
1000652e:	4b03      	ldr	r3, [pc, #12]	@ (1000653c <dcd_sof_enable+0x18>)
10006530:	f8c3 2090 	str.w	r2, [r3, #144]	@ 0x90
10006534:	4770      	bx	lr
10006536:	bf00      	nop
10006538:	2001484f 	.word	0x2001484f
1000653c:	50112000 	.word	0x50112000

10006540 <dcd_edpt0_status_complete>:
10006540:	780b      	ldrb	r3, [r1, #0]
10006542:	065b      	lsls	r3, r3, #25
10006544:	d000      	beq.n	10006548 <dcd_edpt0_status_complete+0x8>
10006546:	4770      	bx	lr
10006548:	784b      	ldrb	r3, [r1, #1]
1000654a:	2b05      	cmp	r3, #5
1000654c:	d1fb      	bne.n	10006546 <dcd_edpt0_status_complete+0x6>
1000654e:	884b      	ldrh	r3, [r1, #2]
10006550:	4a01      	ldr	r2, [pc, #4]	@ (10006558 <dcd_edpt0_status_complete+0x18>)
10006552:	b2db      	uxtb	r3, r3
10006554:	6013      	str	r3, [r2, #0]
10006556:	e7f6      	b.n	10006546 <dcd_edpt0_status_complete+0x6>
10006558:	50110000 	.word	0x50110000

1000655c <dcd_edpt_open>:
1000655c:	78ca      	ldrb	r2, [r1, #3]
1000655e:	f002 0203 	and.w	r2, r2, #3
10006562:	2a01      	cmp	r2, #1
10006564:	d03c      	beq.n	100065e0 <dcd_edpt_open+0x84>
10006566:	b500      	push	{lr}
10006568:	7888      	ldrb	r0, [r1, #2]
1000656a:	8889      	ldrh	r1, [r1, #4]
1000656c:	b083      	sub	sp, #12
1000656e:	f000 037f 	and.w	r3, r0, #127	@ 0x7f
10006572:	f3c1 010a 	ubfx	r1, r1, #0, #11
10006576:	e9cd 0300 	strd	r0, r3, [sp]
1000657a:	f7ff ff2f 	bl	100063dc <hw_endpoint_init>
1000657e:	e9dd 0300 	ldrd	r0, r3, [sp]
10006582:	b913      	cbnz	r3, 1000658a <dcd_edpt_open+0x2e>
10006584:	2001      	movs	r0, #1
10006586:	b003      	add	sp, #12
10006588:	bd00      	pop	{pc}
1000658a:	4917      	ldr	r1, [pc, #92]	@ (100065e8 <dcd_edpt_open+0x8c>)
1000658c:	005b      	lsls	r3, r3, #1
1000658e:	eb03 1cd0 	add.w	ip, r3, r0, lsr #7
10006592:	eb01 1c4c 	add.w	ip, r1, ip, lsl #5
10006596:	f8bc 2018 	ldrh.w	r2, [ip, #24]
1000659a:	eb03 13d0 	add.w	r3, r3, r0, lsr #7
1000659e:	f89c c01b 	ldrb.w	ip, [ip, #27]
100065a2:	4812      	ldr	r0, [pc, #72]	@ (100065ec <dcd_edpt_open+0x90>)
100065a4:	323f      	adds	r2, #63	@ 0x3f
100065a6:	0992      	lsrs	r2, r2, #6
100065a8:	f1bc 0f02 	cmp.w	ip, #2
100065ac:	eb01 1143 	add.w	r1, r1, r3, lsl #5
100065b0:	6803      	ldr	r3, [r0, #0]
100065b2:	bf14      	ite	ne
100065b4:	0192      	lslne	r2, r2, #6
100065b6:	01d2      	lsleq	r2, r2, #7
100065b8:	f8df e034 	ldr.w	lr, [pc, #52]	@ 100065f0 <dcd_edpt_open+0x94>
100065bc:	441a      	add	r2, r3
100065be:	4572      	cmp	r2, lr
100065c0:	6002      	str	r2, [r0, #0]
100065c2:	60cb      	str	r3, [r1, #12]
100065c4:	d80e      	bhi.n	100065e4 <dcd_edpt_open+0x88>
100065c6:	2001      	movs	r0, #1
100065c8:	f083 43a0 	eor.w	r3, r3, #1342177280	@ 0x50000000
100065cc:	f483 1380 	eor.w	r3, r3, #1048576	@ 0x100000
100065d0:	684a      	ldr	r2, [r1, #4]
100065d2:	ea43 638c 	orr.w	r3, r3, ip, lsl #26
100065d6:	f043 4300 	orr.w	r3, r3, #2147483648	@ 0x80000000
100065da:	6013      	str	r3, [r2, #0]
100065dc:	b003      	add	sp, #12
100065de:	bd00      	pop	{pc}
100065e0:	2000      	movs	r0, #0
100065e2:	4770      	bx	lr
100065e4:	f7fc ffca 	bl	1000357c <hard_assertion_failure>
100065e8:	20012dc8 	.word	0x20012dc8
100065ec:	200139f8 	.word	0x200139f8
100065f0:	50100fff 	.word	0x50100fff

100065f4 <dcd_edpt_close_all>:
100065f4:	f002 bb34 	b.w	10008c60 <__reset_non_control_endpoints_veneer>

100065f8 <dcd_edpt_xfer>:
100065f8:	b508      	push	{r3, lr}
100065fa:	4696      	mov	lr, r2
100065fc:	f8df c01c 	ldr.w	ip, [pc, #28]	@ 1000661c <dcd_edpt_xfer+0x24>
10006600:	f001 027f 	and.w	r2, r1, #127	@ 0x7f
10006604:	09c8      	lsrs	r0, r1, #7
10006606:	eb00 0042 	add.w	r0, r0, r2, lsl #1
1000660a:	eb0c 1040 	add.w	r0, ip, r0, lsl #5
1000660e:	461a      	mov	r2, r3
10006610:	4671      	mov	r1, lr
10006612:	f000 f84f 	bl	100066b4 <hw_endpoint_xfer_start>
10006616:	2001      	movs	r0, #1
10006618:	bd08      	pop	{r3, pc}
1000661a:	bf00      	nop
1000661c:	20012dc8 	.word	0x20012dc8

10006620 <dcd_edpt_stall>:
10006620:	f011 027f 	ands.w	r2, r1, #127	@ 0x7f
10006624:	d105      	bne.n	10006632 <dcd_edpt_stall+0x12>
10006626:	2900      	cmp	r1, #0
10006628:	bf0c      	ite	eq
1000662a:	2002      	moveq	r0, #2
1000662c:	2001      	movne	r0, #1
1000662e:	4b06      	ldr	r3, [pc, #24]	@ (10006648 <dcd_edpt_stall+0x28>)
10006630:	6698      	str	r0, [r3, #104]	@ 0x68
10006632:	09c9      	lsrs	r1, r1, #7
10006634:	4b05      	ldr	r3, [pc, #20]	@ (1000664c <dcd_edpt_stall+0x2c>)
10006636:	eb01 0042 	add.w	r0, r1, r2, lsl #1
1000663a:	eb03 1040 	add.w	r0, r3, r0, lsl #5
1000663e:	f44f 6200 	mov.w	r2, #2048	@ 0x800
10006642:	2100      	movs	r1, #0
10006644:	f002 bb10 	b.w	10008c68 <___hw_endpoint_buffer_control_update32_veneer>
10006648:	50112000 	.word	0x50112000
1000664c:	20012dc8 	.word	0x20012dc8

10006650 <dcd_edpt_clear_stall>:
10006650:	f011 037f 	ands.w	r3, r1, #127	@ 0x7f
10006654:	d100      	bne.n	10006658 <dcd_edpt_clear_stall+0x8>
10006656:	4770      	bx	lr
10006658:	2200      	movs	r2, #0
1000665a:	4805      	ldr	r0, [pc, #20]	@ (10006670 <dcd_edpt_clear_stall+0x20>)
1000665c:	005b      	lsls	r3, r3, #1
1000665e:	eb03 13d1 	add.w	r3, r3, r1, lsr #7
10006662:	eb00 1043 	add.w	r0, r0, r3, lsl #5
10006666:	f46f 6100 	mvn.w	r1, #2048	@ 0x800
1000666a:	70c2      	strb	r2, [r0, #3]
1000666c:	f002 bafc 	b.w	10008c68 <___hw_endpoint_buffer_control_update32_veneer>
10006670:	20012dc8 	.word	0x20012dc8

10006674 <rp2040_usb_init>:
10006674:	f04f 5280 	mov.w	r2, #268435456	@ 0x10000000
10006678:	4809      	ldr	r0, [pc, #36]	@ (100066a0 <rp2040_usb_init+0x2c>)
1000667a:	490a      	ldr	r1, [pc, #40]	@ (100066a4 <rp2040_usb_init+0x30>)
1000667c:	b508      	push	{r3, lr}
1000667e:	4b0a      	ldr	r3, [pc, #40]	@ (100066a8 <rp2040_usb_init+0x34>)
10006680:	6002      	str	r2, [r0, #0]
10006682:	600a      	str	r2, [r1, #0]
10006684:	6899      	ldr	r1, [r3, #8]
10006686:	43c9      	mvns	r1, r1
10006688:	f011 5180 	ands.w	r1, r1, #268435456	@ 0x10000000
1000668c:	d1fa      	bne.n	10006684 <rp2040_usb_init+0x10>
1000668e:	f44f 5280 	mov.w	r2, #4096	@ 0x1000
10006692:	4806      	ldr	r0, [pc, #24]	@ (100066ac <rp2040_usb_init+0x38>)
10006694:	f002 f8ba 	bl	1000880c <memset>
10006698:	2209      	movs	r2, #9
1000669a:	4b05      	ldr	r3, [pc, #20]	@ (100066b0 <rp2040_usb_init+0x3c>)
1000669c:	675a      	str	r2, [r3, #116]	@ 0x74
1000669e:	bd08      	pop	{r3, pc}
100066a0:	40022000 	.word	0x40022000
100066a4:	40023000 	.word	0x40023000
100066a8:	40020000 	.word	0x40020000
100066ac:	50100000 	.word	0x50100000
100066b0:	50110000 	.word	0x50110000

100066b4 <hw_endpoint_xfer_start>:
100066b4:	2300      	movs	r3, #0
100066b6:	f04f 0c01 	mov.w	ip, #1
100066ba:	b510      	push	{r4, lr}
100066bc:	6101      	str	r1, [r0, #16]
100066be:	f880 c01a 	strb.w	ip, [r0, #26]
100066c2:	8282      	strh	r2, [r0, #20]
100066c4:	82c3      	strh	r3, [r0, #22]
100066c6:	4604      	mov	r4, r0
100066c8:	f002 fad2 	bl	10008c70 <__e15_is_bulkin_ep_veneer>
100066cc:	b120      	cbz	r0, 100066d8 <hw_endpoint_xfer_start+0x24>
100066ce:	f44f 3200 	mov.w	r2, #131072	@ 0x20000
100066d2:	4b07      	ldr	r3, [pc, #28]	@ (100066f0 <hw_endpoint_xfer_start+0x3c>)
100066d4:	f8c3 2090 	str.w	r2, [r3, #144]	@ 0x90
100066d8:	4620      	mov	r0, r4
100066da:	f002 faad 	bl	10008c38 <__e15_is_critical_frame_period_veneer>
100066de:	b110      	cbz	r0, 100066e6 <hw_endpoint_xfer_start+0x32>
100066e0:	2301      	movs	r3, #1
100066e2:	7723      	strb	r3, [r4, #28]
100066e4:	bd10      	pop	{r4, pc}
100066e6:	4620      	mov	r0, r4
100066e8:	e8bd 4010 	ldmia.w	sp!, {r4, lr}
100066ec:	f002 bac4 	b.w	10008c78 <__hw_endpoint_start_next_buffer_veneer>
100066f0:	50112000 	.word	0x50112000

100066f4 <configuration_reset>:
100066f4:	e92d 41f0 	stmdb	sp!, {r4, r5, r6, r7, r8, lr}
100066f8:	f04f 0800 	mov.w	r8, #0
100066fc:	4c1b      	ldr	r4, [pc, #108]	@ (1000676c <configuration_reset+0x78>)
100066fe:	4605      	mov	r5, r0
10006700:	4642      	mov	r2, r8
10006702:	7823      	ldrb	r3, [r4, #0]
10006704:	4f1a      	ldr	r7, [pc, #104]	@ (10006770 <configuration_reset+0x7c>)
10006706:	4e1b      	ldr	r6, [pc, #108]	@ (10006774 <configuration_reset+0x80>)
10006708:	e00d      	b.n	10006726 <configuration_reset+0x32>
1000670a:	6833      	ldr	r3, [r6, #0]
1000670c:	eb13 1342 	adds.w	r3, r3, r2, lsl #5
10006710:	d023      	beq.n	1000675a <configuration_reset+0x66>
10006712:	68db      	ldr	r3, [r3, #12]
10006714:	4628      	mov	r0, r5
10006716:	4798      	blx	r3
10006718:	f108 0801 	add.w	r8, r8, #1
1000671c:	7823      	ldrb	r3, [r4, #0]
1000671e:	fa5f f288 	uxtb.w	r2, r8
10006722:	4293      	cmp	r3, r2
10006724:	d306      	bcc.n	10006734 <configuration_reset+0x40>
10006726:	4293      	cmp	r3, r2
10006728:	eba2 0303 	sub.w	r3, r2, r3
1000672c:	d8ed      	bhi.n	1000670a <configuration_reset+0x16>
1000672e:	eb07 1343 	add.w	r3, r7, r3, lsl #5
10006732:	e7ee      	b.n	10006712 <configuration_reset+0x1e>
10006734:	2254      	movs	r2, #84	@ 0x54
10006736:	2100      	movs	r1, #0
10006738:	480f      	ldr	r0, [pc, #60]	@ (10006778 <configuration_reset+0x84>)
1000673a:	f002 f867 	bl	1000880c <memset>
1000673e:	f04f 33ff 	mov.w	r3, #4294967295	@ 0xffffffff
10006742:	4c0d      	ldr	r4, [pc, #52]	@ (10006778 <configuration_reset+0x84>)
10006744:	2220      	movs	r2, #32
10006746:	e9c4 3301 	strd	r3, r3, [r4, #4]
1000674a:	e9c4 3303 	strd	r3, r3, [r4, #12]
1000674e:	21ff      	movs	r1, #255	@ 0xff
10006750:	e8bd 41f0 	ldmia.w	sp!, {r4, r5, r6, r7, r8, lr}
10006754:	4809      	ldr	r0, [pc, #36]	@ (1000677c <configuration_reset+0x88>)
10006756:	f002 b859 	b.w	1000880c <memset>
1000675a:	f04f 23e0 	mov.w	r3, #3758153728	@ 0xe000e000
1000675e:	f8d3 3df0 	ldr.w	r3, [r3, #3568]	@ 0xdf0
10006762:	07db      	lsls	r3, r3, #31
10006764:	d500      	bpl.n	10006768 <configuration_reset+0x74>
10006766:	be00      	bkpt	0x0000
10006768:	e8bd 81f0 	ldmia.w	sp!, {r4, r5, r6, r7, r8, pc}
1000676c:	2001484e 	.word	0x2001484e
10006770:	1000970c 	.word	0x1000970c
10006774:	200110f8 	.word	0x200110f8
10006778:	20011200 	.word	0x20011200
1000677c:	20011214 	.word	0x20011214

10006780 <tud_event_hook_cb>:
10006780:	4770      	bx	lr
10006782:	bf00      	nop

10006784 <tud_sof_cb>:
10006784:	4770      	bx	lr
10006786:	bf00      	nop

10006788 <tud_descriptor_device_qualifier_cb>:
10006788:	2000      	movs	r0, #0
1000678a:	4770      	bx	lr

1000678c <tud_descriptor_other_speed_configuration_cb>:
1000678c:	2000      	movs	r0, #0
1000678e:	4770      	bx	lr

10006790 <tud_mount_cb>:
10006790:	4770      	bx	lr
10006792:	bf00      	nop

10006794 <tud_umount_cb>:
10006794:	4770      	bx	lr
10006796:	bf00      	nop

10006798 <tud_suspend_cb>:
10006798:	4770      	bx	lr
1000679a:	bf00      	nop

1000679c <tud_resume_cb>:
1000679c:	4770      	bx	lr
1000679e:	bf00      	nop

100067a0 <tud_mounted>:
100067a0:	4b02      	ldr	r3, [pc, #8]	@ (100067ac <tud_mounted+0xc>)
100067a2:	7858      	ldrb	r0, [r3, #1]
100067a4:	3800      	subs	r0, #0
100067a6:	bf18      	it	ne
100067a8:	2001      	movne	r0, #1
100067aa:	4770      	bx	lr
100067ac:	20011200 	.word	0x20011200

100067b0 <tud_suspended>:
100067b0:	4b02      	ldr	r3, [pc, #8]	@ (100067bc <tud_suspended+0xc>)
100067b2:	7818      	ldrb	r0, [r3, #0]
100067b4:	f3c0 0080 	ubfx	r0, r0, #2, #1
100067b8:	4770      	bx	lr
100067ba:	bf00      	nop
100067bc:	20011200 	.word	0x20011200

100067c0 <tud_rhport_init>:
100067c0:	e92d 47f0 	stmdb	sp!, {r4, r5, r6, r7, r8, r9, sl, lr}
100067c4:	4f2d      	ldr	r7, [pc, #180]	@ (1000687c <tud_rhport_init+0xbc>)
100067c6:	783b      	ldrb	r3, [r7, #0]
100067c8:	2bff      	cmp	r3, #255	@ 0xff
100067ca:	d154      	bne.n	10006876 <tud_rhport_init+0xb6>
100067cc:	2900      	cmp	r1, #0
100067ce:	d03d      	beq.n	1000684c <tud_rhport_init+0x8c>
100067d0:	2254      	movs	r2, #84	@ 0x54
100067d2:	468a      	mov	sl, r1
100067d4:	4681      	mov	r9, r0
100067d6:	2100      	movs	r1, #0
100067d8:	4829      	ldr	r0, [pc, #164]	@ (10006880 <tud_rhport_init+0xc0>)
100067da:	f002 f817 	bl	1000880c <memset>
100067de:	2200      	movs	r2, #0
100067e0:	4c28      	ldr	r4, [pc, #160]	@ (10006884 <tud_rhport_init+0xc4>)
100067e2:	4b29      	ldr	r3, [pc, #164]	@ (10006888 <tud_rhport_init+0xc8>)
100067e4:	4620      	mov	r0, r4
100067e6:	701a      	strb	r2, [r3, #0]
100067e8:	f7fc f8c6 	bl	10002978 <mutex_init>
100067ec:	4b27      	ldr	r3, [pc, #156]	@ (1000688c <tud_rhport_init+0xcc>)
100067ee:	4828      	ldr	r0, [pc, #160]	@ (10006890 <tud_rhport_init+0xd0>)
100067f0:	601c      	str	r4, [r3, #0]
100067f2:	4c28      	ldr	r4, [pc, #160]	@ (10006894 <tud_rhport_init+0xd4>)
100067f4:	f7fc f8ce 	bl	10002994 <critical_section_init>
100067f8:	4620      	mov	r0, r4
100067fa:	f001 fba7 	bl	10007f4c <tu_fifo_clear>
100067fe:	4a26      	ldr	r2, [pc, #152]	@ (10006898 <tud_rhport_init+0xd8>)
10006800:	4b26      	ldr	r3, [pc, #152]	@ (1000689c <tud_rhport_init+0xdc>)
10006802:	6014      	str	r4, [r2, #0]
10006804:	b123      	cbz	r3, 10006810 <tud_rhport_init+0x50>
10006806:	4826      	ldr	r0, [pc, #152]	@ (100068a0 <tud_rhport_init+0xe0>)
10006808:	f7ff fdd4 	bl	100063b4 <usbd_app_driver_get_cb>
1000680c:	4b25      	ldr	r3, [pc, #148]	@ (100068a4 <tud_rhport_init+0xe4>)
1000680e:	6018      	str	r0, [r3, #0]
10006810:	f04f 0800 	mov.w	r8, #0
10006814:	4c22      	ldr	r4, [pc, #136]	@ (100068a0 <tud_rhport_init+0xe0>)
10006816:	4643      	mov	r3, r8
10006818:	7822      	ldrb	r2, [r4, #0]
1000681a:	4e23      	ldr	r6, [pc, #140]	@ (100068a8 <tud_rhport_init+0xe8>)
1000681c:	4d21      	ldr	r5, [pc, #132]	@ (100068a4 <tud_rhport_init+0xe4>)
1000681e:	e00d      	b.n	1000683c <tud_rhport_init+0x7c>
10006820:	682a      	ldr	r2, [r5, #0]
10006822:	eb12 1343 	adds.w	r3, r2, r3, lsl #5
10006826:	d011      	beq.n	1000684c <tud_rhport_init+0x8c>
10006828:	685b      	ldr	r3, [r3, #4]
1000682a:	b17b      	cbz	r3, 1000684c <tud_rhport_init+0x8c>
1000682c:	4798      	blx	r3
1000682e:	f108 0801 	add.w	r8, r8, #1
10006832:	7822      	ldrb	r2, [r4, #0]
10006834:	fa5f f388 	uxtb.w	r3, r8
10006838:	429a      	cmp	r2, r3
1000683a:	d311      	bcc.n	10006860 <tud_rhport_init+0xa0>
1000683c:	429a      	cmp	r2, r3
1000683e:	d8ef      	bhi.n	10006820 <tud_rhport_init+0x60>
10006840:	1a9b      	subs	r3, r3, r2
10006842:	eb06 1343 	add.w	r3, r6, r3, lsl #5
10006846:	685b      	ldr	r3, [r3, #4]
10006848:	2b00      	cmp	r3, #0
1000684a:	d1ef      	bne.n	1000682c <tud_rhport_init+0x6c>
1000684c:	f04f 23e0 	mov.w	r3, #3758153728	@ 0xe000e000
10006850:	f8d3 3df0 	ldr.w	r3, [r3, #3568]	@ 0xdf0
10006854:	07db      	lsls	r3, r3, #31
10006856:	d500      	bpl.n	1000685a <tud_rhport_init+0x9a>
10006858:	be00      	bkpt	0x0000
1000685a:	2000      	movs	r0, #0
1000685c:	e8bd 87f0 	ldmia.w	sp!, {r4, r5, r6, r7, r8, r9, sl, pc}
10006860:	4651      	mov	r1, sl
10006862:	4648      	mov	r0, r9
10006864:	f887 9000 	strb.w	r9, [r7]
10006868:	f7ff fe02 	bl	10006470 <dcd_init>
1000686c:	2800      	cmp	r0, #0
1000686e:	d0ed      	beq.n	1000684c <tud_rhport_init+0x8c>
10006870:	4648      	mov	r0, r9
10006872:	f7ff fe4b 	bl	1000650c <dcd_int_enable>
10006876:	2001      	movs	r0, #1
10006878:	e8bd 87f0 	ldmia.w	sp!, {r4, r5, r6, r7, r8, r9, sl, pc}
1000687c:	20001174 	.word	0x20001174
10006880:	20011200 	.word	0x20011200
10006884:	200111f8 	.word	0x200111f8
10006888:	20014850 	.word	0x20014850
1000688c:	20011254 	.word	0x20011254
10006890:	2000116c 	.word	0x2000116c
10006894:	20001158 	.word	0x20001158
10006898:	20011258 	.word	0x20011258
1000689c:	100063b5 	.word	0x100063b5
100068a0:	2001484e 	.word	0x2001484e
100068a4:	200110f8 	.word	0x200110f8
100068a8:	1000970c 	.word	0x1000970c

100068ac <tud_task_ext>:
100068ac:	4ba4      	ldr	r3, [pc, #656]	@ (10006b40 <tud_task_ext+0x294>)
100068ae:	781b      	ldrb	r3, [r3, #0]
100068b0:	2bff      	cmp	r3, #255	@ 0xff
100068b2:	f000 8112 	beq.w	10006ada <tud_task_ext+0x22e>
100068b6:	e92d 4ff0 	stmdb	sp!, {r4, r5, r6, r7, r8, r9, sl, fp, lr}
100068ba:	4ca2      	ldr	r4, [pc, #648]	@ (10006b44 <tud_task_ext+0x298>)
100068bc:	4da2      	ldr	r5, [pc, #648]	@ (10006b48 <tud_task_ext+0x29c>)
100068be:	f8df 829c 	ldr.w	r8, [pc, #668]	@ 10006b5c <tud_task_ext+0x2b0>
100068c2:	4ea2      	ldr	r6, [pc, #648]	@ (10006b4c <tud_task_ext+0x2a0>)
100068c4:	b08b      	sub	sp, #44	@ 0x2c
100068c6:	6827      	ldr	r7, [r4, #0]
100068c8:	697b      	ldr	r3, [r7, #20]
100068ca:	f3ef 8210 	mrs	r2, PRIMASK
100068ce:	b672      	cpsid	i
100068d0:	e8d3 0fcf 	ldaexb	r0, [r3]
100068d4:	2101      	movs	r1, #1
100068d6:	2800      	cmp	r0, #0
100068d8:	d1fa      	bne.n	100068d0 <tud_task_ext+0x24>
100068da:	e8c3 1f40 	strexb	r0, r1, [r3]
100068de:	2800      	cmp	r0, #0
100068e0:	d1f6      	bne.n	100068d0 <tud_task_ext+0x24>
100068e2:	f3bf 8f5f 	dmb	sy
100068e6:	61ba      	str	r2, [r7, #24]
100068e8:	4638      	mov	r0, r7
100068ea:	a907      	add	r1, sp, #28
100068ec:	f001 f9d8 	bl	10007ca0 <tu_fifo_read>
100068f0:	2300      	movs	r3, #0
100068f2:	697a      	ldr	r2, [r7, #20]
100068f4:	e8c2 3f8f 	stlb	r3, [r2]
100068f8:	69bb      	ldr	r3, [r7, #24]
100068fa:	f383 8810 	msr	PRIMASK, r3
100068fe:	2800      	cmp	r0, #0
10006900:	f000 80c6 	beq.w	10006a90 <tud_task_ext+0x1e4>
10006904:	f89d 301d 	ldrb.w	r3, [sp, #29]
10006908:	3b01      	subs	r3, #1
1000690a:	2b07      	cmp	r3, #7
1000690c:	f200 8383 	bhi.w	10007016 <tud_task_ext+0x76a>
10006910:	e8df f003 	tbb	[pc, r3]
10006914:	9991ada3 	.word	0x9991ada3
10006918:	040a358a 	.word	0x040a358a
1000691c:	9b08      	ldr	r3, [sp, #32]
1000691e:	2b00      	cmp	r3, #0
10006920:	d0d1      	beq.n	100068c6 <tud_task_ext+0x1a>
10006922:	9809      	ldr	r0, [sp, #36]	@ 0x24
10006924:	4798      	blx	r3
10006926:	e7ce      	b.n	100068c6 <tud_task_ext+0x1a>
10006928:	f89d 1020 	ldrb.w	r1, [sp, #32]
1000692c:	f001 077f 	and.w	r7, r1, #127	@ 0x7f
10006930:	eb05 0047 	add.w	r0, r5, r7, lsl #1
10006934:	eb00 10d1 	add.w	r0, r0, r1, lsr #7
10006938:	f890 3034 	ldrb.w	r3, [r0, #52]	@ 0x34
1000693c:	f023 0301 	bic.w	r3, r3, #1
10006940:	f880 3034 	strb.w	r3, [r0, #52]	@ 0x34
10006944:	f890 3034 	ldrb.w	r3, [r0, #52]	@ 0x34
10006948:	f023 0304 	bic.w	r3, r3, #4
1000694c:	f880 3034 	strb.w	r3, [r0, #52]	@ 0x34
10006950:	2f00      	cmp	r7, #0
10006952:	f000 80a0 	beq.w	10006a96 <tud_task_ext+0x1ea>
10006956:	7d02      	ldrb	r2, [r0, #20]
10006958:	f898 3000 	ldrb.w	r3, [r8]
1000695c:	429a      	cmp	r2, r3
1000695e:	f080 808f 	bcs.w	10006a80 <tud_task_ext+0x1d4>
10006962:	4b7b      	ldr	r3, [pc, #492]	@ (10006b50 <tud_task_ext+0x2a4>)
10006964:	681b      	ldr	r3, [r3, #0]
10006966:	eb13 1342 	adds.w	r3, r3, r2, lsl #5
1000696a:	f000 808a 	beq.w	10006a82 <tud_task_ext+0x1d6>
1000696e:	699f      	ldr	r7, [r3, #24]
10006970:	f89d 2021 	ldrb.w	r2, [sp, #33]	@ 0x21
10006974:	9b09      	ldr	r3, [sp, #36]	@ 0x24
10006976:	f89d 001c 	ldrb.w	r0, [sp, #28]
1000697a:	47b8      	blx	r7
1000697c:	e7a3      	b.n	100068c6 <tud_task_ext+0x1a>
1000697e:	7833      	ldrb	r3, [r6, #0]
10006980:	2b00      	cmp	r3, #0
10006982:	d07e      	beq.n	10006a82 <tud_task_ext+0x1d6>
10006984:	7833      	ldrb	r3, [r6, #0]
10006986:	3b01      	subs	r3, #1
10006988:	7033      	strb	r3, [r6, #0]
1000698a:	7833      	ldrb	r3, [r6, #0]
1000698c:	f003 00ff 	and.w	r0, r3, #255	@ 0xff
10006990:	2b00      	cmp	r3, #0
10006992:	d198      	bne.n	100068c6 <tud_task_ext+0x1a>
10006994:	f8df a1b0 	ldr.w	sl, [pc, #432]	@ 10006b48 <tud_task_ext+0x29c>
10006998:	f89d b01c 	ldrb.w	fp, [sp, #28]
1000699c:	f89a 3000 	ldrb.w	r3, [sl]
100069a0:	f043 0301 	orr.w	r3, r3, #1
100069a4:	f88a 3000 	strb.w	r3, [sl]
100069a8:	f89a 3034 	ldrb.w	r3, [sl, #52]	@ 0x34
100069ac:	f360 0300 	bfi	r3, r0, #0, #1
100069b0:	f88a 3034 	strb.w	r3, [sl, #52]	@ 0x34
100069b4:	f89a 3034 	ldrb.w	r3, [sl, #52]	@ 0x34
100069b8:	f360 0382 	bfi	r3, r0, #2, #1
100069bc:	f88a 3034 	strb.w	r3, [sl, #52]	@ 0x34
100069c0:	f89a 3035 	ldrb.w	r3, [sl, #53]	@ 0x35
100069c4:	f360 0300 	bfi	r3, r0, #0, #1
100069c8:	f88a 3035 	strb.w	r3, [sl, #53]	@ 0x35
100069cc:	f89a 3035 	ldrb.w	r3, [sl, #53]	@ 0x35
100069d0:	f360 0382 	bfi	r3, r0, #2, #1
100069d4:	f88a 3035 	strb.w	r3, [sl, #53]	@ 0x35
100069d8:	f000 fc86 	bl	100072e8 <usbd_control_set_complete_callback>
100069dc:	f89d 3020 	ldrb.w	r3, [sp, #32]
100069e0:	f003 0260 	and.w	r2, r3, #96	@ 0x60
100069e4:	2a60      	cmp	r2, #96	@ 0x60
100069e6:	d066      	beq.n	10006ab6 <tud_task_ext+0x20a>
100069e8:	2a40      	cmp	r2, #64	@ 0x40
100069ea:	d077      	beq.n	10006adc <tud_task_ext+0x230>
100069ec:	f003 031f 	and.w	r3, r3, #31
100069f0:	2b01      	cmp	r3, #1
100069f2:	f000 80b5 	beq.w	10006b60 <tud_task_ext+0x2b4>
100069f6:	2b02      	cmp	r3, #2
100069f8:	d07c      	beq.n	10006af4 <tud_task_ext+0x248>
100069fa:	2b00      	cmp	r3, #0
100069fc:	d15b      	bne.n	10006ab6 <tud_task_ext+0x20a>
100069fe:	2a20      	cmp	r2, #32
10006a00:	f000 81e7 	beq.w	10006dd2 <tud_task_ext+0x526>
10006a04:	2a00      	cmp	r2, #0
10006a06:	d156      	bne.n	10006ab6 <tud_task_ext+0x20a>
10006a08:	f89d 3021 	ldrb.w	r3, [sp, #33]	@ 0x21
10006a0c:	2b09      	cmp	r3, #9
10006a0e:	d852      	bhi.n	10006ab6 <tud_task_ext+0x20a>
10006a10:	e8df f013 	tbh	[pc, r3, lsl #1]
10006a14:	019b01ab 	.word	0x019b01ab
10006a18:	01bd0051 	.word	0x01bd0051
10006a1c:	018c0051 	.word	0x018c0051
10006a20:	00510163 	.word	0x00510163
10006a24:	00e80157 	.word	0x00e80157
10006a28:	782b      	ldrb	r3, [r5, #0]
10006a2a:	07d9      	lsls	r1, r3, #31
10006a2c:	f57f af4b 	bpl.w	100068c6 <tud_task_ext+0x1a>
10006a30:	f7ff feb4 	bl	1000679c <tud_resume_cb>
10006a34:	e747      	b.n	100068c6 <tud_task_ext+0x1a>
10006a36:	78eb      	ldrb	r3, [r5, #3]
10006a38:	07da      	lsls	r2, r3, #31
10006a3a:	f57f af44 	bpl.w	100068c6 <tud_task_ext+0x1a>
10006a3e:	9808      	ldr	r0, [sp, #32]
10006a40:	f7ff fea0 	bl	10006784 <tud_sof_cb>
10006a44:	e73f      	b.n	100068c6 <tud_task_ext+0x1a>
10006a46:	782b      	ldrb	r3, [r5, #0]
10006a48:	07d8      	lsls	r0, r3, #31
10006a4a:	f57f af3c 	bpl.w	100068c6 <tud_task_ext+0x1a>
10006a4e:	7828      	ldrb	r0, [r5, #0]
10006a50:	f3c0 00c0 	ubfx	r0, r0, #3, #1
10006a54:	f7ff fea0 	bl	10006798 <tud_suspend_cb>
10006a58:	e735      	b.n	100068c6 <tud_task_ext+0x1a>
10006a5a:	f89d 001c 	ldrb.w	r0, [sp, #28]
10006a5e:	f7ff fe49 	bl	100066f4 <configuration_reset>
10006a62:	f000 fc37 	bl	100072d4 <usbd_control_reset>
10006a66:	f89d 3020 	ldrb.w	r3, [sp, #32]
10006a6a:	70ab      	strb	r3, [r5, #2]
10006a6c:	e72b      	b.n	100068c6 <tud_task_ext+0x1a>
10006a6e:	f89d 001c 	ldrb.w	r0, [sp, #28]
10006a72:	f7ff fe3f 	bl	100066f4 <configuration_reset>
10006a76:	f000 fc2d 	bl	100072d4 <usbd_control_reset>
10006a7a:	f7ff fe8b 	bl	10006794 <tud_umount_cb>
10006a7e:	e722      	b.n	100068c6 <tud_task_ext+0x1a>
10006a80:	d011      	beq.n	10006aa6 <tud_task_ext+0x1fa>
10006a82:	f04f 23e0 	mov.w	r3, #3758153728	@ 0xe000e000
10006a86:	f8d3 3df0 	ldr.w	r3, [r3, #3568]	@ 0xdf0
10006a8a:	07dc      	lsls	r4, r3, #31
10006a8c:	d500      	bpl.n	10006a90 <tud_task_ext+0x1e4>
10006a8e:	be00      	bkpt	0x0000
10006a90:	b00b      	add	sp, #44	@ 0x2c
10006a92:	e8bd 8ff0 	ldmia.w	sp!, {r4, r5, r6, r7, r8, r9, sl, fp, pc}
10006a96:	9b09      	ldr	r3, [sp, #36]	@ 0x24
10006a98:	f89d 2021 	ldrb.w	r2, [sp, #33]	@ 0x21
10006a9c:	f89d 001c 	ldrb.w	r0, [sp, #28]
10006aa0:	f000 fc36 	bl	10007310 <usbd_control_xfer_cb>
10006aa4:	e70f      	b.n	100068c6 <tud_task_ext+0x1a>
10006aa6:	4b2b      	ldr	r3, [pc, #172]	@ (10006b54 <tud_task_ext+0x2a8>)
10006aa8:	e761      	b.n	1000696e <tud_task_ext+0xc2>
10006aaa:	f7ff fb9d 	bl	100061e8 <tud_descriptor_configuration_cb>
10006aae:	4602      	mov	r2, r0
10006ab0:	2800      	cmp	r0, #0
10006ab2:	f040 8185 	bne.w	10006dc0 <tud_task_ext+0x514>
10006ab6:	f04f 23e0 	mov.w	r3, #3758153728	@ 0xe000e000
10006aba:	f8d3 3df0 	ldr.w	r3, [r3, #3568]	@ 0xdf0
10006abe:	07df      	lsls	r7, r3, #31
10006ac0:	d500      	bpl.n	10006ac4 <tud_task_ext+0x218>
10006ac2:	be00      	bkpt	0x0000
10006ac4:	f89d 001c 	ldrb.w	r0, [sp, #28]
10006ac8:	2100      	movs	r1, #0
10006aca:	f7ff fda9 	bl	10006620 <dcd_edpt_stall>
10006ace:	2180      	movs	r1, #128	@ 0x80
10006ad0:	f89d 001c 	ldrb.w	r0, [sp, #28]
10006ad4:	f7ff fda4 	bl	10006620 <dcd_edpt_stall>
10006ad8:	e6f5      	b.n	100068c6 <tud_task_ext+0x1a>
10006ada:	4770      	bx	lr
10006adc:	481e      	ldr	r0, [pc, #120]	@ (10006b58 <tud_task_ext+0x2ac>)
10006ade:	f000 fc03 	bl	100072e8 <usbd_control_set_complete_callback>
10006ae2:	2101      	movs	r1, #1
10006ae4:	4658      	mov	r0, fp
10006ae6:	aa08      	add	r2, sp, #32
10006ae8:	f7ff fc50 	bl	1000638c <tud_vendor_control_xfer_cb>
10006aec:	2800      	cmp	r0, #0
10006aee:	f47f aeea 	bne.w	100068c6 <tud_task_ext+0x1a>
10006af2:	e7e7      	b.n	10006ac4 <tud_task_ext+0x218>
10006af4:	f89d 1024 	ldrb.w	r1, [sp, #36]	@ 0x24
10006af8:	f011 0f70 	tst.w	r1, #112	@ 0x70
10006afc:	d1db      	bne.n	10006ab6 <tud_task_ext+0x20a>
10006afe:	4817      	ldr	r0, [pc, #92]	@ (10006b5c <tud_task_ext+0x2b0>)
10006b00:	f001 037f 	and.w	r3, r1, #127	@ 0x7f
10006b04:	f890 c000 	ldrb.w	ip, [r0]
10006b08:	eb0a 0043 	add.w	r0, sl, r3, lsl #1
10006b0c:	eb00 10d1 	add.w	r0, r0, r1, lsr #7
10006b10:	7d00      	ldrb	r0, [r0, #20]
10006b12:	4560      	cmp	r0, ip
10006b14:	d351      	bcc.n	10006bba <tud_task_ext+0x30e>
10006b16:	f040 816e 	bne.w	10006df6 <tud_task_ext+0x54a>
10006b1a:	480e      	ldr	r0, [pc, #56]	@ (10006b54 <tud_task_ext+0x2a8>)
10006b1c:	9000      	str	r0, [sp, #0]
10006b1e:	2a00      	cmp	r2, #0
10006b20:	f000 816d 	beq.w	10006dfe <tud_task_ext+0x552>
10006b24:	9f00      	ldr	r7, [sp, #0]
10006b26:	6978      	ldr	r0, [r7, #20]
10006b28:	f000 fbde 	bl	100072e8 <usbd_control_set_complete_callback>
10006b2c:	2101      	movs	r1, #1
10006b2e:	4658      	mov	r0, fp
10006b30:	697b      	ldr	r3, [r7, #20]
10006b32:	aa08      	add	r2, sp, #32
10006b34:	4798      	blx	r3
10006b36:	2800      	cmp	r0, #0
10006b38:	f47f aec5 	bne.w	100068c6 <tud_task_ext+0x1a>
10006b3c:	e7c2      	b.n	10006ac4 <tud_task_ext+0x218>
10006b3e:	bf00      	nop
10006b40:	20001174 	.word	0x20001174
10006b44:	20011258 	.word	0x20011258
10006b48:	20011200 	.word	0x20011200
10006b4c:	20014850 	.word	0x20014850
10006b50:	200110f8 	.word	0x200110f8
10006b54:	1000970c 	.word	0x1000970c
10006b58:	1000638d 	.word	0x1000638d
10006b5c:	2001484e 	.word	0x2001484e
10006b60:	f89d 3024 	ldrb.w	r3, [sp, #36]	@ 0x24
10006b64:	2b0f      	cmp	r3, #15
10006b66:	d8ad      	bhi.n	10006ac4 <tud_task_ext+0x218>
10006b68:	4ab1      	ldr	r2, [pc, #708]	@ (10006e30 <tud_task_ext+0x584>)
10006b6a:	4453      	add	r3, sl
10006b6c:	791b      	ldrb	r3, [r3, #4]
10006b6e:	7812      	ldrb	r2, [r2, #0]
10006b70:	4293      	cmp	r3, r2
10006b72:	d331      	bcc.n	10006bd8 <tud_task_ext+0x32c>
10006b74:	d1a6      	bne.n	10006ac4 <tud_task_ext+0x218>
10006b76:	4faf      	ldr	r7, [pc, #700]	@ (10006e34 <tud_task_ext+0x588>)
10006b78:	6978      	ldr	r0, [r7, #20]
10006b7a:	f000 fbb5 	bl	100072e8 <usbd_control_set_complete_callback>
10006b7e:	2101      	movs	r1, #1
10006b80:	4658      	mov	r0, fp
10006b82:	697b      	ldr	r3, [r7, #20]
10006b84:	aa08      	add	r2, sp, #32
10006b86:	4798      	blx	r3
10006b88:	2800      	cmp	r0, #0
10006b8a:	f47f ae9c 	bne.w	100068c6 <tud_task_ext+0x1a>
10006b8e:	f89d 3020 	ldrb.w	r3, [sp, #32]
10006b92:	f013 0760 	ands.w	r7, r3, #96	@ 0x60
10006b96:	d195      	bne.n	10006ac4 <tud_task_ext+0x218>
10006b98:	f89d 3021 	ldrb.w	r3, [sp, #33]	@ 0x21
10006b9c:	3b0a      	subs	r3, #10
10006b9e:	2b01      	cmp	r3, #1
10006ba0:	d890      	bhi.n	10006ac4 <tud_task_ext+0x218>
10006ba2:	f000 fba1 	bl	100072e8 <usbd_control_set_complete_callback>
10006ba6:	f89d 3021 	ldrb.w	r3, [sp, #33]	@ 0x21
10006baa:	2b0a      	cmp	r3, #10
10006bac:	f000 820d 	beq.w	10006fca <tud_task_ext+0x71e>
10006bb0:	4658      	mov	r0, fp
10006bb2:	a908      	add	r1, sp, #32
10006bb4:	f000 fb3e 	bl	10007234 <tud_control_status>
10006bb8:	e685      	b.n	100068c6 <tud_task_ext+0x1a>
10006bba:	f8df c27c 	ldr.w	ip, [pc, #636]	@ 10006e38 <tud_task_ext+0x58c>
10006bbe:	f8dc c000 	ldr.w	ip, [ip]
10006bc2:	eb0c 1040 	add.w	r0, ip, r0, lsl #5
10006bc6:	9000      	str	r0, [sp, #0]
10006bc8:	2a00      	cmp	r2, #0
10006bca:	f000 8118 	beq.w	10006dfe <tud_task_ext+0x552>
10006bce:	9b00      	ldr	r3, [sp, #0]
10006bd0:	2b00      	cmp	r3, #0
10006bd2:	f43f af77 	beq.w	10006ac4 <tud_task_ext+0x218>
10006bd6:	e7a5      	b.n	10006b24 <tud_task_ext+0x278>
10006bd8:	4a97      	ldr	r2, [pc, #604]	@ (10006e38 <tud_task_ext+0x58c>)
10006bda:	6817      	ldr	r7, [r2, #0]
10006bdc:	eb17 1743 	adds.w	r7, r7, r3, lsl #5
10006be0:	d1ca      	bne.n	10006b78 <tud_task_ext+0x2cc>
10006be2:	e76f      	b.n	10006ac4 <tud_task_ext+0x218>
10006be4:	f89a 2001 	ldrb.w	r2, [sl, #1]
10006be8:	f89d 3022 	ldrb.w	r3, [sp, #34]	@ 0x22
10006bec:	4293      	cmp	r3, r2
10006bee:	f000 815c 	beq.w	10006eaa <tud_task_ext+0x5fe>
10006bf2:	f89a 2001 	ldrb.w	r2, [sl, #1]
10006bf6:	2a00      	cmp	r2, #0
10006bf8:	f040 81d1 	bne.w	10006f9e <tud_task_ext+0x6f2>
10006bfc:	f88a 3001 	strb.w	r3, [sl, #1]
10006c00:	2b00      	cmp	r3, #0
10006c02:	f000 8150 	beq.w	10006ea6 <tud_task_ext+0x5fa>
10006c06:	3b01      	subs	r3, #1
10006c08:	b2d8      	uxtb	r0, r3
10006c0a:	f7ff faed 	bl	100061e8 <tud_descriptor_configuration_cb>
10006c0e:	2800      	cmp	r0, #0
10006c10:	f000 816d 	beq.w	10006eee <tud_task_ext+0x642>
10006c14:	7843      	ldrb	r3, [r0, #1]
10006c16:	2b02      	cmp	r3, #2
10006c18:	f040 8169 	bne.w	10006eee <tud_task_ext+0x642>
10006c1c:	79c2      	ldrb	r2, [r0, #7]
10006c1e:	f89a 1000 	ldrb.w	r1, [sl]
10006c22:	f3c2 1340 	ubfx	r3, r2, #5, #1
10006c26:	011b      	lsls	r3, r3, #4
10006c28:	f3c2 1280 	ubfx	r2, r2, #6, #1
10006c2c:	f021 0130 	bic.w	r1, r1, #48	@ 0x30
10006c30:	ea43 1342 	orr.w	r3, r3, r2, lsl #5
10006c34:	430b      	orrs	r3, r1
10006c36:	f88a 3000 	strb.w	r3, [sl]
10006c3a:	8843      	ldrh	r3, [r0, #2]
10006c3c:	f100 0109 	add.w	r1, r0, #9
10006c40:	18c3      	adds	r3, r0, r3
10006c42:	9302      	str	r3, [sp, #8]
10006c44:	9b02      	ldr	r3, [sp, #8]
10006c46:	428b      	cmp	r3, r1
10006c48:	f240 81bc 	bls.w	10006fc4 <tud_task_ext+0x718>
10006c4c:	784b      	ldrb	r3, [r1, #1]
10006c4e:	2b0b      	cmp	r3, #11
10006c50:	f000 81c5 	beq.w	10006fde <tud_task_ext+0x732>
10006c54:	2001      	movs	r0, #1
10006c56:	2b04      	cmp	r3, #4
10006c58:	f040 8149 	bne.w	10006eee <tud_task_ext+0x642>
10006c5c:	2200      	movs	r2, #0
10006c5e:	9b02      	ldr	r3, [sp, #8]
10006c60:	9201      	str	r2, [sp, #4]
10006c62:	1a5b      	subs	r3, r3, r1
10006c64:	fa1f f983 	uxth.w	r9, r3
10006c68:	4b71      	ldr	r3, [pc, #452]	@ (10006e30 <tud_task_ext+0x584>)
10006c6a:	9200      	str	r2, [sp, #0]
10006c6c:	781b      	ldrb	r3, [r3, #0]
10006c6e:	9003      	str	r0, [sp, #12]
10006c70:	e01e      	b.n	10006cb0 <tud_task_ext+0x404>
10006c72:	4b71      	ldr	r3, [pc, #452]	@ (10006e38 <tud_task_ext+0x58c>)
10006c74:	681b      	ldr	r3, [r3, #0]
10006c76:	eb13 1342 	adds.w	r3, r3, r2, lsl #5
10006c7a:	f000 8138 	beq.w	10006eee <tud_task_ext+0x642>
10006c7e:	691f      	ldr	r7, [r3, #16]
10006c80:	464a      	mov	r2, r9
10006c82:	4658      	mov	r0, fp
10006c84:	9105      	str	r1, [sp, #20]
10006c86:	9304      	str	r3, [sp, #16]
10006c88:	47b8      	blx	r7
10006c8a:	9b01      	ldr	r3, [sp, #4]
10006c8c:	2808      	cmp	r0, #8
10006c8e:	f103 0301 	add.w	r3, r3, #1
10006c92:	9905      	ldr	r1, [sp, #20]
10006c94:	9301      	str	r3, [sp, #4]
10006c96:	d903      	bls.n	10006ca0 <tud_task_ext+0x3f4>
10006c98:	4581      	cmp	r9, r0
10006c9a:	9b04      	ldr	r3, [sp, #16]
10006c9c:	f080 810a 	bcs.w	10006eb4 <tud_task_ext+0x608>
10006ca0:	4b63      	ldr	r3, [pc, #396]	@ (10006e30 <tud_task_ext+0x584>)
10006ca2:	f89d 2004 	ldrb.w	r2, [sp, #4]
10006ca6:	781b      	ldrb	r3, [r3, #0]
10006ca8:	9200      	str	r2, [sp, #0]
10006caa:	4293      	cmp	r3, r2
10006cac:	f0c0 811f 	bcc.w	10006eee <tud_task_ext+0x642>
10006cb0:	9a00      	ldr	r2, [sp, #0]
10006cb2:	4293      	cmp	r3, r2
10006cb4:	eba2 0303 	sub.w	r3, r2, r3
10006cb8:	d8db      	bhi.n	10006c72 <tud_task_ext+0x3c6>
10006cba:	4a5e      	ldr	r2, [pc, #376]	@ (10006e34 <tud_task_ext+0x588>)
10006cbc:	eb02 1343 	add.w	r3, r2, r3, lsl #5
10006cc0:	e7dd      	b.n	10006c7e <tud_task_ext+0x3d2>
10006cc2:	f89a 3001 	ldrb.w	r3, [sl, #1]
10006cc6:	4658      	mov	r0, fp
10006cc8:	f88d 301a 	strb.w	r3, [sp, #26]
10006ccc:	f10d 021a 	add.w	r2, sp, #26
10006cd0:	2301      	movs	r3, #1
10006cd2:	a908      	add	r1, sp, #32
10006cd4:	f000 fac8 	bl	10007268 <tud_control_xfer>
10006cd8:	e5f5      	b.n	100068c6 <tud_task_ext+0x1a>
10006cda:	f8bd 0022 	ldrh.w	r0, [sp, #34]	@ 0x22
10006cde:	0a03      	lsrs	r3, r0, #8
10006ce0:	1e5a      	subs	r2, r3, #1
10006ce2:	b2c0      	uxtb	r0, r0
10006ce4:	2a0e      	cmp	r2, #14
10006ce6:	f63f aeed 	bhi.w	10006ac4 <tud_task_ext+0x218>
10006cea:	a101      	add	r1, pc, #4	@ (adr r1, 10006cf0 <tud_task_ext+0x444>)
10006cec:	f851 f022 	ldr.w	pc, [r1, r2, lsl #2]
10006cf0:	10006f21 	.word	0x10006f21
10006cf4:	10006daf 	.word	0x10006daf
10006cf8:	10006f5d 	.word	0x10006f5d
10006cfc:	10006ac5 	.word	0x10006ac5
10006d00:	10006ac5 	.word	0x10006ac5
10006d04:	10006f3f 	.word	0x10006f3f
10006d08:	10006daf 	.word	0x10006daf
10006d0c:	10006ac5 	.word	0x10006ac5
10006d10:	10006ac5 	.word	0x10006ac5
10006d14:	10006ac5 	.word	0x10006ac5
10006d18:	10006ac5 	.word	0x10006ac5
10006d1c:	10006ac5 	.word	0x10006ac5
10006d20:	10006ac5 	.word	0x10006ac5
10006d24:	10006ac5 	.word	0x10006ac5
10006d28:	10006f13 	.word	0x10006f13
10006d2c:	a808      	add	r0, sp, #32
10006d2e:	f000 fae1 	bl	100072f4 <usbd_control_set_request>
10006d32:	4658      	mov	r0, fp
10006d34:	f89d 1022 	ldrb.w	r1, [sp, #34]	@ 0x22
10006d38:	f7ff fbec 	bl	10006514 <dcd_set_address>
10006d3c:	f89a 3000 	ldrb.w	r3, [sl]
10006d40:	f043 0302 	orr.w	r3, r3, #2
10006d44:	f88a 3000 	strb.w	r3, [sl]
10006d48:	e5bd      	b.n	100068c6 <tud_task_ext+0x1a>
10006d4a:	f8bd 3022 	ldrh.w	r3, [sp, #34]	@ 0x22
10006d4e:	2b01      	cmp	r3, #1
10006d50:	f47f aeb8 	bne.w	10006ac4 <tud_task_ext+0x218>
10006d54:	f89a 3000 	ldrb.w	r3, [sl]
10006d58:	4658      	mov	r0, fp
10006d5a:	f023 0308 	bic.w	r3, r3, #8
10006d5e:	a908      	add	r1, sp, #32
10006d60:	f88a 3000 	strb.w	r3, [sl]
10006d64:	f000 fa66 	bl	10007234 <tud_control_status>
10006d68:	e5ad      	b.n	100068c6 <tud_task_ext+0x1a>
10006d6a:	4658      	mov	r0, fp
10006d6c:	f89a 3000 	ldrb.w	r3, [sl]
10006d70:	089a      	lsrs	r2, r3, #2
10006d72:	f002 0202 	and.w	r2, r2, #2
10006d76:	f3c3 1340 	ubfx	r3, r3, #5, #1
10006d7a:	4313      	orrs	r3, r2
10006d7c:	f8ad 301a 	strh.w	r3, [sp, #26]
10006d80:	f10d 021a 	add.w	r2, sp, #26
10006d84:	2302      	movs	r3, #2
10006d86:	a908      	add	r1, sp, #32
10006d88:	f000 fa6e 	bl	10007268 <tud_control_xfer>
10006d8c:	e59b      	b.n	100068c6 <tud_task_ext+0x1a>
10006d8e:	f8bd 3022 	ldrh.w	r3, [sp, #34]	@ 0x22
10006d92:	2b01      	cmp	r3, #1
10006d94:	f47f ae96 	bne.w	10006ac4 <tud_task_ext+0x218>
10006d98:	f89a 3000 	ldrb.w	r3, [sl]
10006d9c:	4658      	mov	r0, fp
10006d9e:	f043 0308 	orr.w	r3, r3, #8
10006da2:	a908      	add	r1, sp, #32
10006da4:	f88a 3000 	strb.w	r3, [sl]
10006da8:	f000 fa44 	bl	10007234 <tud_control_status>
10006dac:	e58b      	b.n	100068c6 <tud_task_ext+0x1a>
10006dae:	2b02      	cmp	r3, #2
10006db0:	f43f ae7b 	beq.w	10006aaa <tud_task_ext+0x1fe>
10006db4:	f7ff fcea 	bl	1000678c <tud_descriptor_other_speed_configuration_cb>
10006db8:	4602      	mov	r2, r0
10006dba:	2800      	cmp	r0, #0
10006dbc:	f43f ae82 	beq.w	10006ac4 <tud_task_ext+0x218>
10006dc0:	4658      	mov	r0, fp
10006dc2:	8853      	ldrh	r3, [r2, #2]
10006dc4:	a908      	add	r1, sp, #32
10006dc6:	f000 fa4f 	bl	10007268 <tud_control_xfer>
10006dca:	2800      	cmp	r0, #0
10006dcc:	f47f ad7b 	bne.w	100068c6 <tud_task_ext+0x1a>
10006dd0:	e678      	b.n	10006ac4 <tud_task_ext+0x218>
10006dd2:	f89d 3024 	ldrb.w	r3, [sp, #36]	@ 0x24
10006dd6:	2b0f      	cmp	r3, #15
10006dd8:	f63f ae74 	bhi.w	10006ac4 <tud_task_ext+0x218>
10006ddc:	4a14      	ldr	r2, [pc, #80]	@ (10006e30 <tud_task_ext+0x584>)
10006dde:	4453      	add	r3, sl
10006de0:	791b      	ldrb	r3, [r3, #4]
10006de2:	7812      	ldrb	r2, [r2, #0]
10006de4:	4293      	cmp	r3, r2
10006de6:	d21e      	bcs.n	10006e26 <tud_task_ext+0x57a>
10006de8:	4a13      	ldr	r2, [pc, #76]	@ (10006e38 <tud_task_ext+0x58c>)
10006dea:	6817      	ldr	r7, [r2, #0]
10006dec:	eb17 1743 	adds.w	r7, r7, r3, lsl #5
10006df0:	f47f ae99 	bne.w	10006b26 <tud_task_ext+0x27a>
10006df4:	e666      	b.n	10006ac4 <tud_task_ext+0x218>
10006df6:	2a00      	cmp	r2, #0
10006df8:	f47f ae64 	bne.w	10006ac4 <tud_task_ext+0x218>
10006dfc:	9200      	str	r2, [sp, #0]
10006dfe:	f89d c021 	ldrb.w	ip, [sp, #33]	@ 0x21
10006e02:	f00c 02fd 	and.w	r2, ip, #253	@ 0xfd
10006e06:	2a01      	cmp	r2, #1
10006e08:	d018      	beq.n	10006e3c <tud_task_ext+0x590>
10006e0a:	f1bc 0f00 	cmp.w	ip, #0
10006e0e:	f47f ae52 	bne.w	10006ab6 <tud_task_ext+0x20a>
10006e12:	eb0a 0343 	add.w	r3, sl, r3, lsl #1
10006e16:	eb03 13d1 	add.w	r3, r3, r1, lsr #7
10006e1a:	f893 3034 	ldrb.w	r3, [r3, #52]	@ 0x34
10006e1e:	4658      	mov	r0, fp
10006e20:	f3c3 0340 	ubfx	r3, r3, #1, #1
10006e24:	e7aa      	b.n	10006d7c <tud_task_ext+0x4d0>
10006e26:	f47f ae4d 	bne.w	10006ac4 <tud_task_ext+0x218>
10006e2a:	4f02      	ldr	r7, [pc, #8]	@ (10006e34 <tud_task_ext+0x588>)
10006e2c:	e67b      	b.n	10006b26 <tud_task_ext+0x27a>
10006e2e:	bf00      	nop
10006e30:	2001484e 	.word	0x2001484e
10006e34:	1000970c 	.word	0x1000970c
10006e38:	200110f8 	.word	0x200110f8
10006e3c:	f8bd 2022 	ldrh.w	r2, [sp, #34]	@ 0x22
10006e40:	b9da      	cbnz	r2, 10006e7a <tud_task_ext+0x5ce>
10006e42:	4879      	ldr	r0, [pc, #484]	@ (10007028 <tud_task_ext+0x77c>)
10006e44:	f1bc 0f01 	cmp.w	ip, #1
10006e48:	7800      	ldrb	r0, [r0, #0]
10006e4a:	f000 808f 	beq.w	10006f6c <tud_task_ext+0x6c0>
10006e4e:	e9cd 1301 	strd	r1, r3, [sp, #4]
10006e52:	f7ff fbe5 	bl	10006620 <dcd_edpt_stall>
10006e56:	9b02      	ldr	r3, [sp, #8]
10006e58:	9901      	ldr	r1, [sp, #4]
10006e5a:	eb0a 0343 	add.w	r3, sl, r3, lsl #1
10006e5e:	eb03 13d1 	add.w	r3, r3, r1, lsr #7
10006e62:	f893 2034 	ldrb.w	r2, [r3, #52]	@ 0x34
10006e66:	f042 0202 	orr.w	r2, r2, #2
10006e6a:	f883 2034 	strb.w	r2, [r3, #52]	@ 0x34
10006e6e:	f893 2034 	ldrb.w	r2, [r3, #52]	@ 0x34
10006e72:	f042 0201 	orr.w	r2, r2, #1
10006e76:	f883 2034 	strb.w	r2, [r3, #52]	@ 0x34
10006e7a:	9b00      	ldr	r3, [sp, #0]
10006e7c:	2b00      	cmp	r3, #0
10006e7e:	f43f ad22 	beq.w	100068c6 <tud_task_ext+0x1a>
10006e82:	461f      	mov	r7, r3
10006e84:	6958      	ldr	r0, [r3, #20]
10006e86:	f000 fa2f 	bl	100072e8 <usbd_control_set_complete_callback>
10006e8a:	697b      	ldr	r3, [r7, #20]
10006e8c:	2101      	movs	r1, #1
10006e8e:	aa08      	add	r2, sp, #32
10006e90:	4658      	mov	r0, fp
10006e92:	4798      	blx	r3
10006e94:	2000      	movs	r0, #0
10006e96:	f000 fa27 	bl	100072e8 <usbd_control_set_complete_callback>
10006e9a:	f89a 3035 	ldrb.w	r3, [sl, #53]	@ 0x35
10006e9e:	07db      	lsls	r3, r3, #31
10006ea0:	f53f ad11 	bmi.w	100068c6 <tud_task_ext+0x1a>
10006ea4:	e684      	b.n	10006bb0 <tud_task_ext+0x304>
10006ea6:	f7ff fc75 	bl	10006794 <tud_umount_cb>
10006eaa:	4658      	mov	r0, fp
10006eac:	a908      	add	r1, sp, #32
10006eae:	f000 f9c1 	bl	10007234 <tud_control_status>
10006eb2:	e508      	b.n	100068c6 <tud_task_ext+0x1a>
10006eb4:	4602      	mov	r2, r0
10006eb6:	9803      	ldr	r0, [sp, #12]
10006eb8:	2801      	cmp	r0, #1
10006eba:	f000 80a5 	beq.w	10007008 <tud_task_ext+0x75c>
10006ebe:	2800      	cmp	r0, #0
10006ec0:	f000 8092 	beq.w	10006fe8 <tud_task_ext+0x73c>
10006ec4:	2300      	movs	r3, #0
10006ec6:	f891 e002 	ldrb.w	lr, [r1, #2]
10006eca:	e007      	b.n	10006edc <tud_task_ext+0x630>
10006ecc:	9f00      	ldr	r7, [sp, #0]
10006ece:	f88c 7004 	strb.w	r7, [ip, #4]
10006ed2:	fa5f fc83 	uxtb.w	ip, r3
10006ed6:	4560      	cmp	r0, ip
10006ed8:	f240 8086 	bls.w	10006fe8 <tud_task_ext+0x73c>
10006edc:	eb0e 0c03 	add.w	ip, lr, r3
10006ee0:	fa5a fc8c 	uxtab	ip, sl, ip
10006ee4:	f89c 7004 	ldrb.w	r7, [ip, #4]
10006ee8:	3301      	adds	r3, #1
10006eea:	2fff      	cmp	r7, #255	@ 0xff
10006eec:	d0ee      	beq.n	10006ecc <tud_task_ext+0x620>
10006eee:	f04f 23e0 	mov.w	r3, #3758153728	@ 0xe000e000
10006ef2:	f8d3 3df0 	ldr.w	r3, [r3, #3568]	@ 0xdf0
10006ef6:	07d9      	lsls	r1, r3, #31
10006ef8:	d500      	bpl.n	10006efc <tud_task_ext+0x650>
10006efa:	be00      	bkpt	0x0000
10006efc:	f04f 23e0 	mov.w	r3, #3758153728	@ 0xe000e000
10006f00:	f8d3 3df0 	ldr.w	r3, [r3, #3568]	@ 0xdf0
10006f04:	07da      	lsls	r2, r3, #31
10006f06:	d500      	bpl.n	10006f0a <tud_task_ext+0x65e>
10006f08:	be00      	bkpt	0x0000
10006f0a:	2300      	movs	r3, #0
10006f0c:	f88a 3001 	strb.w	r3, [sl, #1]
10006f10:	e5d8      	b.n	10006ac4 <tud_task_ext+0x218>
10006f12:	f7ff fa37 	bl	10006384 <tud_descriptor_bos_cb>
10006f16:	4602      	mov	r2, r0
10006f18:	2800      	cmp	r0, #0
10006f1a:	f47f af51 	bne.w	10006dc0 <tud_task_ext+0x514>
10006f1e:	e5d1      	b.n	10006ac4 <tud_task_ext+0x218>
10006f20:	f7ff f95e 	bl	100061e0 <tud_descriptor_device_cb>
10006f24:	4602      	mov	r2, r0
10006f26:	2800      	cmp	r0, #0
10006f28:	f43f adc5 	beq.w	10006ab6 <tud_task_ext+0x20a>
10006f2c:	4658      	mov	r0, fp
10006f2e:	2312      	movs	r3, #18
10006f30:	a908      	add	r1, sp, #32
10006f32:	f000 f999 	bl	10007268 <tud_control_xfer>
10006f36:	2800      	cmp	r0, #0
10006f38:	f47f acc5 	bne.w	100068c6 <tud_task_ext+0x1a>
10006f3c:	e5c2      	b.n	10006ac4 <tud_task_ext+0x218>
10006f3e:	f7ff fc23 	bl	10006788 <tud_descriptor_device_qualifier_cb>
10006f42:	4602      	mov	r2, r0
10006f44:	2800      	cmp	r0, #0
10006f46:	f43f adbd 	beq.w	10006ac4 <tud_task_ext+0x218>
10006f4a:	4658      	mov	r0, fp
10006f4c:	7813      	ldrb	r3, [r2, #0]
10006f4e:	a908      	add	r1, sp, #32
10006f50:	f000 f98a 	bl	10007268 <tud_control_xfer>
10006f54:	2800      	cmp	r0, #0
10006f56:	f47f acb6 	bne.w	100068c6 <tud_task_ext+0x1a>
10006f5a:	e5b3      	b.n	10006ac4 <tud_task_ext+0x218>
10006f5c:	f8bd 1024 	ldrh.w	r1, [sp, #36]	@ 0x24
10006f60:	f7ff f946 	bl	100061f0 <tud_descriptor_string_cb>
10006f64:	4602      	mov	r2, r0
10006f66:	2800      	cmp	r0, #0
10006f68:	d1ef      	bne.n	10006f4a <tud_task_ext+0x69e>
10006f6a:	e5ab      	b.n	10006ac4 <tud_task_ext+0x218>
10006f6c:	e9cd 3202 	strd	r3, r2, [sp, #8]
10006f70:	9101      	str	r1, [sp, #4]
10006f72:	f7ff fb6d 	bl	10006650 <dcd_edpt_clear_stall>
10006f76:	9b02      	ldr	r3, [sp, #8]
10006f78:	9901      	ldr	r1, [sp, #4]
10006f7a:	eb0a 0343 	add.w	r3, sl, r3, lsl #1
10006f7e:	eb03 13d1 	add.w	r3, r3, r1, lsr #7
10006f82:	f893 1034 	ldrb.w	r1, [r3, #52]	@ 0x34
10006f86:	9a03      	ldr	r2, [sp, #12]
10006f88:	f362 0141 	bfi	r1, r2, #1, #1
10006f8c:	f883 1034 	strb.w	r1, [r3, #52]	@ 0x34
10006f90:	f893 1034 	ldrb.w	r1, [r3, #52]	@ 0x34
10006f94:	f362 0100 	bfi	r1, r2, #0, #1
10006f98:	f883 1034 	strb.w	r1, [r3, #52]	@ 0x34
10006f9c:	e76d      	b.n	10006e7a <tud_task_ext+0x5ce>
10006f9e:	2100      	movs	r1, #0
10006fa0:	4658      	mov	r0, fp
10006fa2:	9301      	str	r3, [sp, #4]
10006fa4:	f7ff fabe 	bl	10006524 <dcd_sof_enable>
10006fa8:	4658      	mov	r0, fp
10006faa:	f7ff fb23 	bl	100065f4 <dcd_edpt_close_all>
10006fae:	f89a 2002 	ldrb.w	r2, [sl, #2]
10006fb2:	4658      	mov	r0, fp
10006fb4:	9200      	str	r2, [sp, #0]
10006fb6:	f7ff fb9d 	bl	100066f4 <configuration_reset>
10006fba:	9a00      	ldr	r2, [sp, #0]
10006fbc:	9b01      	ldr	r3, [sp, #4]
10006fbe:	f88a 2002 	strb.w	r2, [sl, #2]
10006fc2:	e61b      	b.n	10006bfc <tud_task_ext+0x350>
10006fc4:	f7ff fbe4 	bl	10006790 <tud_mount_cb>
10006fc8:	e76f      	b.n	10006eaa <tud_task_ext+0x5fe>
10006fca:	4658      	mov	r0, fp
10006fcc:	2301      	movs	r3, #1
10006fce:	a908      	add	r1, sp, #32
10006fd0:	f10d 021a 	add.w	r2, sp, #26
10006fd4:	f88d 701a 	strb.w	r7, [sp, #26]
10006fd8:	f000 f946 	bl	10007268 <tud_control_xfer>
10006fdc:	e473      	b.n	100068c6 <tud_task_ext+0x1a>
10006fde:	780b      	ldrb	r3, [r1, #0]
10006fe0:	78c8      	ldrb	r0, [r1, #3]
10006fe2:	4419      	add	r1, r3
10006fe4:	784b      	ldrb	r3, [r1, #1]
10006fe6:	e636      	b.n	10006c56 <tud_task_ext+0x3aa>
10006fe8:	9f00      	ldr	r7, [sp, #0]
10006fea:	4810      	ldr	r0, [pc, #64]	@ (1000702c <tud_task_ext+0x780>)
10006fec:	463b      	mov	r3, r7
10006fee:	e9cd 1200 	strd	r1, r2, [sp]
10006ff2:	f000 fd4b 	bl	10007a8c <tu_edpt_bind_driver>
10006ff6:	e9dd 1200 	ldrd	r1, r2, [sp]
10006ffa:	4411      	add	r1, r2
10006ffc:	4a0c      	ldr	r2, [pc, #48]	@ (10007030 <tud_task_ext+0x784>)
10006ffe:	7813      	ldrb	r3, [r2, #0]
10007000:	42bb      	cmp	r3, r7
10007002:	f4bf ae1f 	bcs.w	10006c44 <tud_task_ext+0x398>
10007006:	e772      	b.n	10006eee <tud_task_ext+0x642>
10007008:	f8d3 c010 	ldr.w	ip, [r3, #16]
1000700c:	4b09      	ldr	r3, [pc, #36]	@ (10007034 <tud_task_ext+0x788>)
1000700e:	459c      	cmp	ip, r3
10007010:	bf08      	it	eq
10007012:	2002      	moveq	r0, #2
10007014:	e756      	b.n	10006ec4 <tud_task_ext+0x618>
10007016:	f04f 23e0 	mov.w	r3, #3758153728	@ 0xe000e000
1000701a:	f8d3 3df0 	ldr.w	r3, [r3, #3568]	@ 0xdf0
1000701e:	07db      	lsls	r3, r3, #31
10007020:	f57f ac51 	bpl.w	100068c6 <tud_task_ext+0x1a>
10007024:	be00      	bkpt	0x0000
10007026:	e44e      	b.n	100068c6 <tud_task_ext+0x1a>
10007028:	20001174 	.word	0x20001174
1000702c:	20011214 	.word	0x20011214
10007030:	2001484e 	.word	0x2001484e
10007034:	10007699 	.word	0x10007699

10007038 <usbd_edpt_open>:
10007038:	788b      	ldrb	r3, [r1, #2]
1000703a:	f013 0f70 	tst.w	r3, #112	@ 0x70
1000703e:	d008      	beq.n	10007052 <usbd_edpt_open+0x1a>
10007040:	f04f 23e0 	mov.w	r3, #3758153728	@ 0xe000e000
10007044:	f8d3 3df0 	ldr.w	r3, [r3, #3568]	@ 0xdf0
10007048:	07da      	lsls	r2, r3, #31
1000704a:	d500      	bpl.n	1000704e <usbd_edpt_open+0x16>
1000704c:	be00      	bkpt	0x0000
1000704e:	2000      	movs	r0, #0
10007050:	4770      	bx	lr
10007052:	b510      	push	{r4, lr}
10007054:	b082      	sub	sp, #8
10007056:	4608      	mov	r0, r1
10007058:	9101      	str	r1, [sp, #4]
1000705a:	490c      	ldr	r1, [pc, #48]	@ (1000708c <usbd_edpt_open+0x54>)
1000705c:	4a0c      	ldr	r2, [pc, #48]	@ (10007090 <usbd_edpt_open+0x58>)
1000705e:	7889      	ldrb	r1, [r1, #2]
10007060:	7814      	ldrb	r4, [r2, #0]
10007062:	f000 fce3 	bl	10007a2c <tu_edpt_validate>
10007066:	b948      	cbnz	r0, 1000707c <usbd_edpt_open+0x44>
10007068:	f04f 23e0 	mov.w	r3, #3758153728	@ 0xe000e000
1000706c:	f8d3 3df0 	ldr.w	r3, [r3, #3568]	@ 0xdf0
10007070:	07db      	lsls	r3, r3, #31
10007072:	d500      	bpl.n	10007076 <usbd_edpt_open+0x3e>
10007074:	be00      	bkpt	0x0000
10007076:	2000      	movs	r0, #0
10007078:	b002      	add	sp, #8
1000707a:	bd10      	pop	{r4, pc}
1000707c:	4620      	mov	r0, r4
1000707e:	9901      	ldr	r1, [sp, #4]
10007080:	b002      	add	sp, #8
10007082:	e8bd 4010 	ldmia.w	sp!, {r4, lr}
10007086:	f7ff ba69 	b.w	1000655c <dcd_edpt_open>
1000708a:	bf00      	nop
1000708c:	20011200 	.word	0x20011200
10007090:	20001174 	.word	0x20001174

10007094 <usbd_open_edpt_pair>:
10007094:	e92d 43f8 	stmdb	sp!, {r3, r4, r5, r6, r7, r8, r9, lr}
10007098:	f8dd 8020 	ldr.w	r8, [sp, #32]
1000709c:	b35a      	cbz	r2, 100070f6 <usbd_open_edpt_pair+0x62>
1000709e:	460c      	mov	r4, r1
100070a0:	461e      	mov	r6, r3
100070a2:	4607      	mov	r7, r0
100070a4:	4615      	mov	r5, r2
100070a6:	f04f 0900 	mov.w	r9, #0
100070aa:	e016      	b.n	100070da <usbd_open_edpt_pair+0x46>
100070ac:	78e1      	ldrb	r1, [r4, #3]
100070ae:	f001 0103 	and.w	r1, r1, #3
100070b2:	42b1      	cmp	r1, r6
100070b4:	d114      	bne.n	100070e0 <usbd_open_edpt_pair+0x4c>
100070b6:	4621      	mov	r1, r4
100070b8:	4638      	mov	r0, r7
100070ba:	f7ff ffbd 	bl	10007038 <usbd_edpt_open>
100070be:	b178      	cbz	r0, 100070e0 <usbd_open_edpt_pair+0x4c>
100070c0:	78a3      	ldrb	r3, [r4, #2]
100070c2:	f109 0901 	add.w	r9, r9, #1
100070c6:	09da      	lsrs	r2, r3, #7
100070c8:	bf16      	itet	ne
100070ca:	9a09      	ldrne	r2, [sp, #36]	@ 0x24
100070cc:	f888 3000 	strbeq.w	r3, [r8]
100070d0:	7013      	strbne	r3, [r2, #0]
100070d2:	7823      	ldrb	r3, [r4, #0]
100070d4:	45a9      	cmp	r9, r5
100070d6:	441c      	add	r4, r3
100070d8:	d00d      	beq.n	100070f6 <usbd_open_edpt_pair+0x62>
100070da:	7863      	ldrb	r3, [r4, #1]
100070dc:	2b05      	cmp	r3, #5
100070de:	d0e5      	beq.n	100070ac <usbd_open_edpt_pair+0x18>
100070e0:	f04f 23e0 	mov.w	r3, #3758153728	@ 0xe000e000
100070e4:	f8d3 3df0 	ldr.w	r3, [r3, #3568]	@ 0xdf0
100070e8:	07db      	lsls	r3, r3, #31
100070ea:	d402      	bmi.n	100070f2 <usbd_open_edpt_pair+0x5e>
100070ec:	2000      	movs	r0, #0
100070ee:	e8bd 83f8 	ldmia.w	sp!, {r3, r4, r5, r6, r7, r8, r9, pc}
100070f2:	be00      	bkpt	0x0000
100070f4:	e7fa      	b.n	100070ec <usbd_open_edpt_pair+0x58>
100070f6:	2001      	movs	r0, #1
100070f8:	e8bd 83f8 	ldmia.w	sp!, {r3, r4, r5, r6, r7, r8, r9, pc}

100070fc <usbd_edpt_claim>:
100070fc:	460a      	mov	r2, r1
100070fe:	4b06      	ldr	r3, [pc, #24]	@ (10007118 <usbd_edpt_claim+0x1c>)
10007100:	4806      	ldr	r0, [pc, #24]	@ (1000711c <usbd_edpt_claim+0x20>)
10007102:	6819      	ldr	r1, [r3, #0]
10007104:	09d3      	lsrs	r3, r2, #7
10007106:	3334      	adds	r3, #52	@ 0x34
10007108:	f002 027f 	and.w	r2, r2, #127	@ 0x7f
1000710c:	eb03 0342 	add.w	r3, r3, r2, lsl #1
10007110:	4418      	add	r0, r3
10007112:	f000 bc3f 	b.w	10007994 <tu_edpt_claim>
10007116:	bf00      	nop
10007118:	20011254 	.word	0x20011254
1000711c:	20011200 	.word	0x20011200

10007120 <usbd_edpt_release>:
10007120:	460a      	mov	r2, r1
10007122:	4b06      	ldr	r3, [pc, #24]	@ (1000713c <usbd_edpt_release+0x1c>)
10007124:	4806      	ldr	r0, [pc, #24]	@ (10007140 <usbd_edpt_release+0x20>)
10007126:	6819      	ldr	r1, [r3, #0]
10007128:	09d3      	lsrs	r3, r2, #7
1000712a:	3334      	adds	r3, #52	@ 0x34
1000712c:	f002 027f 	and.w	r2, r2, #127	@ 0x7f
10007130:	eb03 0342 	add.w	r3, r3, r2, lsl #1
10007134:	4418      	add	r0, r3
10007136:	f000 bc5d 	b.w	100079f4 <tu_edpt_release>
1000713a:	bf00      	nop
1000713c:	20011254 	.word	0x20011254
10007140:	20011200 	.word	0x20011200

10007144 <usbd_edpt_xfer>:
10007144:	b510      	push	{r4, lr}
10007146:	4819      	ldr	r0, [pc, #100]	@ (100071ac <usbd_edpt_xfer+0x68>)
10007148:	f001 047f 	and.w	r4, r1, #127	@ 0x7f
1000714c:	eb00 0044 	add.w	r0, r0, r4, lsl #1
10007150:	eb00 10d1 	add.w	r0, r0, r1, lsr #7
10007154:	f890 c034 	ldrb.w	ip, [r0, #52]	@ 0x34
10007158:	f01c 0f01 	tst.w	ip, #1
1000715c:	d008      	beq.n	10007170 <usbd_edpt_xfer+0x2c>
1000715e:	f04f 23e0 	mov.w	r3, #3758153728	@ 0xe000e000
10007162:	f8d3 3df0 	ldr.w	r3, [r3, #3568]	@ 0xdf0
10007166:	07da      	lsls	r2, r3, #31
10007168:	d500      	bpl.n	1000716c <usbd_edpt_xfer+0x28>
1000716a:	be00      	bkpt	0x0000
1000716c:	2000      	movs	r0, #0
1000716e:	bd10      	pop	{r4, pc}
10007170:	f100 0430 	add.w	r4, r0, #48	@ 0x30
10007174:	f894 c004 	ldrb.w	ip, [r4, #4]
10007178:	480d      	ldr	r0, [pc, #52]	@ (100071b0 <usbd_edpt_xfer+0x6c>)
1000717a:	f04c 0c01 	orr.w	ip, ip, #1
1000717e:	7800      	ldrb	r0, [r0, #0]
10007180:	f884 c004 	strb.w	ip, [r4, #4]
10007184:	f7ff fa38 	bl	100065f8 <dcd_edpt_xfer>
10007188:	2800      	cmp	r0, #0
1000718a:	d1f0      	bne.n	1000716e <usbd_edpt_xfer+0x2a>
1000718c:	f04f 21e0 	mov.w	r1, #3758153728	@ 0xe000e000
10007190:	7922      	ldrb	r2, [r4, #4]
10007192:	f360 0200 	bfi	r2, r0, #0, #1
10007196:	7122      	strb	r2, [r4, #4]
10007198:	7922      	ldrb	r2, [r4, #4]
1000719a:	f360 0282 	bfi	r2, r0, #2, #1
1000719e:	7122      	strb	r2, [r4, #4]
100071a0:	f8d1 3df0 	ldr.w	r3, [r1, #3568]	@ 0xdf0
100071a4:	07db      	lsls	r3, r3, #31
100071a6:	d5e1      	bpl.n	1000716c <usbd_edpt_xfer+0x28>
100071a8:	be00      	bkpt	0x0000
100071aa:	e7df      	b.n	1000716c <usbd_edpt_xfer+0x28>
100071ac:	20011200 	.word	0x20011200
100071b0:	20001174 	.word	0x20001174

100071b4 <data_stage_xact>:
100071b4:	491d      	ldr	r1, [pc, #116]	@ (1000722c <data_stage_xact+0x78>)
100071b6:	b510      	push	{r4, lr}
100071b8:	89ca      	ldrh	r2, [r1, #14]
100071ba:	4604      	mov	r4, r0
100071bc:	8988      	ldrh	r0, [r1, #12]
100071be:	f991 c000 	ldrsb.w	ip, [r1]
100071c2:	1a83      	subs	r3, r0, r2
100071c4:	b29b      	uxth	r3, r3
100071c6:	2b40      	cmp	r3, #64	@ 0x40
100071c8:	bf28      	it	cs
100071ca:	2340      	movcs	r3, #64	@ 0x40
100071cc:	f1bc 0f00 	cmp.w	ip, #0
100071d0:	b082      	sub	sp, #8
100071d2:	db0a      	blt.n	100071ea <data_stage_xact+0x36>
100071d4:	4290      	cmp	r0, r2
100071d6:	f04f 0100 	mov.w	r1, #0
100071da:	d01f      	beq.n	1000721c <data_stage_xact+0x68>
100071dc:	4620      	mov	r0, r4
100071de:	4a14      	ldr	r2, [pc, #80]	@ (10007230 <data_stage_xact+0x7c>)
100071e0:	b002      	add	sp, #8
100071e2:	e8bd 4010 	ldmia.w	sp!, {r4, lr}
100071e6:	f7ff bfad 	b.w	10007144 <usbd_edpt_xfer>
100071ea:	4290      	cmp	r0, r2
100071ec:	d00e      	beq.n	1000720c <data_stage_xact+0x58>
100071ee:	461a      	mov	r2, r3
100071f0:	6889      	ldr	r1, [r1, #8]
100071f2:	480f      	ldr	r0, [pc, #60]	@ (10007230 <data_stage_xact+0x7c>)
100071f4:	9301      	str	r3, [sp, #4]
100071f6:	f001 fc75 	bl	10008ae4 <memcpy>
100071fa:	2180      	movs	r1, #128	@ 0x80
100071fc:	4620      	mov	r0, r4
100071fe:	4a0c      	ldr	r2, [pc, #48]	@ (10007230 <data_stage_xact+0x7c>)
10007200:	9b01      	ldr	r3, [sp, #4]
10007202:	b002      	add	sp, #8
10007204:	e8bd 4010 	ldmia.w	sp!, {r4, lr}
10007208:	f7ff bf9c 	b.w	10007144 <usbd_edpt_xfer>
1000720c:	2180      	movs	r1, #128	@ 0x80
1000720e:	2200      	movs	r2, #0
10007210:	4620      	mov	r0, r4
10007212:	b002      	add	sp, #8
10007214:	e8bd 4010 	ldmia.w	sp!, {r4, lr}
10007218:	f7ff bf94 	b.w	10007144 <usbd_edpt_xfer>
1000721c:	460a      	mov	r2, r1
1000721e:	4620      	mov	r0, r4
10007220:	b002      	add	sp, #8
10007222:	e8bd 4010 	ldmia.w	sp!, {r4, lr}
10007226:	f7ff bf8d 	b.w	10007144 <usbd_edpt_xfer>
1000722a:	bf00      	nop
1000722c:	200111c0 	.word	0x200111c0
10007230:	20011180 	.word	0x20011180

10007234 <tud_control_status>:
10007234:	4a0b      	ldr	r2, [pc, #44]	@ (10007264 <tud_control_status+0x30>)
10007236:	468c      	mov	ip, r1
10007238:	4613      	mov	r3, r2
1000723a:	b500      	push	{lr}
1000723c:	4686      	mov	lr, r0
1000723e:	6808      	ldr	r0, [r1, #0]
10007240:	6849      	ldr	r1, [r1, #4]
10007242:	c303      	stmia	r3!, {r0, r1}
10007244:	2300      	movs	r3, #0
10007246:	f89c 1000 	ldrb.w	r1, [ip]
1000724a:	4670      	mov	r0, lr
1000724c:	f081 01ff 	eor.w	r1, r1, #255	@ 0xff
10007250:	6093      	str	r3, [r2, #8]
10007252:	60d3      	str	r3, [r2, #12]
10007254:	f85d eb04 	ldr.w	lr, [sp], #4
10007258:	461a      	mov	r2, r3
1000725a:	f001 0180 	and.w	r1, r1, #128	@ 0x80
1000725e:	f7ff bf71 	b.w	10007144 <usbd_edpt_xfer>
10007262:	bf00      	nop
10007264:	200111c0 	.word	0x200111c0

10007268 <tud_control_xfer>:
10007268:	f8df c064 	ldr.w	ip, [pc, #100]	@ 100072d0 <tud_control_xfer+0x68>
1000726c:	b570      	push	{r4, r5, r6, lr}
1000726e:	46e6      	mov	lr, ip
10007270:	2500      	movs	r5, #0
10007272:	460c      	mov	r4, r1
10007274:	4606      	mov	r6, r0
10007276:	6808      	ldr	r0, [r1, #0]
10007278:	6849      	ldr	r1, [r1, #4]
1000727a:	f8ac 500e 	strh.w	r5, [ip, #14]
1000727e:	e8ae 0003 	stmia.w	lr!, {r0, r1}
10007282:	f8cc 2008 	str.w	r2, [ip, #8]
10007286:	88e0      	ldrh	r0, [r4, #6]
10007288:	4283      	cmp	r3, r0
1000728a:	bf28      	it	cs
1000728c:	4603      	movcs	r3, r0
1000728e:	f8ac 300c 	strh.w	r3, [ip, #12]
10007292:	b138      	cbz	r0, 100072a4 <tud_control_xfer+0x3c>
10007294:	b103      	cbz	r3, 10007298 <tud_control_xfer+0x30>
10007296:	b18a      	cbz	r2, 100072bc <tud_control_xfer+0x54>
10007298:	4630      	mov	r0, r6
1000729a:	f7ff ff8b 	bl	100071b4 <data_stage_xact>
1000729e:	b168      	cbz	r0, 100072bc <tud_control_xfer+0x54>
100072a0:	2001      	movs	r0, #1
100072a2:	bd70      	pop	{r4, r5, r6, pc}
100072a4:	7821      	ldrb	r1, [r4, #0]
100072a6:	4603      	mov	r3, r0
100072a8:	f081 01ff 	eor.w	r1, r1, #255	@ 0xff
100072ac:	4602      	mov	r2, r0
100072ae:	f001 0180 	and.w	r1, r1, #128	@ 0x80
100072b2:	4630      	mov	r0, r6
100072b4:	f7ff ff46 	bl	10007144 <usbd_edpt_xfer>
100072b8:	2800      	cmp	r0, #0
100072ba:	d1f1      	bne.n	100072a0 <tud_control_xfer+0x38>
100072bc:	f04f 23e0 	mov.w	r3, #3758153728	@ 0xe000e000
100072c0:	f8d3 3df0 	ldr.w	r3, [r3, #3568]	@ 0xdf0
100072c4:	07db      	lsls	r3, r3, #31
100072c6:	d500      	bpl.n	100072ca <tud_control_xfer+0x62>
100072c8:	be00      	bkpt	0x0000
100072ca:	2000      	movs	r0, #0
100072cc:	bd70      	pop	{r4, r5, r6, pc}
100072ce:	bf00      	nop
100072d0:	200111c0 	.word	0x200111c0

100072d4 <usbd_control_reset>:
100072d4:	2200      	movs	r2, #0
100072d6:	4b03      	ldr	r3, [pc, #12]	@ (100072e4 <usbd_control_reset+0x10>)
100072d8:	e9c3 2200 	strd	r2, r2, [r3]
100072dc:	e9c3 2202 	strd	r2, r2, [r3, #8]
100072e0:	611a      	str	r2, [r3, #16]
100072e2:	4770      	bx	lr
100072e4:	200111c0 	.word	0x200111c0

100072e8 <usbd_control_set_complete_callback>:
100072e8:	4b01      	ldr	r3, [pc, #4]	@ (100072f0 <usbd_control_set_complete_callback+0x8>)
100072ea:	6118      	str	r0, [r3, #16]
100072ec:	4770      	bx	lr
100072ee:	bf00      	nop
100072f0:	200111c0 	.word	0x200111c0

100072f4 <usbd_control_set_request>:
100072f4:	4601      	mov	r1, r0
100072f6:	4a05      	ldr	r2, [pc, #20]	@ (1000730c <usbd_control_set_request+0x18>)
100072f8:	f04f 0c00 	mov.w	ip, #0
100072fc:	4613      	mov	r3, r2
100072fe:	6800      	ldr	r0, [r0, #0]
10007300:	6849      	ldr	r1, [r1, #4]
10007302:	e9c2 cc02 	strd	ip, ip, [r2, #8]
10007306:	c303      	stmia	r3!, {r0, r1}
10007308:	4770      	bx	lr
1000730a:	bf00      	nop
1000730c:	200111c0 	.word	0x200111c0

10007310 <usbd_control_xfer_cb>:
10007310:	b530      	push	{r4, r5, lr}
10007312:	4c2e      	ldr	r4, [pc, #184]	@ (100073cc <usbd_control_xfer_cb+0xbc>)
10007314:	09c9      	lsrs	r1, r1, #7
10007316:	7822      	ldrb	r2, [r4, #0]
10007318:	4605      	mov	r5, r0
1000731a:	ebb1 1fd2 	cmp.w	r1, r2, lsr #7
1000731e:	b083      	sub	sp, #12
10007320:	d017      	beq.n	10007352 <usbd_control_xfer_cb+0x42>
10007322:	b153      	cbz	r3, 1000733a <usbd_control_xfer_cb+0x2a>
10007324:	f04f 23e0 	mov.w	r3, #3758153728	@ 0xe000e000
10007328:	f8d3 3df0 	ldr.w	r3, [r3, #3568]	@ 0xdf0
1000732c:	07db      	lsls	r3, r3, #31
1000732e:	d402      	bmi.n	10007336 <usbd_control_xfer_cb+0x26>
10007330:	2000      	movs	r0, #0
10007332:	b003      	add	sp, #12
10007334:	bd30      	pop	{r4, r5, pc}
10007336:	be00      	bkpt	0x0000
10007338:	e7fa      	b.n	10007330 <usbd_control_xfer_cb+0x20>
1000733a:	4621      	mov	r1, r4
1000733c:	f7ff f900 	bl	10006540 <dcd_edpt0_status_complete>
10007340:	6923      	ldr	r3, [r4, #16]
10007342:	b11b      	cbz	r3, 1000734c <usbd_control_xfer_cb+0x3c>
10007344:	4622      	mov	r2, r4
10007346:	2103      	movs	r1, #3
10007348:	4628      	mov	r0, r5
1000734a:	4798      	blx	r3
1000734c:	2001      	movs	r0, #1
1000734e:	b003      	add	sp, #12
10007350:	bd30      	pop	{r4, r5, pc}
10007352:	f994 2000 	ldrsb.w	r2, [r4]
10007356:	2a00      	cmp	r2, #0
10007358:	db08      	blt.n	1000736c <usbd_control_xfer_cb+0x5c>
1000735a:	68a0      	ldr	r0, [r4, #8]
1000735c:	2800      	cmp	r0, #0
1000735e:	d0e7      	beq.n	10007330 <usbd_control_xfer_cb+0x20>
10007360:	461a      	mov	r2, r3
10007362:	491b      	ldr	r1, [pc, #108]	@ (100073d0 <usbd_control_xfer_cb+0xc0>)
10007364:	9301      	str	r3, [sp, #4]
10007366:	f001 fbbd 	bl	10008ae4 <memcpy>
1000736a:	9b01      	ldr	r3, [sp, #4]
1000736c:	68a1      	ldr	r1, [r4, #8]
1000736e:	89e2      	ldrh	r2, [r4, #14]
10007370:	4419      	add	r1, r3
10007372:	441a      	add	r2, r3
10007374:	60a1      	str	r1, [r4, #8]
10007376:	88e1      	ldrh	r1, [r4, #6]
10007378:	b292      	uxth	r2, r2
1000737a:	4291      	cmp	r1, r2
1000737c:	81e2      	strh	r2, [r4, #14]
1000737e:	d007      	beq.n	10007390 <usbd_control_xfer_cb+0x80>
10007380:	2b3f      	cmp	r3, #63	@ 0x3f
10007382:	d905      	bls.n	10007390 <usbd_control_xfer_cb+0x80>
10007384:	4628      	mov	r0, r5
10007386:	f7ff ff15 	bl	100071b4 <data_stage_xact>
1000738a:	2800      	cmp	r0, #0
1000738c:	d1de      	bne.n	1000734c <usbd_control_xfer_cb+0x3c>
1000738e:	e7c9      	b.n	10007324 <usbd_control_xfer_cb+0x14>
10007390:	6923      	ldr	r3, [r4, #16]
10007392:	b123      	cbz	r3, 1000739e <usbd_control_xfer_cb+0x8e>
10007394:	2102      	movs	r1, #2
10007396:	4628      	mov	r0, r5
10007398:	4a0c      	ldr	r2, [pc, #48]	@ (100073cc <usbd_control_xfer_cb+0xbc>)
1000739a:	4798      	blx	r3
1000739c:	b168      	cbz	r0, 100073ba <usbd_control_xfer_cb+0xaa>
1000739e:	2300      	movs	r3, #0
100073a0:	7821      	ldrb	r1, [r4, #0]
100073a2:	4628      	mov	r0, r5
100073a4:	f081 01ff 	eor.w	r1, r1, #255	@ 0xff
100073a8:	461a      	mov	r2, r3
100073aa:	f001 0180 	and.w	r1, r1, #128	@ 0x80
100073ae:	f7ff fec9 	bl	10007144 <usbd_edpt_xfer>
100073b2:	2800      	cmp	r0, #0
100073b4:	d0b6      	beq.n	10007324 <usbd_control_xfer_cb+0x14>
100073b6:	2001      	movs	r0, #1
100073b8:	e7c9      	b.n	1000734e <usbd_control_xfer_cb+0x3e>
100073ba:	4601      	mov	r1, r0
100073bc:	4628      	mov	r0, r5
100073be:	f7ff f92f 	bl	10006620 <dcd_edpt_stall>
100073c2:	2180      	movs	r1, #128	@ 0x80
100073c4:	4628      	mov	r0, r5
100073c6:	f7ff f92b 	bl	10006620 <dcd_edpt_stall>
100073ca:	e7bf      	b.n	1000734c <usbd_control_xfer_cb+0x3c>
100073cc:	200111c0 	.word	0x200111c0
100073d0:	20011180 	.word	0x20011180

100073d4 <_prep_out_transaction.isra.0>:
100073d4:	b570      	push	{r4, r5, r6, lr}
100073d6:	b082      	sub	sp, #8
100073d8:	4604      	mov	r4, r0
100073da:	f7ff f9e1 	bl	100067a0 <tud_mounted>
100073de:	b908      	cbnz	r0, 100073e4 <_prep_out_transaction.isra.0+0x10>
100073e0:	b002      	add	sp, #8
100073e2:	bd70      	pop	{r4, r5, r6, pc}
100073e4:	f7ff f9e4 	bl	100067b0 <tud_suspended>
100073e8:	4602      	mov	r2, r0
100073ea:	2800      	cmp	r0, #0
100073ec:	d1f8      	bne.n	100073e0 <_prep_out_transaction.isra.0+0xc>
100073ee:	23c8      	movs	r3, #200	@ 0xc8
100073f0:	fb04 f303 	mul.w	r3, r4, r3
100073f4:	4915      	ldr	r1, [pc, #84]	@ (1000744c <_prep_out_transaction.isra.0+0x78>)
100073f6:	4625      	mov	r5, r4
100073f8:	18cc      	adds	r4, r1, r3
100073fa:	78e0      	ldrb	r0, [r4, #3]
100073fc:	2800      	cmp	r0, #0
100073fe:	d0ef      	beq.n	100073e0 <_prep_out_transaction.isra.0+0xc>
10007400:	3310      	adds	r3, #16
10007402:	185e      	adds	r6, r3, r1
10007404:	4630      	mov	r0, r6
10007406:	9201      	str	r2, [sp, #4]
10007408:	f000 fc38 	bl	10007c7c <tu_fifo_remaining>
1000740c:	283f      	cmp	r0, #63	@ 0x3f
1000740e:	d9e7      	bls.n	100073e0 <_prep_out_transaction.isra.0+0xc>
10007410:	78e1      	ldrb	r1, [r4, #3]
10007412:	9801      	ldr	r0, [sp, #4]
10007414:	f7ff fe72 	bl	100070fc <usbd_edpt_claim>
10007418:	2800      	cmp	r0, #0
1000741a:	d0e1      	beq.n	100073e0 <_prep_out_transaction.isra.0+0xc>
1000741c:	4630      	mov	r0, r6
1000741e:	f000 fc2d 	bl	10007c7c <tu_fifo_remaining>
10007422:	283f      	cmp	r0, #63	@ 0x3f
10007424:	78e1      	ldrb	r1, [r4, #3]
10007426:	d90a      	bls.n	1000743e <_prep_out_transaction.isra.0+0x6a>
10007428:	2340      	movs	r3, #64	@ 0x40
1000742a:	f8df c024 	ldr.w	ip, [pc, #36]	@ 10007450 <_prep_out_transaction.isra.0+0x7c>
1000742e:	9801      	ldr	r0, [sp, #4]
10007430:	eb0c 12c5 	add.w	r2, ip, r5, lsl #7
10007434:	b002      	add	sp, #8
10007436:	e8bd 4070 	ldmia.w	sp!, {r4, r5, r6, lr}
1000743a:	f7ff be83 	b.w	10007144 <usbd_edpt_xfer>
1000743e:	9801      	ldr	r0, [sp, #4]
10007440:	b002      	add	sp, #8
10007442:	e8bd 4070 	ldmia.w	sp!, {r4, r5, r6, lr}
10007446:	f7ff be6b 	b.w	10007120 <usbd_edpt_release>
1000744a:	bf00      	nop
1000744c:	20001198 	.word	0x20001198
10007450:	200110fc 	.word	0x200110fc

10007454 <tud_cdc_n_connected>:
10007454:	b510      	push	{r4, lr}
10007456:	4604      	mov	r4, r0
10007458:	f7ff f9a2 	bl	100067a0 <tud_mounted>
1000745c:	b908      	cbnz	r0, 10007462 <tud_cdc_n_connected+0xe>
1000745e:	2000      	movs	r0, #0
10007460:	bd10      	pop	{r4, pc}
10007462:	f7ff f9a5 	bl	100067b0 <tud_suspended>
10007466:	2800      	cmp	r0, #0
10007468:	d1f9      	bne.n	1000745e <tud_cdc_n_connected+0xa>
1000746a:	22c8      	movs	r2, #200	@ 0xc8
1000746c:	4b03      	ldr	r3, [pc, #12]	@ (1000747c <tud_cdc_n_connected+0x28>)
1000746e:	fb02 3304 	mla	r3, r2, r4, r3
10007472:	7918      	ldrb	r0, [r3, #4]
10007474:	f000 0001 	and.w	r0, r0, #1
10007478:	bd10      	pop	{r4, pc}
1000747a:	bf00      	nop
1000747c:	20001198 	.word	0x20001198

10007480 <tud_cdc_n_available>:
10007480:	22c8      	movs	r2, #200	@ 0xc8
10007482:	b508      	push	{r3, lr}
10007484:	4b02      	ldr	r3, [pc, #8]	@ (10007490 <tud_cdc_n_available+0x10>)
10007486:	fb02 3000 	mla	r0, r2, r0, r3
1000748a:	f000 fbdd 	bl	10007c48 <tu_fifo_count>
1000748e:	bd08      	pop	{r3, pc}
10007490:	200011a8 	.word	0x200011a8

10007494 <tud_cdc_n_read>:
10007494:	b538      	push	{r3, r4, r5, lr}
10007496:	f64f 73ff 	movw	r3, #65535	@ 0xffff
1000749a:	429a      	cmp	r2, r3
1000749c:	4604      	mov	r4, r0
1000749e:	f04f 0cc8 	mov.w	ip, #200	@ 0xc8
100074a2:	bf28      	it	cs
100074a4:	461a      	movcs	r2, r3
100074a6:	4806      	ldr	r0, [pc, #24]	@ (100074c0 <tud_cdc_n_read+0x2c>)
100074a8:	b292      	uxth	r2, r2
100074aa:	fb0c 0004 	mla	r0, ip, r4, r0
100074ae:	f000 fc23 	bl	10007cf8 <tu_fifo_read_n>
100074b2:	4605      	mov	r5, r0
100074b4:	4620      	mov	r0, r4
100074b6:	f7ff ff8d 	bl	100073d4 <_prep_out_transaction.isra.0>
100074ba:	4628      	mov	r0, r5
100074bc:	bd38      	pop	{r3, r4, r5, pc}
100074be:	bf00      	nop
100074c0:	200011a8 	.word	0x200011a8

100074c4 <tud_cdc_n_write_flush>:
100074c4:	b5f0      	push	{r4, r5, r6, r7, lr}
100074c6:	b083      	sub	sp, #12
100074c8:	4605      	mov	r5, r0
100074ca:	f7ff f969 	bl	100067a0 <tud_mounted>
100074ce:	b910      	cbnz	r0, 100074d6 <tud_cdc_n_write_flush+0x12>
100074d0:	2000      	movs	r0, #0
100074d2:	b003      	add	sp, #12
100074d4:	bdf0      	pop	{r4, r5, r6, r7, pc}
100074d6:	f7ff f96b 	bl	100067b0 <tud_suspended>
100074da:	4604      	mov	r4, r0
100074dc:	2800      	cmp	r0, #0
100074de:	d1f7      	bne.n	100074d0 <tud_cdc_n_write_flush+0xc>
100074e0:	23c8      	movs	r3, #200	@ 0xc8
100074e2:	fb05 f303 	mul.w	r3, r5, r3
100074e6:	4a1a      	ldr	r2, [pc, #104]	@ (10007550 <tud_cdc_n_write_flush+0x8c>)
100074e8:	f103 0124 	add.w	r1, r3, #36	@ 0x24
100074ec:	188f      	adds	r7, r1, r2
100074ee:	4638      	mov	r0, r7
100074f0:	9300      	str	r3, [sp, #0]
100074f2:	f000 fba9 	bl	10007c48 <tu_fifo_count>
100074f6:	2800      	cmp	r0, #0
100074f8:	d0ea      	beq.n	100074d0 <tud_cdc_n_write_flush+0xc>
100074fa:	4a15      	ldr	r2, [pc, #84]	@ (10007550 <tud_cdc_n_write_flush+0x8c>)
100074fc:	9b00      	ldr	r3, [sp, #0]
100074fe:	4620      	mov	r0, r4
10007500:	18d6      	adds	r6, r2, r3
10007502:	78b1      	ldrb	r1, [r6, #2]
10007504:	f7ff fdfa 	bl	100070fc <usbd_edpt_claim>
10007508:	2800      	cmp	r0, #0
1000750a:	d0e1      	beq.n	100074d0 <tud_cdc_n_write_flush+0xc>
1000750c:	4911      	ldr	r1, [pc, #68]	@ (10007554 <tud_cdc_n_write_flush+0x90>)
1000750e:	4638      	mov	r0, r7
10007510:	eb01 11c5 	add.w	r1, r1, r5, lsl #7
10007514:	2240      	movs	r2, #64	@ 0x40
10007516:	9100      	str	r1, [sp, #0]
10007518:	f000 fbee 	bl	10007cf8 <tu_fifo_read_n>
1000751c:	f896 c002 	ldrb.w	ip, [r6, #2]
10007520:	4603      	mov	r3, r0
10007522:	b170      	cbz	r0, 10007542 <tud_cdc_n_write_flush+0x7e>
10007524:	9001      	str	r0, [sp, #4]
10007526:	4661      	mov	r1, ip
10007528:	4620      	mov	r0, r4
1000752a:	9a00      	ldr	r2, [sp, #0]
1000752c:	f7ff fe0a 	bl	10007144 <usbd_edpt_xfer>
10007530:	b958      	cbnz	r0, 1000754a <tud_cdc_n_write_flush+0x86>
10007532:	f04f 23e0 	mov.w	r3, #3758153728	@ 0xe000e000
10007536:	f8d3 3df0 	ldr.w	r3, [r3, #3568]	@ 0xdf0
1000753a:	07db      	lsls	r3, r3, #31
1000753c:	d5c8      	bpl.n	100074d0 <tud_cdc_n_write_flush+0xc>
1000753e:	be00      	bkpt	0x0000
10007540:	e7c6      	b.n	100074d0 <tud_cdc_n_write_flush+0xc>
10007542:	4661      	mov	r1, ip
10007544:	f7ff fdec 	bl	10007120 <usbd_edpt_release>
10007548:	e7c2      	b.n	100074d0 <tud_cdc_n_write_flush+0xc>
1000754a:	9801      	ldr	r0, [sp, #4]
1000754c:	e7c1      	b.n	100074d2 <tud_cdc_n_write_flush+0xe>
1000754e:	bf00      	nop
10007550:	20001198 	.word	0x20001198
10007554:	2001113c 	.word	0x2001113c

10007558 <tud_cdc_n_write>:
10007558:	b570      	push	{r4, r5, r6, lr}
1000755a:	4605      	mov	r5, r0
1000755c:	f64f 70ff 	movw	r0, #65535	@ 0xffff
10007560:	23c8      	movs	r3, #200	@ 0xc8
10007562:	4282      	cmp	r2, r0
10007564:	bf28      	it	cs
10007566:	4602      	movcs	r2, r0
10007568:	4c09      	ldr	r4, [pc, #36]	@ (10007590 <tud_cdc_n_write+0x38>)
1000756a:	b292      	uxth	r2, r2
1000756c:	fb03 4405 	mla	r4, r3, r5, r4
10007570:	4620      	mov	r0, r4
10007572:	f000 fc43 	bl	10007dfc <tu_fifo_write_n>
10007576:	4606      	mov	r6, r0
10007578:	4620      	mov	r0, r4
1000757a:	f000 fb65 	bl	10007c48 <tu_fifo_count>
1000757e:	283f      	cmp	r0, #63	@ 0x3f
10007580:	d801      	bhi.n	10007586 <tud_cdc_n_write+0x2e>
10007582:	4630      	mov	r0, r6
10007584:	bd70      	pop	{r4, r5, r6, pc}
10007586:	4628      	mov	r0, r5
10007588:	f7ff ff9c 	bl	100074c4 <tud_cdc_n_write_flush>
1000758c:	4630      	mov	r0, r6
1000758e:	bd70      	pop	{r4, r5, r6, pc}
10007590:	200011bc 	.word	0x200011bc

10007594 <tud_cdc_n_write_available>:
10007594:	22c8      	movs	r2, #200	@ 0xc8
10007596:	b508      	push	{r3, lr}
10007598:	4b02      	ldr	r3, [pc, #8]	@ (100075a4 <tud_cdc_n_write_available+0x10>)
1000759a:	fb02 3000 	mla	r0, r2, r0, r3
1000759e:	f000 fb6d 	bl	10007c7c <tu_fifo_remaining>
100075a2:	bd08      	pop	{r3, pc}
100075a4:	200011bc 	.word	0x200011bc

100075a8 <cdcd_init>:
100075a8:	b570      	push	{r4, r5, r6, lr}
100075aa:	2400      	movs	r4, #0
100075ac:	b082      	sub	sp, #8
100075ae:	22c8      	movs	r2, #200	@ 0xc8
100075b0:	2100      	movs	r1, #0
100075b2:	4818      	ldr	r0, [pc, #96]	@ (10007614 <cdcd_init+0x6c>)
100075b4:	f001 f92a 	bl	1000880c <memset>
100075b8:	23ff      	movs	r3, #255	@ 0xff
100075ba:	f44f 31e1 	mov.w	r1, #115200	@ 0x1c200
100075be:	2208      	movs	r2, #8
100075c0:	4815      	ldr	r0, [pc, #84]	@ (10007618 <cdcd_init+0x70>)
100075c2:	7004      	strb	r4, [r0, #0]
100075c4:	4813      	ldr	r0, [pc, #76]	@ (10007614 <cdcd_init+0x6c>)
100075c6:	9400      	str	r4, [sp, #0]
100075c8:	4606      	mov	r6, r0
100075ca:	7143      	strb	r3, [r0, #5]
100075cc:	6081      	str	r1, [r0, #8]
100075ce:	7382      	strb	r2, [r0, #14]
100075d0:	f100 0138 	add.w	r1, r0, #56	@ 0x38
100075d4:	2301      	movs	r3, #1
100075d6:	2240      	movs	r2, #64	@ 0x40
100075d8:	3010      	adds	r0, #16
100075da:	f000 fb05 	bl	10007be8 <tu_fifo_config>
100075de:	2301      	movs	r3, #1
100075e0:	2240      	movs	r2, #64	@ 0x40
100075e2:	f106 0178 	add.w	r1, r6, #120	@ 0x78
100075e6:	9300      	str	r3, [sp, #0]
100075e8:	f106 05b8 	add.w	r5, r6, #184	@ 0xb8
100075ec:	f106 0024 	add.w	r0, r6, #36	@ 0x24
100075f0:	f000 fafa 	bl	10007be8 <tu_fifo_config>
100075f4:	4628      	mov	r0, r5
100075f6:	f7fb f9bf 	bl	10002978 <mutex_init>
100075fa:	f106 00c0 	add.w	r0, r6, #192	@ 0xc0
100075fe:	f7fb f9bb 	bl	10002978 <mutex_init>
10007602:	f106 00c0 	add.w	r0, r6, #192	@ 0xc0
10007606:	e9c6 4507 	strd	r4, r5, [r6, #28]
1000760a:	e9c6 040c 	strd	r0, r4, [r6, #48]	@ 0x30
1000760e:	b002      	add	sp, #8
10007610:	bd70      	pop	{r4, r5, r6, pc}
10007612:	bf00      	nop
10007614:	20001198 	.word	0x20001198
10007618:	2001117c 	.word	0x2001117c

1000761c <cdcd_deinit>:
1000761c:	4b09      	ldr	r3, [pc, #36]	@ (10007644 <cdcd_deinit+0x28>)
1000761e:	6a19      	ldr	r1, [r3, #32]
10007620:	6b18      	ldr	r0, [r3, #48]	@ 0x30
10007622:	b159      	cbz	r1, 1000763c <cdcd_deinit+0x20>
10007624:	2200      	movs	r2, #0
10007626:	61da      	str	r2, [r3, #28]
10007628:	b120      	cbz	r0, 10007634 <cdcd_deinit+0x18>
1000762a:	2101      	movs	r1, #1
1000762c:	2200      	movs	r2, #0
1000762e:	e9c3 220c 	strd	r2, r2, [r3, #48]	@ 0x30
10007632:	b109      	cbz	r1, 10007638 <cdcd_deinit+0x1c>
10007634:	2200      	movs	r2, #0
10007636:	621a      	str	r2, [r3, #32]
10007638:	2001      	movs	r0, #1
1000763a:	4770      	bx	lr
1000763c:	2800      	cmp	r0, #0
1000763e:	d1f5      	bne.n	1000762c <cdcd_deinit+0x10>
10007640:	2001      	movs	r0, #1
10007642:	4770      	bx	lr
10007644:	20001198 	.word	0x20001198

10007648 <cdcd_reset>:
10007648:	2200      	movs	r2, #0
1000764a:	4910      	ldr	r1, [pc, #64]	@ (1000768c <cdcd_reset+0x44>)
1000764c:	b508      	push	{r3, lr}
1000764e:	4810      	ldr	r0, [pc, #64]	@ (10007690 <cdcd_reset+0x48>)
10007650:	780b      	ldrb	r3, [r1, #0]
10007652:	6002      	str	r2, [r0, #0]
10007654:	7102      	strb	r2, [r0, #4]
10007656:	07da      	lsls	r2, r3, #31
10007658:	d507      	bpl.n	1000766a <cdcd_reset+0x22>
1000765a:	079b      	lsls	r3, r3, #30
1000765c:	d50c      	bpl.n	10007678 <cdcd_reset+0x30>
1000765e:	e8bd 4008 	ldmia.w	sp!, {r3, lr}
10007662:	2101      	movs	r1, #1
10007664:	480b      	ldr	r0, [pc, #44]	@ (10007694 <cdcd_reset+0x4c>)
10007666:	f000 bc8d 	b.w	10007f84 <tu_fifo_set_overwritable>
1000766a:	3010      	adds	r0, #16
1000766c:	f000 fc6e 	bl	10007f4c <tu_fifo_clear>
10007670:	4906      	ldr	r1, [pc, #24]	@ (1000768c <cdcd_reset+0x44>)
10007672:	780b      	ldrb	r3, [r1, #0]
10007674:	079b      	lsls	r3, r3, #30
10007676:	d4f2      	bmi.n	1000765e <cdcd_reset+0x16>
10007678:	4806      	ldr	r0, [pc, #24]	@ (10007694 <cdcd_reset+0x4c>)
1000767a:	f000 fc67 	bl	10007f4c <tu_fifo_clear>
1000767e:	e8bd 4008 	ldmia.w	sp!, {r3, lr}
10007682:	2101      	movs	r1, #1
10007684:	4803      	ldr	r0, [pc, #12]	@ (10007694 <cdcd_reset+0x4c>)
10007686:	f000 bc7d 	b.w	10007f84 <tu_fifo_set_overwritable>
1000768a:	bf00      	nop
1000768c:	2001117c 	.word	0x2001117c
10007690:	20001198 	.word	0x20001198
10007694:	200011bc 	.word	0x200011bc

10007698 <cdcd_open>:
10007698:	b570      	push	{r4, r5, r6, lr}
1000769a:	794b      	ldrb	r3, [r1, #5]
1000769c:	b084      	sub	sp, #16
1000769e:	2b02      	cmp	r3, #2
100076a0:	d102      	bne.n	100076a8 <cdcd_open+0x10>
100076a2:	798b      	ldrb	r3, [r1, #6]
100076a4:	2b02      	cmp	r3, #2
100076a6:	d003      	beq.n	100076b0 <cdcd_open+0x18>
100076a8:	2400      	movs	r4, #0
100076aa:	4620      	mov	r0, r4
100076ac:	b004      	add	sp, #16
100076ae:	bd70      	pop	{r4, r5, r6, pc}
100076b0:	4b29      	ldr	r3, [pc, #164]	@ (10007758 <cdcd_open+0xc0>)
100076b2:	789b      	ldrb	r3, [r3, #2]
100076b4:	b13b      	cbz	r3, 100076c6 <cdcd_open+0x2e>
100076b6:	f04f 23e0 	mov.w	r3, #3758153728	@ 0xe000e000
100076ba:	f8d3 3df0 	ldr.w	r3, [r3, #3568]	@ 0xdf0
100076be:	07db      	lsls	r3, r3, #31
100076c0:	d5f2      	bpl.n	100076a8 <cdcd_open+0x10>
100076c2:	be00      	bkpt	0x0000
100076c4:	e7f0      	b.n	100076a8 <cdcd_open+0x10>
100076c6:	788b      	ldrb	r3, [r1, #2]
100076c8:	4605      	mov	r5, r0
100076ca:	4823      	ldr	r0, [pc, #140]	@ (10007758 <cdcd_open+0xc0>)
100076cc:	2409      	movs	r4, #9
100076ce:	7003      	strb	r3, [r0, #0]
100076d0:	780b      	ldrb	r3, [r1, #0]
100076d2:	4419      	add	r1, r3
100076d4:	f891 c001 	ldrb.w	ip, [r1, #1]
100076d8:	f1bc 0f24 	cmp.w	ip, #36	@ 0x24
100076dc:	d009      	beq.n	100076f2 <cdcd_open+0x5a>
100076de:	e016      	b.n	1000770e <cdcd_open+0x76>
100076e0:	780b      	ldrb	r3, [r1, #0]
100076e2:	4419      	add	r1, r3
100076e4:	f891 c001 	ldrb.w	ip, [r1, #1]
100076e8:	4423      	add	r3, r4
100076ea:	f1bc 0f24 	cmp.w	ip, #36	@ 0x24
100076ee:	b29c      	uxth	r4, r3
100076f0:	d10d      	bne.n	1000770e <cdcd_open+0x76>
100076f2:	4294      	cmp	r4, r2
100076f4:	d9f4      	bls.n	100076e0 <cdcd_open+0x48>
100076f6:	784b      	ldrb	r3, [r1, #1]
100076f8:	2b04      	cmp	r3, #4
100076fa:	d102      	bne.n	10007702 <cdcd_open+0x6a>
100076fc:	794b      	ldrb	r3, [r1, #5]
100076fe:	2b0a      	cmp	r3, #10
10007700:	d017      	beq.n	10007732 <cdcd_open+0x9a>
10007702:	2000      	movs	r0, #0
10007704:	f7ff fe66 	bl	100073d4 <_prep_out_transaction.isra.0>
10007708:	4620      	mov	r0, r4
1000770a:	b004      	add	sp, #16
1000770c:	bd70      	pop	{r4, r5, r6, pc}
1000770e:	f1bc 0f05 	cmp.w	ip, #5
10007712:	d1f0      	bne.n	100076f6 <cdcd_open+0x5e>
10007714:	4628      	mov	r0, r5
10007716:	9103      	str	r1, [sp, #12]
10007718:	f7ff fc8e 	bl	10007038 <usbd_edpt_open>
1000771c:	9903      	ldr	r1, [sp, #12]
1000771e:	2800      	cmp	r0, #0
10007720:	d0c9      	beq.n	100076b6 <cdcd_open+0x1e>
10007722:	788b      	ldrb	r3, [r1, #2]
10007724:	4a0c      	ldr	r2, [pc, #48]	@ (10007758 <cdcd_open+0xc0>)
10007726:	7053      	strb	r3, [r2, #1]
10007728:	780b      	ldrb	r3, [r1, #0]
1000772a:	441c      	add	r4, r3
1000772c:	b2a4      	uxth	r4, r4
1000772e:	4419      	add	r1, r3
10007730:	e7e1      	b.n	100076f6 <cdcd_open+0x5e>
10007732:	4b0a      	ldr	r3, [pc, #40]	@ (1000775c <cdcd_open+0xc4>)
10007734:	780a      	ldrb	r2, [r1, #0]
10007736:	9301      	str	r3, [sp, #4]
10007738:	3301      	adds	r3, #1
1000773a:	9300      	str	r3, [sp, #0]
1000773c:	2302      	movs	r3, #2
1000773e:	4616      	mov	r6, r2
10007740:	4411      	add	r1, r2
10007742:	4628      	mov	r0, r5
10007744:	461a      	mov	r2, r3
10007746:	f7ff fca5 	bl	10007094 <usbd_open_edpt_pair>
1000774a:	2800      	cmp	r0, #0
1000774c:	d0b3      	beq.n	100076b6 <cdcd_open+0x1e>
1000774e:	340e      	adds	r4, #14
10007750:	1933      	adds	r3, r6, r4
10007752:	b29c      	uxth	r4, r3
10007754:	e7d5      	b.n	10007702 <cdcd_open+0x6a>
10007756:	bf00      	nop
10007758:	20001198 	.word	0x20001198
1000775c:	2000119a 	.word	0x2000119a

10007760 <cdcd_control_xfer_cb>:
10007760:	7813      	ldrb	r3, [r2, #0]
10007762:	f003 0360 	and.w	r3, r3, #96	@ 0x60
10007766:	2b20      	cmp	r3, #32
10007768:	d10b      	bne.n	10007782 <cdcd_control_xfer_cb+0x22>
1000776a:	b500      	push	{lr}
1000776c:	f8df c0bc 	ldr.w	ip, [pc, #188]	@ 1000782c <cdcd_control_xfer_cb+0xcc>
10007770:	8893      	ldrh	r3, [r2, #4]
10007772:	f89c e000 	ldrb.w	lr, [ip]
10007776:	b083      	sub	sp, #12
10007778:	459e      	cmp	lr, r3
1000777a:	d004      	beq.n	10007786 <cdcd_control_xfer_cb+0x26>
1000777c:	2000      	movs	r0, #0
1000777e:	b003      	add	sp, #12
10007780:	bd00      	pop	{pc}
10007782:	2000      	movs	r0, #0
10007784:	4770      	bx	lr
10007786:	7853      	ldrb	r3, [r2, #1]
10007788:	3b20      	subs	r3, #32
1000778a:	2b03      	cmp	r3, #3
1000778c:	d8f6      	bhi.n	1000777c <cdcd_control_xfer_cb+0x1c>
1000778e:	e8df f003 	tbb	[pc, r3]
10007792:	272c      	.short	0x272c
10007794:	020d      	.short	0x020d
10007796:	2901      	cmp	r1, #1
10007798:	d033      	beq.n	10007802 <cdcd_control_xfer_cb+0xa2>
1000779a:	2903      	cmp	r1, #3
1000779c:	d122      	bne.n	100077e4 <cdcd_control_xfer_cb+0x84>
1000779e:	4b1e      	ldr	r3, [pc, #120]	@ (10007818 <cdcd_control_xfer_cb+0xb8>)
100077a0:	b303      	cbz	r3, 100077e4 <cdcd_control_xfer_cb+0x84>
100077a2:	2000      	movs	r0, #0
100077a4:	8851      	ldrh	r1, [r2, #2]
100077a6:	f3af 8000 	nop.w
100077aa:	e01b      	b.n	100077e4 <cdcd_control_xfer_cb+0x84>
100077ac:	2901      	cmp	r1, #1
100077ae:	d028      	beq.n	10007802 <cdcd_control_xfer_cb+0xa2>
100077b0:	2903      	cmp	r1, #3
100077b2:	d117      	bne.n	100077e4 <cdcd_control_xfer_cb+0x84>
100077b4:	8852      	ldrh	r2, [r2, #2]
100077b6:	4819      	ldr	r0, [pc, #100]	@ (1000781c <cdcd_control_xfer_cb+0xbc>)
100077b8:	f002 0301 	and.w	r3, r2, #1
100077bc:	f083 0101 	eor.w	r1, r3, #1
100077c0:	9301      	str	r3, [sp, #4]
100077c2:	f88c 2004 	strb.w	r2, [ip, #4]
100077c6:	9200      	str	r2, [sp, #0]
100077c8:	f000 fbdc 	bl	10007f84 <tu_fifo_set_overwritable>
100077cc:	4914      	ldr	r1, [pc, #80]	@ (10007820 <cdcd_control_xfer_cb+0xc0>)
100077ce:	b149      	cbz	r1, 100077e4 <cdcd_control_xfer_cb+0x84>
100077d0:	9a00      	ldr	r2, [sp, #0]
100077d2:	2000      	movs	r0, #0
100077d4:	9901      	ldr	r1, [sp, #4]
100077d6:	f3c2 0240 	ubfx	r2, r2, #1, #1
100077da:	f3af 8000 	nop.w
100077de:	e001      	b.n	100077e4 <cdcd_control_xfer_cb+0x84>
100077e0:	2901      	cmp	r1, #1
100077e2:	d012      	beq.n	1000780a <cdcd_control_xfer_cb+0xaa>
100077e4:	2001      	movs	r0, #1
100077e6:	b003      	add	sp, #12
100077e8:	bd00      	pop	{pc}
100077ea:	2901      	cmp	r1, #1
100077ec:	d00d      	beq.n	1000780a <cdcd_control_xfer_cb+0xaa>
100077ee:	2903      	cmp	r1, #3
100077f0:	d1f8      	bne.n	100077e4 <cdcd_control_xfer_cb+0x84>
100077f2:	4b0c      	ldr	r3, [pc, #48]	@ (10007824 <cdcd_control_xfer_cb+0xc4>)
100077f4:	2b00      	cmp	r3, #0
100077f6:	d0f5      	beq.n	100077e4 <cdcd_control_xfer_cb+0x84>
100077f8:	2000      	movs	r0, #0
100077fa:	490b      	ldr	r1, [pc, #44]	@ (10007828 <cdcd_control_xfer_cb+0xc8>)
100077fc:	f7fe fde2 	bl	100063c4 <tud_cdc_line_coding_cb>
10007800:	e7f0      	b.n	100077e4 <cdcd_control_xfer_cb+0x84>
10007802:	4611      	mov	r1, r2
10007804:	f7ff fd16 	bl	10007234 <tud_control_status>
10007808:	e7ec      	b.n	100077e4 <cdcd_control_xfer_cb+0x84>
1000780a:	4611      	mov	r1, r2
1000780c:	2307      	movs	r3, #7
1000780e:	4a06      	ldr	r2, [pc, #24]	@ (10007828 <cdcd_control_xfer_cb+0xc8>)
10007810:	f7ff fd2a 	bl	10007268 <tud_control_xfer>
10007814:	e7e6      	b.n	100077e4 <cdcd_control_xfer_cb+0x84>
10007816:	bf00      	nop
10007818:	00000000 	.word	0x00000000
1000781c:	200011bc 	.word	0x200011bc
10007820:	00000000 	.word	0x00000000
10007824:	100063c5 	.word	0x100063c5
10007828:	200011a0 	.word	0x200011a0
1000782c:	20001198 	.word	0x20001198

10007830 <cdcd_xfer_cb>:
10007830:	e92d 41f0 	stmdb	sp!, {r4, r5, r6, r7, r8, lr}
10007834:	4c35      	ldr	r4, [pc, #212]	@ (1000790c <cdcd_xfer_cb+0xdc>)
10007836:	460d      	mov	r5, r1
10007838:	78e2      	ldrb	r2, [r4, #3]
1000783a:	4607      	mov	r7, r0
1000783c:	428a      	cmp	r2, r1
1000783e:	461e      	mov	r6, r3
10007840:	b082      	sub	sp, #8
10007842:	d02f      	beq.n	100078a4 <cdcd_xfer_cb+0x74>
10007844:	78a3      	ldrb	r3, [r4, #2]
10007846:	428b      	cmp	r3, r1
10007848:	d009      	beq.n	1000785e <cdcd_xfer_cb+0x2e>
1000784a:	f04f 23e0 	mov.w	r3, #3758153728	@ 0xe000e000
1000784e:	f8d3 3df0 	ldr.w	r3, [r3, #3568]	@ 0xdf0
10007852:	07db      	lsls	r3, r3, #31
10007854:	d424      	bmi.n	100078a0 <cdcd_xfer_cb+0x70>
10007856:	2000      	movs	r0, #0
10007858:	b002      	add	sp, #8
1000785a:	e8bd 81f0 	ldmia.w	sp!, {r4, r5, r6, r7, r8, pc}
1000785e:	4b2c      	ldr	r3, [pc, #176]	@ (10007910 <cdcd_xfer_cb+0xe0>)
10007860:	b113      	cbz	r3, 10007868 <cdcd_xfer_cb+0x38>
10007862:	2000      	movs	r0, #0
10007864:	f3af 8000 	nop.w
10007868:	2000      	movs	r0, #0
1000786a:	f7ff fe2b 	bl	100074c4 <tud_cdc_n_write_flush>
1000786e:	2800      	cmp	r0, #0
10007870:	d147      	bne.n	10007902 <cdcd_xfer_cb+0xd2>
10007872:	4828      	ldr	r0, [pc, #160]	@ (10007914 <cdcd_xfer_cb+0xe4>)
10007874:	f000 f9e8 	bl	10007c48 <tu_fifo_count>
10007878:	2800      	cmp	r0, #0
1000787a:	d142      	bne.n	10007902 <cdcd_xfer_cb+0xd2>
1000787c:	2e00      	cmp	r6, #0
1000787e:	d040      	beq.n	10007902 <cdcd_xfer_cb+0xd2>
10007880:	f016 053f 	ands.w	r5, r6, #63	@ 0x3f
10007884:	d13d      	bne.n	10007902 <cdcd_xfer_cb+0xd2>
10007886:	4638      	mov	r0, r7
10007888:	78a1      	ldrb	r1, [r4, #2]
1000788a:	f7ff fc37 	bl	100070fc <usbd_edpt_claim>
1000788e:	2800      	cmp	r0, #0
10007890:	d037      	beq.n	10007902 <cdcd_xfer_cb+0xd2>
10007892:	462b      	mov	r3, r5
10007894:	462a      	mov	r2, r5
10007896:	4638      	mov	r0, r7
10007898:	78a1      	ldrb	r1, [r4, #2]
1000789a:	f7ff fc53 	bl	10007144 <usbd_edpt_xfer>
1000789e:	e030      	b.n	10007902 <cdcd_xfer_cb+0xd2>
100078a0:	be00      	bkpt	0x0000
100078a2:	e7d8      	b.n	10007856 <cdcd_xfer_cb+0x26>
100078a4:	b29a      	uxth	r2, r3
100078a6:	491c      	ldr	r1, [pc, #112]	@ (10007918 <cdcd_xfer_cb+0xe8>)
100078a8:	f104 0010 	add.w	r0, r4, #16
100078ac:	f000 faa6 	bl	10007dfc <tu_fifo_write_n>
100078b0:	4b1a      	ldr	r3, [pc, #104]	@ (1000791c <cdcd_xfer_cb+0xec>)
100078b2:	b1d3      	cbz	r3, 100078ea <cdcd_xfer_cb+0xba>
100078b4:	7962      	ldrb	r2, [r4, #5]
100078b6:	2aff      	cmp	r2, #255	@ 0xff
100078b8:	d017      	beq.n	100078ea <cdcd_xfer_cb+0xba>
100078ba:	b1b6      	cbz	r6, 100078ea <cdcd_xfer_cb+0xba>
100078bc:	4b16      	ldr	r3, [pc, #88]	@ (10007918 <cdcd_xfer_cb+0xe8>)
100078be:	eb03 0806 	add.w	r8, r3, r6
100078c2:	e002      	b.n	100078ca <cdcd_xfer_cb+0x9a>
100078c4:	4543      	cmp	r3, r8
100078c6:	d010      	beq.n	100078ea <cdcd_xfer_cb+0xba>
100078c8:	7962      	ldrb	r2, [r4, #5]
100078ca:	f813 1b01 	ldrb.w	r1, [r3], #1
100078ce:	4291      	cmp	r1, r2
100078d0:	d1f8      	bne.n	100078c4 <cdcd_xfer_cb+0x94>
100078d2:	4813      	ldr	r0, [pc, #76]	@ (10007920 <cdcd_xfer_cb+0xf0>)
100078d4:	9301      	str	r3, [sp, #4]
100078d6:	f000 f9c7 	bl	10007c68 <tu_fifo_empty>
100078da:	9b01      	ldr	r3, [sp, #4]
100078dc:	2800      	cmp	r0, #0
100078de:	d1f1      	bne.n	100078c4 <cdcd_xfer_cb+0x94>
100078e0:	7961      	ldrb	r1, [r4, #5]
100078e2:	f3af 8000 	nop.w
100078e6:	9b01      	ldr	r3, [sp, #4]
100078e8:	e7ec      	b.n	100078c4 <cdcd_xfer_cb+0x94>
100078ea:	4b0e      	ldr	r3, [pc, #56]	@ (10007924 <cdcd_xfer_cb+0xf4>)
100078ec:	b11b      	cbz	r3, 100078f6 <cdcd_xfer_cb+0xc6>
100078ee:	480c      	ldr	r0, [pc, #48]	@ (10007920 <cdcd_xfer_cb+0xf0>)
100078f0:	f000 f9ba 	bl	10007c68 <tu_fifo_empty>
100078f4:	b138      	cbz	r0, 10007906 <cdcd_xfer_cb+0xd6>
100078f6:	2000      	movs	r0, #0
100078f8:	f7ff fd6c 	bl	100073d4 <_prep_out_transaction.isra.0>
100078fc:	78a3      	ldrb	r3, [r4, #2]
100078fe:	42ab      	cmp	r3, r5
10007900:	d0ad      	beq.n	1000785e <cdcd_xfer_cb+0x2e>
10007902:	2001      	movs	r0, #1
10007904:	e7a8      	b.n	10007858 <cdcd_xfer_cb+0x28>
10007906:	f3af 8000 	nop.w
1000790a:	e7f4      	b.n	100078f6 <cdcd_xfer_cb+0xc6>
1000790c:	20001198 	.word	0x20001198
10007910:	00000000 	.word	0x00000000
10007914:	200011bc 	.word	0x200011bc
10007918:	200110fc 	.word	0x200110fc
1000791c:	00000000 	.word	0x00000000
10007920:	200011a8 	.word	0x200011a8
10007924:	00000000 	.word	0x00000000

10007928 <tusb_rhport_init>:
10007928:	b500      	push	{lr}
1000792a:	b083      	sub	sp, #12
1000792c:	b1d9      	cbz	r1, 10007966 <tusb_rhport_init+0x3e>
1000792e:	2801      	cmp	r0, #1
10007930:	d80e      	bhi.n	10007950 <tusb_rhport_init+0x28>
10007932:	780b      	ldrb	r3, [r1, #0]
10007934:	b163      	cbz	r3, 10007950 <tusb_rhport_init+0x28>
10007936:	f8df c058 	ldr.w	ip, [pc, #88]	@ 10007990 <tusb_rhport_init+0x68>
1000793a:	2b01      	cmp	r3, #1
1000793c:	f80c 3000 	strb.w	r3, [ip, r0]
10007940:	d002      	beq.n	10007948 <tusb_rhport_init+0x20>
10007942:	2001      	movs	r0, #1
10007944:	b003      	add	sp, #12
10007946:	bd00      	pop	{pc}
10007948:	f7fe ff3a 	bl	100067c0 <tud_rhport_init>
1000794c:	2800      	cmp	r0, #0
1000794e:	d1f8      	bne.n	10007942 <tusb_rhport_init+0x1a>
10007950:	f04f 23e0 	mov.w	r3, #3758153728	@ 0xe000e000
10007954:	f8d3 3df0 	ldr.w	r3, [r3, #3568]	@ 0xdf0
10007958:	07db      	lsls	r3, r3, #31
1000795a:	d402      	bmi.n	10007962 <tusb_rhport_init+0x3a>
1000795c:	2000      	movs	r0, #0
1000795e:	b003      	add	sp, #12
10007960:	bd00      	pop	{pc}
10007962:	be00      	bkpt	0x0000
10007964:	e7fa      	b.n	1000795c <tusb_rhport_init+0x34>
10007966:	2201      	movs	r2, #1
10007968:	4608      	mov	r0, r1
1000796a:	a901      	add	r1, sp, #4
1000796c:	f8ad 2004 	strh.w	r2, [sp, #4]
10007970:	f7fe ff26 	bl	100067c0 <tud_rhport_init>
10007974:	2201      	movs	r2, #1
10007976:	b938      	cbnz	r0, 10007988 <tusb_rhport_init+0x60>
10007978:	f04f 23e0 	mov.w	r3, #3758153728	@ 0xe000e000
1000797c:	f8d3 3df0 	ldr.w	r3, [r3, #3568]	@ 0xdf0
10007980:	07da      	lsls	r2, r3, #31
10007982:	d5ec      	bpl.n	1000795e <tusb_rhport_init+0x36>
10007984:	be00      	bkpt	0x0000
10007986:	e7ea      	b.n	1000795e <tusb_rhport_init+0x36>
10007988:	4b01      	ldr	r3, [pc, #4]	@ (10007990 <tusb_rhport_init+0x68>)
1000798a:	701a      	strb	r2, [r3, #0]
1000798c:	e7e7      	b.n	1000795e <tusb_rhport_init+0x36>
1000798e:	bf00      	nop
10007990:	200111f4 	.word	0x200111f4

10007994 <tu_edpt_claim>:
10007994:	7803      	ldrb	r3, [r0, #0]
10007996:	f013 0301 	ands.w	r3, r3, #1
1000799a:	d11e      	bne.n	100079da <tu_edpt_claim+0x46>
1000799c:	b530      	push	{r4, r5, lr}
1000799e:	4602      	mov	r2, r0
100079a0:	7800      	ldrb	r0, [r0, #0]
100079a2:	b083      	sub	sp, #12
100079a4:	4604      	mov	r4, r0
100079a6:	0740      	lsls	r0, r0, #29
100079a8:	d502      	bpl.n	100079b0 <tu_edpt_claim+0x1c>
100079aa:	4618      	mov	r0, r3
100079ac:	b003      	add	sp, #12
100079ae:	bd30      	pop	{r4, r5, pc}
100079b0:	4608      	mov	r0, r1
100079b2:	460d      	mov	r5, r1
100079b4:	f04f 31ff 	mov.w	r1, #4294967295	@ 0xffffffff
100079b8:	9201      	str	r2, [sp, #4]
100079ba:	f001 f949 	bl	10008c50 <__mutex_enter_timeout_ms_veneer>
100079be:	9a01      	ldr	r2, [sp, #4]
100079c0:	7813      	ldrb	r3, [r2, #0]
100079c2:	f013 0301 	ands.w	r3, r3, #1
100079c6:	d10b      	bne.n	100079e0 <tu_edpt_claim+0x4c>
100079c8:	7811      	ldrb	r1, [r2, #0]
100079ca:	0749      	lsls	r1, r1, #29
100079cc:	d40a      	bmi.n	100079e4 <tu_edpt_claim+0x50>
100079ce:	7811      	ldrb	r1, [r2, #0]
100079d0:	2301      	movs	r3, #1
100079d2:	f041 0104 	orr.w	r1, r1, #4
100079d6:	7011      	strb	r1, [r2, #0]
100079d8:	e004      	b.n	100079e4 <tu_edpt_claim+0x50>
100079da:	2300      	movs	r3, #0
100079dc:	4618      	mov	r0, r3
100079de:	4770      	bx	lr
100079e0:	f3c4 0380 	ubfx	r3, r4, #2, #1
100079e4:	4628      	mov	r0, r5
100079e6:	9301      	str	r3, [sp, #4]
100079e8:	f001 f94a 	bl	10008c80 <__mutex_exit_veneer>
100079ec:	9b01      	ldr	r3, [sp, #4]
100079ee:	4618      	mov	r0, r3
100079f0:	b003      	add	sp, #12
100079f2:	bd30      	pop	{r4, r5, pc}

100079f4 <tu_edpt_release>:
100079f4:	b570      	push	{r4, r5, r6, lr}
100079f6:	460d      	mov	r5, r1
100079f8:	4604      	mov	r4, r0
100079fa:	f04f 31ff 	mov.w	r1, #4294967295	@ 0xffffffff
100079fe:	4628      	mov	r0, r5
10007a00:	f001 f926 	bl	10008c50 <__mutex_enter_timeout_ms_veneer>
10007a04:	7823      	ldrb	r3, [r4, #0]
10007a06:	f3c3 0680 	ubfx	r6, r3, #2, #1
10007a0a:	075b      	lsls	r3, r3, #29
10007a0c:	d508      	bpl.n	10007a20 <tu_edpt_release+0x2c>
10007a0e:	7823      	ldrb	r3, [r4, #0]
10007a10:	f013 0301 	ands.w	r3, r3, #1
10007a14:	bf11      	iteee	ne
10007a16:	2600      	movne	r6, #0
10007a18:	7822      	ldrbeq	r2, [r4, #0]
10007a1a:	f363 0282 	bfieq	r2, r3, #2, #1
10007a1e:	7022      	strbeq	r2, [r4, #0]
10007a20:	4628      	mov	r0, r5
10007a22:	f001 f92d 	bl	10008c80 <__mutex_exit_veneer>
10007a26:	4630      	mov	r0, r6
10007a28:	bd70      	pop	{r4, r5, r6, pc}
10007a2a:	bf00      	nop

10007a2c <tu_edpt_validate>:
10007a2c:	78c3      	ldrb	r3, [r0, #3]
10007a2e:	8882      	ldrh	r2, [r0, #4]
10007a30:	f003 0003 	and.w	r0, r3, #3
10007a34:	2802      	cmp	r0, #2
10007a36:	f3c2 020a 	ubfx	r2, r2, #0, #11
10007a3a:	d015      	beq.n	10007a68 <tu_edpt_validate+0x3c>
10007a3c:	2803      	cmp	r0, #3
10007a3e:	d00a      	beq.n	10007a56 <tu_edpt_validate+0x2a>
10007a40:	2801      	cmp	r0, #1
10007a42:	d11c      	bne.n	10007a7e <tu_edpt_validate+0x52>
10007a44:	2902      	cmp	r1, #2
10007a46:	f240 33ff 	movw	r3, #1023	@ 0x3ff
10007a4a:	bf08      	it	eq
10007a4c:	f44f 6380 	moveq.w	r3, #1024	@ 0x400
10007a50:	4293      	cmp	r3, r2
10007a52:	d30d      	bcc.n	10007a70 <tu_edpt_validate+0x44>
10007a54:	4770      	bx	lr
10007a56:	2902      	cmp	r1, #2
10007a58:	bf14      	ite	ne
10007a5a:	2340      	movne	r3, #64	@ 0x40
10007a5c:	f44f 6380 	moveq.w	r3, #1024	@ 0x400
10007a60:	4293      	cmp	r3, r2
10007a62:	d305      	bcc.n	10007a70 <tu_edpt_validate+0x44>
10007a64:	2001      	movs	r0, #1
10007a66:	4770      	bx	lr
10007a68:	2902      	cmp	r1, #2
10007a6a:	d00a      	beq.n	10007a82 <tu_edpt_validate+0x56>
10007a6c:	2a40      	cmp	r2, #64	@ 0x40
10007a6e:	d9f9      	bls.n	10007a64 <tu_edpt_validate+0x38>
10007a70:	f04f 23e0 	mov.w	r3, #3758153728	@ 0xe000e000
10007a74:	f8d3 3df0 	ldr.w	r3, [r3, #3568]	@ 0xdf0
10007a78:	07db      	lsls	r3, r3, #31
10007a7a:	d500      	bpl.n	10007a7e <tu_edpt_validate+0x52>
10007a7c:	be00      	bkpt	0x0000
10007a7e:	2000      	movs	r0, #0
10007a80:	4770      	bx	lr
10007a82:	f5b2 7f00 	cmp.w	r2, #512	@ 0x200
10007a86:	d0ed      	beq.n	10007a64 <tu_edpt_validate+0x38>
10007a88:	e7f2      	b.n	10007a70 <tu_edpt_validate+0x44>
10007a8a:	bf00      	nop

10007a8c <tu_edpt_bind_driver>:
10007a8c:	440a      	add	r2, r1
10007a8e:	4291      	cmp	r1, r2
10007a90:	d305      	bcc.n	10007a9e <tu_edpt_bind_driver+0x12>
10007a92:	4770      	bx	lr
10007a94:	f891 c000 	ldrb.w	ip, [r1]
10007a98:	4461      	add	r1, ip
10007a9a:	428a      	cmp	r2, r1
10007a9c:	d91f      	bls.n	10007ade <tu_edpt_bind_driver+0x52>
10007a9e:	f891 c001 	ldrb.w	ip, [r1, #1]
10007aa2:	f1bc 0f05 	cmp.w	ip, #5
10007aa6:	d1f5      	bne.n	10007a94 <tu_edpt_bind_driver+0x8>
10007aa8:	b500      	push	{lr}
10007aaa:	f891 c002 	ldrb.w	ip, [r1, #2]
10007aae:	f00c 0e7f 	and.w	lr, ip, #127	@ 0x7f
10007ab2:	eb00 0e4e 	add.w	lr, r0, lr, lsl #1
10007ab6:	ea4f 1cdc 	mov.w	ip, ip, lsr #7
10007aba:	f80e 300c 	strb.w	r3, [lr, ip]
10007abe:	f891 c000 	ldrb.w	ip, [r1]
10007ac2:	4461      	add	r1, ip
10007ac4:	428a      	cmp	r2, r1
10007ac6:	d909      	bls.n	10007adc <tu_edpt_bind_driver+0x50>
10007ac8:	f891 c001 	ldrb.w	ip, [r1, #1]
10007acc:	f1bc 0f05 	cmp.w	ip, #5
10007ad0:	d0eb      	beq.n	10007aaa <tu_edpt_bind_driver+0x1e>
10007ad2:	f891 c000 	ldrb.w	ip, [r1]
10007ad6:	4461      	add	r1, ip
10007ad8:	428a      	cmp	r2, r1
10007ada:	d8f5      	bhi.n	10007ac8 <tu_edpt_bind_driver+0x3c>
10007adc:	bd00      	pop	{pc}
10007ade:	4770      	bx	lr

10007ae0 <_tu_fifo_peek>:
10007ae0:	b510      	push	{r4, lr}
10007ae2:	4614      	mov	r4, r2
10007ae4:	f8b0 c004 	ldrh.w	ip, [r0, #4]
10007ae8:	eba4 0e03 	sub.w	lr, r4, r3
10007aec:	4602      	mov	r2, r0
10007aee:	fa1f f08e 	uxth.w	r0, lr
10007af2:	eb00 0e4c 	add.w	lr, r0, ip, lsl #1
10007af6:	fa1f fe8e 	uxth.w	lr, lr
10007afa:	429c      	cmp	r4, r3
10007afc:	bf38      	it	cc
10007afe:	4670      	movcc	r0, lr
10007b00:	b1c8      	cbz	r0, 10007b36 <_tu_fifo_peek+0x56>
10007b02:	4584      	cmp	ip, r0
10007b04:	d20b      	bcs.n	10007b1e <_tu_fifo_peek+0x3e>
10007b06:	45a4      	cmp	ip, r4
10007b08:	bf94      	ite	ls
10007b0a:	eba4 040c 	subls.w	r4, r4, ip
10007b0e:	4464      	addhi	r4, ip
10007b10:	b2a3      	uxth	r3, r4
10007b12:	459c      	cmp	ip, r3
10007b14:	8153      	strh	r3, [r2, #10]
10007b16:	d804      	bhi.n	10007b22 <_tu_fifo_peek+0x42>
10007b18:	eba3 030c 	sub.w	r3, r3, ip
10007b1c:	b29b      	uxth	r3, r3
10007b1e:	459c      	cmp	ip, r3
10007b20:	d9fa      	bls.n	10007b18 <_tu_fifo_peek+0x38>
10007b22:	88d4      	ldrh	r4, [r2, #6]
10007b24:	4608      	mov	r0, r1
10007b26:	6811      	ldr	r1, [r2, #0]
10007b28:	f3c4 020e 	ubfx	r2, r4, #0, #15
10007b2c:	fb02 1103 	mla	r1, r2, r3, r1
10007b30:	f000 ffd8 	bl	10008ae4 <memcpy>
10007b34:	2001      	movs	r0, #1
10007b36:	bd10      	pop	{r4, pc}

10007b38 <_tu_fifo_peek_n.constprop.0>:
10007b38:	469c      	mov	ip, r3
10007b3a:	e92d 41f0 	stmdb	sp!, {r4, r5, r6, r7, r8, lr}
10007b3e:	b082      	sub	sp, #8
10007b40:	f8bd 3020 	ldrh.w	r3, [sp, #32]
10007b44:	8884      	ldrh	r4, [r0, #4]
10007b46:	ebac 0503 	sub.w	r5, ip, r3
10007b4a:	b2ad      	uxth	r5, r5
10007b4c:	4606      	mov	r6, r0
10007b4e:	eb05 0044 	add.w	r0, r5, r4, lsl #1
10007b52:	b280      	uxth	r0, r0
10007b54:	459c      	cmp	ip, r3
10007b56:	bf38      	it	cc
10007b58:	4605      	movcc	r5, r0
10007b5a:	b1ed      	cbz	r5, 10007b98 <_tu_fifo_peek_n.constprop.0+0x60>
10007b5c:	42ac      	cmp	r4, r5
10007b5e:	d339      	bcc.n	10007bd4 <_tu_fifo_peek_n.constprop.0+0x9c>
10007b60:	42aa      	cmp	r2, r5
10007b62:	bf28      	it	cs
10007b64:	462a      	movcs	r2, r5
10007b66:	429c      	cmp	r4, r3
10007b68:	b295      	uxth	r5, r2
10007b6a:	d803      	bhi.n	10007b74 <_tu_fifo_peek_n.constprop.0+0x3c>
10007b6c:	1b1b      	subs	r3, r3, r4
10007b6e:	b29b      	uxth	r3, r3
10007b70:	429c      	cmp	r4, r3
10007b72:	d9fb      	bls.n	10007b6c <_tu_fifo_peek_n.constprop.0+0x34>
10007b74:	88f0      	ldrh	r0, [r6, #6]
10007b76:	eba4 0c03 	sub.w	ip, r4, r3
10007b7a:	468e      	mov	lr, r1
10007b7c:	fa1f fc8c 	uxth.w	ip, ip
10007b80:	6831      	ldr	r1, [r6, #0]
10007b82:	f3c0 020e 	ubfx	r2, r0, #0, #15
10007b86:	4565      	cmp	r5, ip
10007b88:	fb02 1103 	mla	r1, r2, r3, r1
10007b8c:	d808      	bhi.n	10007ba0 <_tu_fifo_peek_n.constprop.0+0x68>
10007b8e:	4670      	mov	r0, lr
10007b90:	fb05 f202 	mul.w	r2, r5, r2
10007b94:	f000 ffa6 	bl	10008ae4 <memcpy>
10007b98:	4628      	mov	r0, r5
10007b9a:	b002      	add	sp, #8
10007b9c:	e8bd 81f0 	ldmia.w	sp!, {r4, r5, r6, r7, r8, pc}
10007ba0:	46f0      	mov	r8, lr
10007ba2:	4617      	mov	r7, r2
10007ba4:	fb1c f202 	smulbb	r2, ip, r2
10007ba8:	4670      	mov	r0, lr
10007baa:	b292      	uxth	r2, r2
10007bac:	9301      	str	r3, [sp, #4]
10007bae:	9200      	str	r2, [sp, #0]
10007bb0:	f000 ff98 	bl	10008ae4 <memcpy>
10007bb4:	9a00      	ldr	r2, [sp, #0]
10007bb6:	9b01      	ldr	r3, [sp, #4]
10007bb8:	eb08 0002 	add.w	r0, r8, r2
10007bbc:	1b2a      	subs	r2, r5, r4
10007bbe:	4413      	add	r3, r2
10007bc0:	fb13 f207 	smulbb	r2, r3, r7
10007bc4:	6831      	ldr	r1, [r6, #0]
10007bc6:	b292      	uxth	r2, r2
10007bc8:	f000 ff8c 	bl	10008ae4 <memcpy>
10007bcc:	4628      	mov	r0, r5
10007bce:	b002      	add	sp, #8
10007bd0:	e8bd 81f0 	ldmia.w	sp!, {r4, r5, r6, r7, r8, pc}
10007bd4:	4564      	cmp	r4, ip
10007bd6:	bf94      	ite	ls
10007bd8:	ebac 0c04 	subls.w	ip, ip, r4
10007bdc:	44a4      	addhi	ip, r4
10007bde:	fa1f f38c 	uxth.w	r3, ip
10007be2:	4625      	mov	r5, r4
10007be4:	8173      	strh	r3, [r6, #10]
10007be6:	e7bb      	b.n	10007b60 <_tu_fifo_peek_n.constprop.0+0x28>

10007be8 <tu_fifo_config>:
10007be8:	e92d 41f0 	stmdb	sp!, {r4, r5, r6, r7, r8, lr}
10007bec:	f5b2 4f00 	cmp.w	r2, #32768	@ 0x8000
10007bf0:	f89d 5018 	ldrb.w	r5, [sp, #24]
10007bf4:	d824      	bhi.n	10007c40 <tu_fifo_config+0x58>
10007bf6:	4604      	mov	r4, r0
10007bf8:	68c0      	ldr	r0, [r0, #12]
10007bfa:	4698      	mov	r8, r3
10007bfc:	460f      	mov	r7, r1
10007bfe:	4616      	mov	r6, r2
10007c00:	b118      	cbz	r0, 10007c0a <tu_fifo_config+0x22>
10007c02:	f04f 31ff 	mov.w	r1, #4294967295	@ 0xffffffff
10007c06:	f001 f823 	bl	10008c50 <__mutex_enter_timeout_ms_veneer>
10007c0a:	6920      	ldr	r0, [r4, #16]
10007c0c:	b118      	cbz	r0, 10007c16 <tu_fifo_config+0x2e>
10007c0e:	f04f 31ff 	mov.w	r1, #4294967295	@ 0xffffffff
10007c12:	f001 f81d 	bl	10008c50 <__mutex_enter_timeout_ms_veneer>
10007c16:	2200      	movs	r2, #0
10007c18:	f3c8 030e 	ubfx	r3, r8, #0, #15
10007c1c:	68e0      	ldr	r0, [r4, #12]
10007c1e:	ea43 33c5 	orr.w	r3, r3, r5, lsl #15
10007c22:	8162      	strh	r2, [r4, #10]
10007c24:	6027      	str	r7, [r4, #0]
10007c26:	80a6      	strh	r6, [r4, #4]
10007c28:	80e3      	strh	r3, [r4, #6]
10007c2a:	8122      	strh	r2, [r4, #8]
10007c2c:	b108      	cbz	r0, 10007c32 <tu_fifo_config+0x4a>
10007c2e:	f001 f827 	bl	10008c80 <__mutex_exit_veneer>
10007c32:	6920      	ldr	r0, [r4, #16]
10007c34:	b108      	cbz	r0, 10007c3a <tu_fifo_config+0x52>
10007c36:	f001 f823 	bl	10008c80 <__mutex_exit_veneer>
10007c3a:	2001      	movs	r0, #1
10007c3c:	e8bd 81f0 	ldmia.w	sp!, {r4, r5, r6, r7, r8, pc}
10007c40:	2000      	movs	r0, #0
10007c42:	e8bd 81f0 	ldmia.w	sp!, {r4, r5, r6, r7, r8, pc}
10007c46:	bf00      	nop

10007c48 <tu_fifo_count>:
10007c48:	8903      	ldrh	r3, [r0, #8]
10007c4a:	8942      	ldrh	r2, [r0, #10]
10007c4c:	b29b      	uxth	r3, r3
10007c4e:	b292      	uxth	r2, r2
10007c50:	8880      	ldrh	r0, [r0, #4]
10007c52:	4293      	cmp	r3, r2
10007c54:	bf36      	itet	cc
10007c56:	ebc2 0240 	rsbcc	r2, r2, r0, lsl #1
10007c5a:	1a9b      	subcs	r3, r3, r2
10007c5c:	189b      	addcc	r3, r3, r2
10007c5e:	b29b      	uxth	r3, r3
10007c60:	4298      	cmp	r0, r3
10007c62:	bf28      	it	cs
10007c64:	4618      	movcs	r0, r3
10007c66:	4770      	bx	lr

10007c68 <tu_fifo_empty>:
10007c68:	8902      	ldrh	r2, [r0, #8]
10007c6a:	8943      	ldrh	r3, [r0, #10]
10007c6c:	b290      	uxth	r0, r2
10007c6e:	b29b      	uxth	r3, r3
10007c70:	1ac0      	subs	r0, r0, r3
10007c72:	fab0 f080 	clz	r0, r0
10007c76:	0940      	lsrs	r0, r0, #5
10007c78:	4770      	bx	lr
10007c7a:	bf00      	nop

10007c7c <tu_fifo_remaining>:
10007c7c:	8903      	ldrh	r3, [r0, #8]
10007c7e:	8942      	ldrh	r2, [r0, #10]
10007c80:	b29b      	uxth	r3, r3
10007c82:	8880      	ldrh	r0, [r0, #4]
10007c84:	b292      	uxth	r2, r2
10007c86:	4293      	cmp	r3, r2
10007c88:	bf36      	itet	cc
10007c8a:	ebc2 0240 	rsbcc	r2, r2, r0, lsl #1
10007c8e:	1a9b      	subcs	r3, r3, r2
10007c90:	189b      	addcc	r3, r3, r2
10007c92:	b29b      	uxth	r3, r3
10007c94:	4298      	cmp	r0, r3
10007c96:	bf86      	itte	hi
10007c98:	1ac0      	subhi	r0, r0, r3
10007c9a:	b280      	uxthhi	r0, r0
10007c9c:	2000      	movls	r0, #0
10007c9e:	4770      	bx	lr

10007ca0 <tu_fifo_read>:
10007ca0:	b530      	push	{r4, r5, lr}
10007ca2:	4604      	mov	r4, r0
10007ca4:	6900      	ldr	r0, [r0, #16]
10007ca6:	460d      	mov	r5, r1
10007ca8:	b083      	sub	sp, #12
10007caa:	b118      	cbz	r0, 10007cb4 <tu_fifo_read+0x14>
10007cac:	f04f 31ff 	mov.w	r1, #4294967295	@ 0xffffffff
10007cb0:	f000 ffce 	bl	10008c50 <__mutex_enter_timeout_ms_veneer>
10007cb4:	8922      	ldrh	r2, [r4, #8]
10007cb6:	8963      	ldrh	r3, [r4, #10]
10007cb8:	4629      	mov	r1, r5
10007cba:	b29b      	uxth	r3, r3
10007cbc:	b292      	uxth	r2, r2
10007cbe:	4620      	mov	r0, r4
10007cc0:	f7ff ff0e 	bl	10007ae0 <_tu_fifo_peek>
10007cc4:	4601      	mov	r1, r0
10007cc6:	8962      	ldrh	r2, [r4, #10]
10007cc8:	88a0      	ldrh	r0, [r4, #4]
10007cca:	b292      	uxth	r2, r2
10007ccc:	188b      	adds	r3, r1, r2
10007cce:	b29b      	uxth	r3, r3
10007cd0:	429a      	cmp	r2, r3
10007cd2:	ea4f 0240 	mov.w	r2, r0, lsl #1
10007cd6:	d80c      	bhi.n	10007cf2 <tu_fifo_read+0x52>
10007cd8:	ebb3 0f40 	cmp.w	r3, r0, lsl #1
10007cdc:	da09      	bge.n	10007cf2 <tu_fifo_read+0x52>
10007cde:	6920      	ldr	r0, [r4, #16]
10007ce0:	8163      	strh	r3, [r4, #10]
10007ce2:	b118      	cbz	r0, 10007cec <tu_fifo_read+0x4c>
10007ce4:	9101      	str	r1, [sp, #4]
10007ce6:	f000 ffcb 	bl	10008c80 <__mutex_exit_veneer>
10007cea:	9901      	ldr	r1, [sp, #4]
10007cec:	4608      	mov	r0, r1
10007cee:	b003      	add	sp, #12
10007cf0:	bd30      	pop	{r4, r5, pc}
10007cf2:	1a9b      	subs	r3, r3, r2
10007cf4:	e7f3      	b.n	10007cde <tu_fifo_read+0x3e>
10007cf6:	bf00      	nop

10007cf8 <tu_fifo_read_n>:
10007cf8:	b530      	push	{r4, r5, lr}
10007cfa:	4604      	mov	r4, r0
10007cfc:	6900      	ldr	r0, [r0, #16]
10007cfe:	460d      	mov	r5, r1
10007d00:	b085      	sub	sp, #20
10007d02:	b128      	cbz	r0, 10007d10 <tu_fifo_read_n+0x18>
10007d04:	f04f 31ff 	mov.w	r1, #4294967295	@ 0xffffffff
10007d08:	9203      	str	r2, [sp, #12]
10007d0a:	f000 ffa1 	bl	10008c50 <__mutex_enter_timeout_ms_veneer>
10007d0e:	9a03      	ldr	r2, [sp, #12]
10007d10:	8923      	ldrh	r3, [r4, #8]
10007d12:	8960      	ldrh	r0, [r4, #10]
10007d14:	4629      	mov	r1, r5
10007d16:	b280      	uxth	r0, r0
10007d18:	9000      	str	r0, [sp, #0]
10007d1a:	b29b      	uxth	r3, r3
10007d1c:	4620      	mov	r0, r4
10007d1e:	f7ff ff0b 	bl	10007b38 <_tu_fifo_peek_n.constprop.0>
10007d22:	4601      	mov	r1, r0
10007d24:	8962      	ldrh	r2, [r4, #10]
10007d26:	88a0      	ldrh	r0, [r4, #4]
10007d28:	b292      	uxth	r2, r2
10007d2a:	188b      	adds	r3, r1, r2
10007d2c:	b29b      	uxth	r3, r3
10007d2e:	429a      	cmp	r2, r3
10007d30:	ea4f 0240 	mov.w	r2, r0, lsl #1
10007d34:	d80c      	bhi.n	10007d50 <tu_fifo_read_n+0x58>
10007d36:	ebb3 0f40 	cmp.w	r3, r0, lsl #1
10007d3a:	da09      	bge.n	10007d50 <tu_fifo_read_n+0x58>
10007d3c:	6920      	ldr	r0, [r4, #16]
10007d3e:	8163      	strh	r3, [r4, #10]
10007d40:	b118      	cbz	r0, 10007d4a <tu_fifo_read_n+0x52>
10007d42:	9103      	str	r1, [sp, #12]
10007d44:	f000 ff9c 	bl	10008c80 <__mutex_exit_veneer>
10007d48:	9903      	ldr	r1, [sp, #12]
10007d4a:	4608      	mov	r0, r1
10007d4c:	b005      	add	sp, #20
10007d4e:	bd30      	pop	{r4, r5, pc}
10007d50:	1a9b      	subs	r3, r3, r2
10007d52:	e7f3      	b.n	10007d3c <tu_fifo_read_n+0x44>

10007d54 <tu_fifo_write>:
10007d54:	b570      	push	{r4, r5, r6, lr}
10007d56:	4604      	mov	r4, r0
10007d58:	68c0      	ldr	r0, [r0, #12]
10007d5a:	460e      	mov	r6, r1
10007d5c:	b082      	sub	sp, #8
10007d5e:	b118      	cbz	r0, 10007d68 <tu_fifo_write+0x14>
10007d60:	f04f 31ff 	mov.w	r1, #4294967295	@ 0xffffffff
10007d64:	f000 ff74 	bl	10008c50 <__mutex_enter_timeout_ms_veneer>
10007d68:	8925      	ldrh	r5, [r4, #8]
10007d6a:	8923      	ldrh	r3, [r4, #8]
10007d6c:	8961      	ldrh	r1, [r4, #10]
10007d6e:	b29b      	uxth	r3, r3
10007d70:	b289      	uxth	r1, r1
10007d72:	88a2      	ldrh	r2, [r4, #4]
10007d74:	428b      	cmp	r3, r1
10007d76:	bf36      	itet	cc
10007d78:	ebc1 0142 	rsbcc	r1, r1, r2, lsl #1
10007d7c:	1a5b      	subcs	r3, r3, r1
10007d7e:	185b      	addcc	r3, r3, r1
10007d80:	b29b      	uxth	r3, r3
10007d82:	429a      	cmp	r2, r3
10007d84:	b2ad      	uxth	r5, r5
10007d86:	d80b      	bhi.n	10007da0 <tu_fifo_write+0x4c>
10007d88:	79e1      	ldrb	r1, [r4, #7]
10007d8a:	09c9      	lsrs	r1, r1, #7
10007d8c:	d108      	bne.n	10007da0 <tu_fifo_write+0x4c>
10007d8e:	68e0      	ldr	r0, [r4, #12]
10007d90:	b118      	cbz	r0, 10007d9a <tu_fifo_write+0x46>
10007d92:	9101      	str	r1, [sp, #4]
10007d94:	f000 ff74 	bl	10008c80 <__mutex_exit_veneer>
10007d98:	9901      	ldr	r1, [sp, #4]
10007d9a:	4608      	mov	r0, r1
10007d9c:	b002      	add	sp, #8
10007d9e:	bd70      	pop	{r4, r5, r6, pc}
10007da0:	4295      	cmp	r5, r2
10007da2:	bf28      	it	cs
10007da4:	462b      	movcs	r3, r5
10007da6:	d317      	bcc.n	10007dd8 <tu_fifo_write+0x84>
10007da8:	1a9b      	subs	r3, r3, r2
10007daa:	b29b      	uxth	r3, r3
10007dac:	4293      	cmp	r3, r2
10007dae:	d2fb      	bcs.n	10007da8 <tu_fifo_write+0x54>
10007db0:	88e2      	ldrh	r2, [r4, #6]
10007db2:	6820      	ldr	r0, [r4, #0]
10007db4:	f3c2 020e 	ubfx	r2, r2, #0, #15
10007db8:	fb02 0003 	mla	r0, r2, r3, r0
10007dbc:	4631      	mov	r1, r6
10007dbe:	f000 fe91 	bl	10008ae4 <memcpy>
10007dc2:	1c6b      	adds	r3, r5, #1
10007dc4:	b29b      	uxth	r3, r3
10007dc6:	429d      	cmp	r5, r3
10007dc8:	88a2      	ldrh	r2, [r4, #4]
10007dca:	d911      	bls.n	10007df0 <tu_fifo_write+0x9c>
10007dcc:	2300      	movs	r3, #0
10007dce:	0051      	lsls	r1, r2, #1
10007dd0:	1a5b      	subs	r3, r3, r1
10007dd2:	2101      	movs	r1, #1
10007dd4:	8123      	strh	r3, [r4, #8]
10007dd6:	e7da      	b.n	10007d8e <tu_fifo_write+0x3a>
10007dd8:	88e2      	ldrh	r2, [r4, #6]
10007dda:	6820      	ldr	r0, [r4, #0]
10007ddc:	f3c2 020e 	ubfx	r2, r2, #0, #15
10007de0:	fb05 0002 	mla	r0, r5, r2, r0
10007de4:	4631      	mov	r1, r6
10007de6:	f000 fe7d 	bl	10008ae4 <memcpy>
10007dea:	3501      	adds	r5, #1
10007dec:	88a2      	ldrh	r2, [r4, #4]
10007dee:	b2ab      	uxth	r3, r5
10007df0:	ebb3 0f42 	cmp.w	r3, r2, lsl #1
10007df4:	ea4f 0142 	mov.w	r1, r2, lsl #1
10007df8:	dbeb      	blt.n	10007dd2 <tu_fifo_write+0x7e>
10007dfa:	e7e9      	b.n	10007dd0 <tu_fifo_write+0x7c>

10007dfc <tu_fifo_write_n>:
10007dfc:	e92d 47f0 	stmdb	sp!, {r4, r5, r6, r7, r8, r9, sl, lr}
10007e00:	4615      	mov	r5, r2
10007e02:	b082      	sub	sp, #8
10007e04:	2a00      	cmp	r2, #0
10007e06:	d04a      	beq.n	10007e9e <tu_fifo_write_n+0xa2>
10007e08:	4604      	mov	r4, r0
10007e0a:	68c0      	ldr	r0, [r0, #12]
10007e0c:	4688      	mov	r8, r1
10007e0e:	b118      	cbz	r0, 10007e18 <tu_fifo_write_n+0x1c>
10007e10:	f04f 31ff 	mov.w	r1, #4294967295	@ 0xffffffff
10007e14:	f000 ff1c 	bl	10008c50 <__mutex_enter_timeout_ms_veneer>
10007e18:	79e1      	ldrb	r1, [r4, #7]
10007e1a:	8926      	ldrh	r6, [r4, #8]
10007e1c:	8963      	ldrh	r3, [r4, #10]
10007e1e:	09c9      	lsrs	r1, r1, #7
10007e20:	88a2      	ldrh	r2, [r4, #4]
10007e22:	b2b6      	uxth	r6, r6
10007e24:	b29b      	uxth	r3, r3
10007e26:	d13e      	bne.n	10007ea6 <tu_fifo_write_n+0xaa>
10007e28:	429e      	cmp	r6, r3
10007e2a:	bf36      	itet	cc
10007e2c:	ebc3 0342 	rsbcc	r3, r3, r2, lsl #1
10007e30:	1af3      	subcs	r3, r6, r3
10007e32:	199b      	addcc	r3, r3, r6
10007e34:	b29b      	uxth	r3, r3
10007e36:	4293      	cmp	r3, r2
10007e38:	d253      	bcs.n	10007ee2 <tu_fifo_write_n+0xe6>
10007e3a:	1ad3      	subs	r3, r2, r3
10007e3c:	b29b      	uxth	r3, r3
10007e3e:	42ab      	cmp	r3, r5
10007e40:	bf28      	it	cs
10007e42:	462b      	movcs	r3, r5
10007e44:	b29d      	uxth	r5, r3
10007e46:	1973      	adds	r3, r6, r5
10007e48:	f8b4 c006 	ldrh.w	ip, [r4, #6]
10007e4c:	fa1f f983 	uxth.w	r9, r3
10007e50:	eba5 0a02 	sub.w	sl, r5, r2
10007e54:	4296      	cmp	r6, r2
10007e56:	4633      	mov	r3, r6
10007e58:	d303      	bcc.n	10007e62 <tu_fifo_write_n+0x66>
10007e5a:	1a9b      	subs	r3, r3, r2
10007e5c:	b29b      	uxth	r3, r3
10007e5e:	4293      	cmp	r3, r2
10007e60:	d2fb      	bcs.n	10007e5a <tu_fifo_write_n+0x5e>
10007e62:	1ad2      	subs	r2, r2, r3
10007e64:	b291      	uxth	r1, r2
10007e66:	6820      	ldr	r0, [r4, #0]
10007e68:	f3cc 020e 	ubfx	r2, ip, #0, #15
10007e6c:	42a9      	cmp	r1, r5
10007e6e:	4617      	mov	r7, r2
10007e70:	fb02 0003 	mla	r0, r2, r3, r0
10007e74:	d352      	bcc.n	10007f1c <tu_fifo_write_n+0x120>
10007e76:	4641      	mov	r1, r8
10007e78:	fb05 f202 	mul.w	r2, r5, r2
10007e7c:	f000 fe32 	bl	10008ae4 <memcpy>
10007e80:	88a3      	ldrh	r3, [r4, #4]
10007e82:	454e      	cmp	r6, r9
10007e84:	ea4f 0243 	mov.w	r2, r3, lsl #1
10007e88:	d802      	bhi.n	10007e90 <tu_fifo_write_n+0x94>
10007e8a:	ebb9 0f43 	cmp.w	r9, r3, lsl #1
10007e8e:	db01      	blt.n	10007e94 <tu_fifo_write_n+0x98>
10007e90:	eba9 0902 	sub.w	r9, r9, r2
10007e94:	68e0      	ldr	r0, [r4, #12]
10007e96:	462a      	mov	r2, r5
10007e98:	f8a4 9008 	strh.w	r9, [r4, #8]
10007e9c:	bb28      	cbnz	r0, 10007eea <tu_fifo_write_n+0xee>
10007e9e:	4610      	mov	r0, r2
10007ea0:	b002      	add	sp, #8
10007ea2:	e8bd 87f0 	ldmia.w	sp!, {r4, r5, r6, r7, r8, r9, sl, pc}
10007ea6:	4295      	cmp	r5, r2
10007ea8:	d227      	bcs.n	10007efa <tu_fifo_write_n+0xfe>
10007eaa:	429e      	cmp	r6, r3
10007eac:	bf36      	itet	cc
10007eae:	ebc3 0142 	rsbcc	r1, r3, r2, lsl #1
10007eb2:	1af1      	subcs	r1, r6, r3
10007eb4:	1989      	addcc	r1, r1, r6
10007eb6:	b289      	uxth	r1, r1
10007eb8:	0050      	lsls	r0, r2, #1
10007eba:	4429      	add	r1, r5
10007ebc:	1aaf      	subs	r7, r5, r2
10007ebe:	4281      	cmp	r1, r0
10007ec0:	46ba      	mov	sl, r7
10007ec2:	db08      	blt.n	10007ed6 <tu_fifo_write_n+0xda>
10007ec4:	1899      	adds	r1, r3, r2
10007ec6:	b289      	uxth	r1, r1
10007ec8:	1b4e      	subs	r6, r1, r5
10007eca:	b2b6      	uxth	r6, r6
10007ecc:	42b3      	cmp	r3, r6
10007ece:	4689      	mov	r9, r1
10007ed0:	d938      	bls.n	10007f44 <tu_fifo_write_n+0x148>
10007ed2:	1a30      	subs	r0, r6, r0
10007ed4:	b286      	uxth	r6, r0
10007ed6:	19ab      	adds	r3, r5, r6
10007ed8:	fa1f f983 	uxth.w	r9, r3
10007edc:	f8b4 c006 	ldrh.w	ip, [r4, #6]
10007ee0:	e7b8      	b.n	10007e54 <tu_fifo_write_n+0x58>
10007ee2:	2200      	movs	r2, #0
10007ee4:	68e0      	ldr	r0, [r4, #12]
10007ee6:	2800      	cmp	r0, #0
10007ee8:	d0d9      	beq.n	10007e9e <tu_fifo_write_n+0xa2>
10007eea:	9200      	str	r2, [sp, #0]
10007eec:	f000 fec8 	bl	10008c80 <__mutex_exit_veneer>
10007ef0:	9a00      	ldr	r2, [sp, #0]
10007ef2:	4610      	mov	r0, r2
10007ef4:	b002      	add	sp, #8
10007ef6:	e8bd 87f0 	ldmia.w	sp!, {r4, r5, r6, r7, r8, r9, sl, pc}
10007efa:	2a00      	cmp	r2, #0
10007efc:	d0f2      	beq.n	10007ee4 <tu_fifo_write_n+0xe8>
10007efe:	f8b4 c006 	ldrh.w	ip, [r4, #6]
10007f02:	1aad      	subs	r5, r5, r2
10007f04:	1899      	adds	r1, r3, r2
10007f06:	461e      	mov	r6, r3
10007f08:	f3cc 030e 	ubfx	r3, ip, #0, #15
10007f0c:	fb03 8805 	mla	r8, r3, r5, r8
10007f10:	f04f 0a00 	mov.w	sl, #0
10007f14:	4615      	mov	r5, r2
10007f16:	fa1f f981 	uxth.w	r9, r1
10007f1a:	e79b      	b.n	10007e54 <tu_fifo_write_n+0x58>
10007f1c:	fb11 f202 	smulbb	r2, r1, r2
10007f20:	4641      	mov	r1, r8
10007f22:	b292      	uxth	r2, r2
10007f24:	9301      	str	r3, [sp, #4]
10007f26:	9200      	str	r2, [sp, #0]
10007f28:	f000 fddc 	bl	10008ae4 <memcpy>
10007f2c:	9b01      	ldr	r3, [sp, #4]
10007f2e:	9a00      	ldr	r2, [sp, #0]
10007f30:	4453      	add	r3, sl
10007f32:	fb13 f307 	smulbb	r3, r3, r7
10007f36:	eb08 0102 	add.w	r1, r8, r2
10007f3a:	6820      	ldr	r0, [r4, #0]
10007f3c:	b29a      	uxth	r2, r3
10007f3e:	f000 fdd1 	bl	10008ae4 <memcpy>
10007f42:	e79d      	b.n	10007e80 <tu_fifo_write_n+0x84>
10007f44:	42b0      	cmp	r0, r6
10007f46:	ddc4      	ble.n	10007ed2 <tu_fifo_write_n+0xd6>
10007f48:	e7c8      	b.n	10007edc <tu_fifo_write_n+0xe0>
10007f4a:	bf00      	nop

10007f4c <tu_fifo_clear>:
10007f4c:	b510      	push	{r4, lr}
10007f4e:	4604      	mov	r4, r0
10007f50:	68c0      	ldr	r0, [r0, #12]
10007f52:	b118      	cbz	r0, 10007f5c <tu_fifo_clear+0x10>
10007f54:	f04f 31ff 	mov.w	r1, #4294967295	@ 0xffffffff
10007f58:	f000 fe7a 	bl	10008c50 <__mutex_enter_timeout_ms_veneer>
10007f5c:	6920      	ldr	r0, [r4, #16]
10007f5e:	b118      	cbz	r0, 10007f68 <tu_fifo_clear+0x1c>
10007f60:	f04f 31ff 	mov.w	r1, #4294967295	@ 0xffffffff
10007f64:	f000 fe74 	bl	10008c50 <__mutex_enter_timeout_ms_veneer>
10007f68:	2300      	movs	r3, #0
10007f6a:	68e0      	ldr	r0, [r4, #12]
10007f6c:	8163      	strh	r3, [r4, #10]
10007f6e:	8123      	strh	r3, [r4, #8]
10007f70:	b108      	cbz	r0, 10007f76 <tu_fifo_clear+0x2a>
10007f72:	f000 fe85 	bl	10008c80 <__mutex_exit_veneer>
10007f76:	6920      	ldr	r0, [r4, #16]
10007f78:	b108      	cbz	r0, 10007f7e <tu_fifo_clear+0x32>
10007f7a:	f000 fe81 	bl	10008c80 <__mutex_exit_veneer>
10007f7e:	2001      	movs	r0, #1
10007f80:	bd10      	pop	{r4, pc}
10007f82:	bf00      	nop

10007f84 <tu_fifo_set_overwritable>:
10007f84:	b538      	push	{r3, r4, r5, lr}
10007f86:	4604      	mov	r4, r0
10007f88:	68c0      	ldr	r0, [r0, #12]
10007f8a:	460d      	mov	r5, r1
10007f8c:	b118      	cbz	r0, 10007f96 <tu_fifo_set_overwritable+0x12>
10007f8e:	f04f 31ff 	mov.w	r1, #4294967295	@ 0xffffffff
10007f92:	f000 fe5d 	bl	10008c50 <__mutex_enter_timeout_ms_veneer>
10007f96:	6920      	ldr	r0, [r4, #16]
10007f98:	b118      	cbz	r0, 10007fa2 <tu_fifo_set_overwritable+0x1e>
10007f9a:	f04f 31ff 	mov.w	r1, #4294967295	@ 0xffffffff
10007f9e:	f000 fe57 	bl	10008c50 <__mutex_enter_timeout_ms_veneer>
10007fa2:	79e3      	ldrb	r3, [r4, #7]
10007fa4:	68e0      	ldr	r0, [r4, #12]
10007fa6:	f365 13c7 	bfi	r3, r5, #7, #1
10007faa:	71e3      	strb	r3, [r4, #7]
10007fac:	b108      	cbz	r0, 10007fb2 <tu_fifo_set_overwritable+0x2e>
10007fae:	f000 fe67 	bl	10008c80 <__mutex_exit_veneer>
10007fb2:	6920      	ldr	r0, [r4, #16]
10007fb4:	b108      	cbz	r0, 10007fba <tu_fifo_set_overwritable+0x36>
10007fb6:	f000 fe63 	bl	10008c80 <__mutex_exit_veneer>
10007fba:	2001      	movs	r0, #1
10007fbc:	bd38      	pop	{r3, r4, r5, pc}
10007fbe:	bf00      	nop

10007fc0 <runtime_init_per_core_tls_setup>:
10007fc0:	2200      	movs	r2, #0
10007fc2:	4b01      	ldr	r3, [pc, #4]	@ (10007fc8 <runtime_init_per_core_tls_setup+0x8>)
10007fc4:	605a      	str	r2, [r3, #4]
10007fc6:	4770      	bx	lr
10007fc8:	200110f0 	.word	0x200110f0

10007fcc <core1_trampoline>:
10007fcc:	bd03      	pop	{r0, r1, pc}
10007fce:	bf00      	nop

10007fd0 <core1_wrapper>:
10007fd0:	b500      	push	{lr}
10007fd2:	b083      	sub	sp, #12
10007fd4:	9001      	str	r0, [sp, #4]
10007fd6:	f7fb fae7 	bl	100035a8 <runtime_run_per_core_initializers>
10007fda:	9801      	ldr	r0, [sp, #4]
10007fdc:	b003      	add	sp, #12
10007fde:	f85d eb04 	ldr.w	lr, [sp], #4
10007fe2:	4700      	bx	r0

10007fe4 <multicore_launch_core1_raw>:
10007fe4:	b570      	push	{r4, r5, r6, lr}
10007fe6:	4605      	mov	r5, r0
10007fe8:	b088      	sub	sp, #32
10007fea:	2019      	movs	r0, #25
10007fec:	460c      	mov	r4, r1
10007fee:	9201      	str	r2, [sp, #4]
10007ff0:	f7fa fae8 	bl	100025c4 <irq_is_enabled>
10007ff4:	2100      	movs	r1, #0
10007ff6:	4606      	mov	r6, r0
10007ff8:	2019      	movs	r0, #25
10007ffa:	f7fa facd 	bl	10002598 <irq_set_enabled>
10007ffe:	2300      	movs	r3, #0
10008000:	9a01      	ldr	r2, [sp, #4]
10008002:	4619      	mov	r1, r3
10008004:	9205      	str	r2, [sp, #20]
10008006:	2201      	movs	r2, #1
10008008:	4817      	ldr	r0, [pc, #92]	@ (10008068 <multicore_launch_core1_raw+0x84>)
1000800a:	e9cd 3302 	strd	r3, r3, [sp, #8]
1000800e:	7042      	strb	r2, [r0, #1]
10008010:	f04f 4350 	mov.w	r3, #3489660928	@ 0xd0000000
10008014:	4608      	mov	r0, r1
10008016:	e9cd 4506 	strd	r4, r5, [sp, #24]
1000801a:	9204      	str	r2, [sp, #16]
1000801c:	b1a1      	cbz	r1, 10008048 <multicore_launch_core1_raw+0x64>
1000801e:	6d1a      	ldr	r2, [r3, #80]	@ 0x50
10008020:	0795      	lsls	r5, r2, #30
10008022:	d5fc      	bpl.n	1000801e <multicore_launch_core1_raw+0x3a>
10008024:	6559      	str	r1, [r3, #84]	@ 0x54
10008026:	bf40      	sev
10008028:	6d1a      	ldr	r2, [r3, #80]	@ 0x50
1000802a:	07d4      	lsls	r4, r2, #31
1000802c:	d403      	bmi.n	10008036 <multicore_launch_core1_raw+0x52>
1000802e:	bf20      	wfe
10008030:	6d1a      	ldr	r2, [r3, #80]	@ 0x50
10008032:	07d2      	lsls	r2, r2, #31
10008034:	d5fb      	bpl.n	1000802e <multicore_launch_core1_raw+0x4a>
10008036:	6d9a      	ldr	r2, [r3, #88]	@ 0x58
10008038:	428a      	cmp	r2, r1
1000803a:	d00a      	beq.n	10008052 <multicore_launch_core1_raw+0x6e>
1000803c:	2000      	movs	r0, #0
1000803e:	eb0d 0280 	add.w	r2, sp, r0, lsl #2
10008042:	6891      	ldr	r1, [r2, #8]
10008044:	e7ea      	b.n	1000801c <multicore_launch_core1_raw+0x38>
10008046:	6d9a      	ldr	r2, [r3, #88]	@ 0x58
10008048:	6d1a      	ldr	r2, [r3, #80]	@ 0x50
1000804a:	07d2      	lsls	r2, r2, #31
1000804c:	d4fb      	bmi.n	10008046 <multicore_launch_core1_raw+0x62>
1000804e:	bf40      	sev
10008050:	e7e5      	b.n	1000801e <multicore_launch_core1_raw+0x3a>
10008052:	3001      	adds	r0, #1
10008054:	2806      	cmp	r0, #6
10008056:	d1f2      	bne.n	1000803e <multicore_launch_core1_raw+0x5a>
10008058:	4631      	mov	r1, r6
1000805a:	2019      	movs	r0, #25
1000805c:	b008      	add	sp, #32
1000805e:	e8bd 4070 	ldmia.w	sp!, {r4, r5, r6, lr}
10008062:	f7fa ba99 	b.w	10002598 <irq_set_enabled>
10008066:	bf00      	nop
10008068:	20012d90 	.word	0x20012d90

1000806c <multicore_launch_core1>:
1000806c:	4b0c      	ldr	r3, [pc, #48]	@ (100080a0 <multicore_launch_core1+0x34>)
1000806e:	4a0d      	ldr	r2, [pc, #52]	@ (100080a4 <multicore_launch_core1+0x38>)
10008070:	4293      	cmp	r3, r2
10008072:	d30e      	bcc.n	10008092 <multicore_launch_core1+0x26>
10008074:	469c      	mov	ip, r3
10008076:	f603 71f4 	addw	r1, r3, #4084	@ 0xff4
1000807a:	4a0b      	ldr	r2, [pc, #44]	@ (100080a8 <multicore_launch_core1+0x3c>)
1000807c:	6892      	ldr	r2, [r2, #8]
1000807e:	f8cc 0ff4 	str.w	r0, [ip, #4084]	@ 0xff4
10008082:	480a      	ldr	r0, [pc, #40]	@ (100080ac <multicore_launch_core1+0x40>)
10008084:	f8cc 3ff8 	str.w	r3, [ip, #4088]	@ 0xff8
10008088:	f8cc 0ffc 	str.w	r0, [ip, #4092]	@ 0xffc
1000808c:	4808      	ldr	r0, [pc, #32]	@ (100080b0 <multicore_launch_core1+0x44>)
1000808e:	f7ff bfa9 	b.w	10007fe4 <multicore_launch_core1_raw>
10008092:	f04f 33ff 	mov.w	r3, #4294967295	@ 0xffffffff
10008096:	f640 71f3 	movw	r1, #4083	@ 0xff3
1000809a:	469c      	mov	ip, r3
1000809c:	e7ed      	b.n	1000807a <multicore_launch_core1+0xe>
1000809e:	bf00      	nop
100080a0:	20080000 	.word	0x20080000
100080a4:	20080000 	.word	0x20080000
100080a8:	e000ed00 	.word	0xe000ed00
100080ac:	10007fd1 	.word	0x10007fd1
100080b0:	10007fcd 	.word	0x10007fcd

100080b4 <dma_claim_unused_channel>:
100080b4:	b500      	push	{lr}
100080b6:	f8df c01c 	ldr.w	ip, [pc, #28]	@ 100080d4 <dma_claim_unused_channel+0x20>
100080ba:	b083      	sub	sp, #12
100080bc:	4601      	mov	r1, r0
100080be:	230f      	movs	r3, #15
100080c0:	2200      	movs	r2, #0
100080c2:	f8cd c000 	str.w	ip, [sp]
100080c6:	4802      	ldr	r0, [pc, #8]	@ (100080d0 <dma_claim_unused_channel+0x1c>)
100080c8:	f7fa f9e2 	bl	10002490 <hw_claim_unused_from_range>
100080cc:	b003      	add	sp, #12
100080ce:	bd00      	pop	{pc}
100080d0:	2001484a 	.word	0x2001484a
100080d4:	10008ffc 	.word	0x10008ffc

100080d8 <i2c_write_blocking_internal>:
100080d8:	e92d 4ff0 	stmdb	sp!, {r4, r5, r6, r7, r8, r9, sl, fp, lr}
100080dc:	b085      	sub	sp, #20
100080de:	4605      	mov	r5, r0
100080e0:	e9dd 740f 	ldrd	r7, r4, [sp, #60]	@ 0x3c
100080e4:	f89d 0038 	ldrb.w	r0, [sp, #56]	@ 0x38
100080e8:	2600      	movs	r6, #0
100080ea:	f04f 0e01 	mov.w	lr, #1
100080ee:	9002      	str	r0, [sp, #8]
100080f0:	4608      	mov	r0, r1
100080f2:	6829      	ldr	r1, [r5, #0]
100080f4:	f1b3 0900 	subs.w	r9, r3, #0
100080f8:	66ce      	str	r6, [r1, #108]	@ 0x6c
100080fa:	6048      	str	r0, [r1, #4]
100080fc:	f8c1 e06c 	str.w	lr, [r1, #108]	@ 0x6c
10008100:	dd7b      	ble.n	100081fa <i2c_write_blocking_internal+0x122>
10008102:	9802      	ldr	r0, [sp, #8]
10008104:	1e56      	subs	r6, r2, #1
10008106:	f109 3bff 	add.w	fp, r9, #4294967295	@ 0xffffffff
1000810a:	ea80 080e 	eor.w	r8, r0, lr
1000810e:	b11f      	cbz	r7, 10008118 <i2c_write_blocking_internal+0x40>
10008110:	4671      	mov	r1, lr
10008112:	4620      	mov	r0, r4
10008114:	47b8      	blx	r7
10008116:	6829      	ldr	r1, [r5, #0]
10008118:	f04f 0a00 	mov.w	sl, #0
1000811c:	792b      	ldrb	r3, [r5, #4]
1000811e:	f8cd 9004 	str.w	r9, [sp, #4]
10008122:	029b      	lsls	r3, r3, #10
10008124:	45da      	cmp	sl, fp
10008126:	bf14      	ite	ne
10008128:	2000      	movne	r0, #0
1000812a:	f008 0001 	andeq.w	r0, r8, #1
1000812e:	f816 2f01 	ldrb.w	r2, [r6, #1]!
10008132:	ea42 2240 	orr.w	r2, r2, r0, lsl #9
10008136:	4313      	orrs	r3, r2
10008138:	610b      	str	r3, [r1, #16]
1000813a:	2f00      	cmp	r7, #0
1000813c:	d045      	beq.n	100081ca <i2c_write_blocking_internal+0xf2>
1000813e:	f04f 0900 	mov.w	r9, #0
10008142:	e006      	b.n	10008152 <i2c_write_blocking_internal+0x7a>
10008144:	6829      	ldr	r1, [r5, #0]
10008146:	fa5f f989 	uxtb.w	r9, r9
1000814a:	6b4a      	ldr	r2, [r1, #52]	@ 0x34
1000814c:	06d3      	lsls	r3, r2, #27
1000814e:	d410      	bmi.n	10008172 <i2c_write_blocking_internal+0x9a>
10008150:	b167      	cbz	r7, 1000816c <i2c_write_blocking_internal+0x94>
10008152:	2100      	movs	r1, #0
10008154:	4620      	mov	r0, r4
10008156:	47b8      	blx	r7
10008158:	2800      	cmp	r0, #0
1000815a:	d0f3      	beq.n	10008144 <i2c_write_blocking_internal+0x6c>
1000815c:	f06f 0a01 	mvn.w	sl, #1
10008160:	4650      	mov	r0, sl
10008162:	9b02      	ldr	r3, [sp, #8]
10008164:	712b      	strb	r3, [r5, #4]
10008166:	b005      	add	sp, #20
10008168:	e8bd 8ff0 	ldmia.w	sp!, {r4, r5, r6, r7, r8, r9, sl, fp, pc}
1000816c:	6b4b      	ldr	r3, [r1, #52]	@ 0x34
1000816e:	06d8      	lsls	r0, r3, #27
10008170:	d5fc      	bpl.n	1000816c <i2c_write_blocking_internal+0x94>
10008172:	f8d1 2080 	ldr.w	r2, [r1, #128]	@ 0x80
10008176:	b982      	cbnz	r2, 1000819a <i2c_write_blocking_internal+0xc2>
10008178:	f1b9 0f00 	cmp.w	r9, #0
1000817c:	d110      	bne.n	100081a0 <i2c_write_blocking_internal+0xc8>
1000817e:	45da      	cmp	sl, fp
10008180:	d037      	beq.n	100081f2 <i2c_write_blocking_internal+0x11a>
10008182:	9b01      	ldr	r3, [sp, #4]
10008184:	f10a 0a01 	add.w	sl, sl, #1
10008188:	4553      	cmp	r3, sl
1000818a:	d0e9      	beq.n	10008160 <i2c_write_blocking_internal+0x88>
1000818c:	b11f      	cbz	r7, 10008196 <i2c_write_blocking_internal+0xbe>
1000818e:	2101      	movs	r1, #1
10008190:	4620      	mov	r0, r4
10008192:	47b8      	blx	r7
10008194:	6829      	ldr	r1, [r5, #0]
10008196:	2300      	movs	r3, #0
10008198:	e7c4      	b.n	10008124 <i2c_write_blocking_internal+0x4c>
1000819a:	f04f 0901 	mov.w	r9, #1
1000819e:	6d4b      	ldr	r3, [r1, #84]	@ 0x54
100081a0:	b9af      	cbnz	r7, 100081ce <i2c_write_blocking_internal+0xf6>
100081a2:	6b4b      	ldr	r3, [r1, #52]	@ 0x34
100081a4:	059b      	lsls	r3, r3, #22
100081a6:	d5fc      	bpl.n	100081a2 <i2c_write_blocking_internal+0xca>
100081a8:	6e08      	ldr	r0, [r1, #96]	@ 0x60
100081aa:	f1b9 0f00 	cmp.w	r9, #0
100081ae:	d0e8      	beq.n	10008182 <i2c_write_blocking_internal+0xaa>
100081b0:	b32a      	cbz	r2, 100081fe <i2c_write_blocking_internal+0x126>
100081b2:	f002 0209 	and.w	r2, r2, #9
100081b6:	2a08      	cmp	r2, #8
100081b8:	bf18      	it	ne
100081ba:	f04f 3aff 	movne.w	sl, #4294967295	@ 0xffffffff
100081be:	4650      	mov	r0, sl
100081c0:	9b02      	ldr	r3, [sp, #8]
100081c2:	712b      	strb	r3, [r5, #4]
100081c4:	b005      	add	sp, #20
100081c6:	e8bd 8ff0 	ldmia.w	sp!, {r4, r5, r6, r7, r8, r9, sl, fp, pc}
100081ca:	46b9      	mov	r9, r7
100081cc:	e7bd      	b.n	1000814a <i2c_write_blocking_internal+0x72>
100081ce:	9203      	str	r2, [sp, #12]
100081d0:	e003      	b.n	100081da <i2c_write_blocking_internal+0x102>
100081d2:	6829      	ldr	r1, [r5, #0]
100081d4:	6b4b      	ldr	r3, [r1, #52]	@ 0x34
100081d6:	059a      	lsls	r2, r3, #22
100081d8:	d405      	bmi.n	100081e6 <i2c_write_blocking_internal+0x10e>
100081da:	2100      	movs	r1, #0
100081dc:	4620      	mov	r0, r4
100081de:	47b8      	blx	r7
100081e0:	2800      	cmp	r0, #0
100081e2:	d0f6      	beq.n	100081d2 <i2c_write_blocking_internal+0xfa>
100081e4:	e7ba      	b.n	1000815c <i2c_write_blocking_internal+0x84>
100081e6:	9a03      	ldr	r2, [sp, #12]
100081e8:	6e08      	ldr	r0, [r1, #96]	@ 0x60
100081ea:	f1b9 0f00 	cmp.w	r9, #0
100081ee:	d0c8      	beq.n	10008182 <i2c_write_blocking_internal+0xaa>
100081f0:	e7de      	b.n	100081b0 <i2c_write_blocking_internal+0xd8>
100081f2:	9b02      	ldr	r3, [sp, #8]
100081f4:	2b00      	cmp	r3, #0
100081f6:	d1c4      	bne.n	10008182 <i2c_write_blocking_internal+0xaa>
100081f8:	e7d2      	b.n	100081a0 <i2c_write_blocking_internal+0xc8>
100081fa:	46b2      	mov	sl, r6
100081fc:	e7b0      	b.n	10008160 <i2c_write_blocking_internal+0x88>
100081fe:	f04f 3aff 	mov.w	sl, #4294967295	@ 0xffffffff
10008202:	e7ad      	b.n	10008160 <i2c_write_blocking_internal+0x88>

10008204 <i2c_read_blocking_internal>:
10008204:	e92d 4ff0 	stmdb	sp!, {r4, r5, r6, r7, r8, r9, sl, fp, lr}
10008208:	f04f 0c01 	mov.w	ip, #1
1000820c:	2700      	movs	r7, #0
1000820e:	4605      	mov	r5, r0
10008210:	6800      	ldr	r0, [r0, #0]
10008212:	b083      	sub	sp, #12
10008214:	f1b3 0b00 	subs.w	fp, r3, #0
10008218:	66c7      	str	r7, [r0, #108]	@ 0x6c
1000821a:	f89d 8030 	ldrb.w	r8, [sp, #48]	@ 0x30
1000821e:	6041      	str	r1, [r0, #4]
10008220:	e9dd 640d 	ldrd	r6, r4, [sp, #52]	@ 0x34
10008224:	f8c0 c06c 	str.w	ip, [r0, #108]	@ 0x6c
10008228:	dd2f      	ble.n	1000828a <i2c_read_blocking_internal+0x86>
1000822a:	4691      	mov	r9, r2
1000822c:	ea88 030c 	eor.w	r3, r8, ip
10008230:	f10b 3aff 	add.w	sl, fp, #4294967295	@ 0xffffffff
10008234:	9301      	str	r3, [sp, #4]
10008236:	b116      	cbz	r6, 1000823e <i2c_read_blocking_internal+0x3a>
10008238:	2101      	movs	r1, #1
1000823a:	4620      	mov	r0, r4
1000823c:	47b0      	blx	r6
1000823e:	682b      	ldr	r3, [r5, #0]
10008240:	6f59      	ldr	r1, [r3, #116]	@ 0x74
10008242:	2910      	cmp	r1, #16
10008244:	d0fc      	beq.n	10008240 <i2c_read_blocking_internal+0x3c>
10008246:	2f00      	cmp	r7, #0
10008248:	d034      	beq.n	100082b4 <i2c_read_blocking_internal+0xb0>
1000824a:	2100      	movs	r1, #0
1000824c:	9801      	ldr	r0, [sp, #4]
1000824e:	4557      	cmp	r7, sl
10008250:	bf14      	ite	ne
10008252:	2000      	movne	r0, #0
10008254:	f000 0001 	andeq.w	r0, r0, #1
10008258:	ea41 2140 	orr.w	r1, r1, r0, lsl #9
1000825c:	f441 7180 	orr.w	r1, r1, #256	@ 0x100
10008260:	6119      	str	r1, [r3, #16]
10008262:	e006      	b.n	10008272 <i2c_read_blocking_internal+0x6e>
10008264:	b11e      	cbz	r6, 1000826e <i2c_read_blocking_internal+0x6a>
10008266:	4620      	mov	r0, r4
10008268:	47b0      	blx	r6
1000826a:	bb30      	cbnz	r0, 100082ba <i2c_read_blocking_internal+0xb6>
1000826c:	682b      	ldr	r3, [r5, #0]
1000826e:	6f99      	ldr	r1, [r3, #120]	@ 0x78
10008270:	b9c9      	cbnz	r1, 100082a6 <i2c_read_blocking_internal+0xa2>
10008272:	f8d3 1080 	ldr.w	r1, [r3, #128]	@ 0x80
10008276:	6b59      	ldr	r1, [r3, #52]	@ 0x34
10008278:	f011 0140 	ands.w	r1, r1, #64	@ 0x40
1000827c:	d0f2      	beq.n	10008264 <i2c_read_blocking_internal+0x60>
1000827e:	6d5b      	ldr	r3, [r3, #84]	@ 0x54
10008280:	b14e      	cbz	r6, 10008296 <i2c_read_blocking_internal+0x92>
10008282:	2100      	movs	r1, #0
10008284:	4620      	mov	r0, r4
10008286:	47b0      	blx	r6
10008288:	43c7      	mvns	r7, r0
1000828a:	4638      	mov	r0, r7
1000828c:	f885 8004 	strb.w	r8, [r5, #4]
10008290:	b003      	add	sp, #12
10008292:	e8bd 8ff0 	ldmia.w	sp!, {r4, r5, r6, r7, r8, r9, sl, fp, pc}
10008296:	f04f 37ff 	mov.w	r7, #4294967295	@ 0xffffffff
1000829a:	4638      	mov	r0, r7
1000829c:	f885 8004 	strb.w	r8, [r5, #4]
100082a0:	b003      	add	sp, #12
100082a2:	e8bd 8ff0 	ldmia.w	sp!, {r4, r5, r6, r7, r8, r9, sl, fp, pc}
100082a6:	691b      	ldr	r3, [r3, #16]
100082a8:	3701      	adds	r7, #1
100082aa:	45bb      	cmp	fp, r7
100082ac:	f809 3b01 	strb.w	r3, [r9], #1
100082b0:	d1c1      	bne.n	10008236 <i2c_read_blocking_internal+0x32>
100082b2:	e7ea      	b.n	1000828a <i2c_read_blocking_internal+0x86>
100082b4:	7929      	ldrb	r1, [r5, #4]
100082b6:	0289      	lsls	r1, r1, #10
100082b8:	e7c8      	b.n	1000824c <i2c_read_blocking_internal+0x48>
100082ba:	f06f 0701 	mvn.w	r7, #1
100082be:	e7e4      	b.n	1000828a <i2c_read_blocking_internal+0x86>

100082c0 <i2c_set_baudrate>:
100082c0:	b5f0      	push	{r4, r5, r6, r7, lr}
100082c2:	4607      	mov	r7, r0
100082c4:	b083      	sub	sp, #12
100082c6:	2005      	movs	r0, #5
100082c8:	9101      	str	r1, [sp, #4]
100082ca:	f7fa ffe9 	bl	100032a0 <clock_get_hz>
100082ce:	9901      	ldr	r1, [sp, #4]
100082d0:	4a1f      	ldr	r2, [pc, #124]	@ (10008350 <i2c_set_baudrate+0x90>)
100082d2:	eb00 0c51 	add.w	ip, r0, r1, lsr #1
100082d6:	fbbc fcf1 	udiv	ip, ip, r1
100082da:	eb0c 054c 	add.w	r5, ip, ip, lsl #1
100082de:	fba2 2e05 	umull	r2, lr, r2, r5
100082e2:	4e1c      	ldr	r6, [pc, #112]	@ (10008354 <i2c_set_baudrate+0x94>)
100082e4:	ea4f 049e 	mov.w	r4, lr, lsr #2
100082e8:	42b1      	cmp	r1, r6
100082ea:	eb00 0340 	add.w	r3, r0, r0, lsl #1
100082ee:	ebac 0e9e 	sub.w	lr, ip, lr, lsr #2
100082f2:	d827      	bhi.n	10008344 <i2c_set_baudrate+0x84>
100082f4:	4a18      	ldr	r2, [pc, #96]	@ (10008358 <i2c_set_baudrate+0x98>)
100082f6:	fba2 2303 	umull	r2, r3, r2, r3
100082fa:	0d9b      	lsrs	r3, r3, #22
100082fc:	3301      	adds	r3, #1
100082fe:	2200      	movs	r2, #0
10008300:	6839      	ldr	r1, [r7, #0]
10008302:	2d4f      	cmp	r5, #79	@ 0x4f
10008304:	66ca      	str	r2, [r1, #108]	@ 0x6c
10008306:	680a      	ldr	r2, [r1, #0]
10008308:	f501 5680 	add.w	r6, r1, #4096	@ 0x1000
1000830c:	f082 0204 	eor.w	r2, r2, #4
10008310:	f002 0206 	and.w	r2, r2, #6
10008314:	6032      	str	r2, [r6, #0]
10008316:	f8c1 e01c 	str.w	lr, [r1, #28]
1000831a:	620c      	str	r4, [r1, #32]
1000831c:	bf98      	it	ls
1000831e:	2401      	movls	r4, #1
10008320:	460a      	mov	r2, r1
10008322:	bf88      	it	hi
10008324:	0924      	lsrhi	r4, r4, #4
10008326:	f8c1 40a0 	str.w	r4, [r1, #160]	@ 0xa0
1000832a:	fbb0 f0fc 	udiv	r0, r0, ip
1000832e:	2401      	movs	r4, #1
10008330:	f852 5f7c 	ldr.w	r5, [r2, #124]!
10008334:	406b      	eors	r3, r5
10008336:	b29b      	uxth	r3, r3
10008338:	f502 5280 	add.w	r2, r2, #4096	@ 0x1000
1000833c:	6013      	str	r3, [r2, #0]
1000833e:	66cc      	str	r4, [r1, #108]	@ 0x6c
10008340:	b003      	add	sp, #12
10008342:	bdf0      	pop	{r4, r5, r6, r7, pc}
10008344:	4a05      	ldr	r2, [pc, #20]	@ (1000835c <i2c_set_baudrate+0x9c>)
10008346:	fba2 2303 	umull	r2, r3, r2, r3
1000834a:	0ddb      	lsrs	r3, r3, #23
1000834c:	3301      	adds	r3, #1
1000834e:	e7d6      	b.n	100082fe <i2c_set_baudrate+0x3e>
10008350:	cccccccd 	.word	0xcccccccd
10008354:	000f423f 	.word	0x000f423f
10008358:	6b5fca6b 	.word	0x6b5fca6b
1000835c:	55e63b89 	.word	0x55e63b89

10008360 <i2c_init>:
10008360:	4a11      	ldr	r2, [pc, #68]	@ (100083a8 <i2c_init+0x48>)
10008362:	b500      	push	{lr}
10008364:	4290      	cmp	r0, r2
10008366:	bf14      	ite	ne
10008368:	2210      	movne	r2, #16
1000836a:	2220      	moveq	r2, #32
1000836c:	f8df e040 	ldr.w	lr, [pc, #64]	@ 100083b0 <i2c_init+0x50>
10008370:	4b0e      	ldr	r3, [pc, #56]	@ (100083ac <i2c_init+0x4c>)
10008372:	f8df c040 	ldr.w	ip, [pc, #64]	@ 100083b4 <i2c_init+0x54>
10008376:	f8ce 2000 	str.w	r2, [lr]
1000837a:	601a      	str	r2, [r3, #0]
1000837c:	f8dc 3008 	ldr.w	r3, [ip, #8]
10008380:	ea32 0303 	bics.w	r3, r2, r3
10008384:	d1fa      	bne.n	1000837c <i2c_init+0x1c>
10008386:	f240 1e65 	movw	lr, #357	@ 0x165
1000838a:	f04f 0c03 	mov.w	ip, #3
1000838e:	6802      	ldr	r2, [r0, #0]
10008390:	7103      	strb	r3, [r0, #4]
10008392:	66d3      	str	r3, [r2, #108]	@ 0x6c
10008394:	f8c2 e000 	str.w	lr, [r2]
10008398:	63d3      	str	r3, [r2, #60]	@ 0x3c
1000839a:	f85d eb04 	ldr.w	lr, [sp], #4
1000839e:	6393      	str	r3, [r2, #56]	@ 0x38
100083a0:	f8c2 c088 	str.w	ip, [r2, #136]	@ 0x88
100083a4:	f7ff bf8c 	b.w	100082c0 <i2c_set_baudrate>
100083a8:	20001178 	.word	0x20001178
100083ac:	40023000 	.word	0x40023000
100083b0:	40022000 	.word	0x40022000
100083b4:	40020000 	.word	0x40020000

100083b8 <i2c_write_blocking>:
100083b8:	b500      	push	{lr}
100083ba:	b085      	sub	sp, #20
100083bc:	f89d c018 	ldrb.w	ip, [sp, #24]
100083c0:	f8cd c000 	str.w	ip, [sp]
100083c4:	f04f 0c00 	mov.w	ip, #0
100083c8:	e9cd cc01 	strd	ip, ip, [sp, #4]
100083cc:	f7ff fe84 	bl	100080d8 <i2c_write_blocking_internal>
100083d0:	b005      	add	sp, #20
100083d2:	bd00      	pop	{pc}

100083d4 <i2c_read_blocking>:
100083d4:	b500      	push	{lr}
100083d6:	b085      	sub	sp, #20
100083d8:	f89d c018 	ldrb.w	ip, [sp, #24]
100083dc:	f8cd c000 	str.w	ip, [sp]
100083e0:	f04f 0c00 	mov.w	ip, #0
100083e4:	e9cd cc01 	strd	ip, ip, [sp, #4]
100083e8:	f7ff ff0c 	bl	10008204 <i2c_read_blocking_internal>
100083ec:	b005      	add	sp, #20
100083ee:	bd00      	pop	{pc}

100083f0 <add_program_at_offset_check>:
100083f0:	4694      	mov	ip, r2
100083f2:	f8d0 2168 	ldr.w	r2, [r0, #360]	@ 0x168
100083f6:	79cb      	ldrb	r3, [r1, #7]
100083f8:	b1da      	cbz	r2, 10008432 <add_program_at_offset_check+0x42>
100083fa:	07da      	lsls	r2, r3, #31
100083fc:	d41b      	bmi.n	10008436 <add_program_at_offset_check+0x46>
100083fe:	f991 3005 	ldrsb.w	r3, [r1, #5]
10008402:	2b00      	cmp	r3, #0
10008404:	db01      	blt.n	1000840a <add_program_at_offset_check+0x1a>
10008406:	4563      	cmp	r3, ip
10008408:	d115      	bne.n	10008436 <add_program_at_offset_check+0x46>
1000840a:	2301      	movs	r3, #1
1000840c:	7909      	ldrb	r1, [r1, #4]
1000840e:	f100 402f 	add.w	r0, r0, #2936012800	@ 0xaf000000
10008412:	4a0a      	ldr	r2, [pc, #40]	@ (1000843c <add_program_at_offset_check+0x4c>)
10008414:	f500 0060 	add.w	r0, r0, #14680064	@ 0xe00000
10008418:	0d00      	lsrs	r0, r0, #20
1000841a:	408b      	lsls	r3, r1
1000841c:	f852 2020 	ldr.w	r2, [r2, r0, lsl #2]
10008420:	3b01      	subs	r3, #1
10008422:	fa03 f30c 	lsl.w	r3, r3, ip
10008426:	4213      	tst	r3, r2
10008428:	bf0c      	ite	eq
1000842a:	2000      	moveq	r0, #0
1000842c:	f06f 0008 	mvnne.w	r0, #8
10008430:	4770      	bx	lr
10008432:	075b      	lsls	r3, r3, #29
10008434:	d5e3      	bpl.n	100083fe <add_program_at_offset_check+0xe>
10008436:	f06f 000a 	mvn.w	r0, #10
1000843a:	4770      	bx	lr
1000843c:	2001131c 	.word	0x2001131c

10008440 <add_program_at_offset>:
10008440:	b570      	push	{r4, r5, r6, lr}
10008442:	b082      	sub	sp, #8
10008444:	4615      	mov	r5, r2
10008446:	4604      	mov	r4, r0
10008448:	9101      	str	r1, [sp, #4]
1000844a:	f7ff ffd1 	bl	100083f0 <add_program_at_offset_check>
1000844e:	bb98      	cbnz	r0, 100084b8 <add_program_at_offset+0x78>
10008450:	9901      	ldr	r1, [sp, #4]
10008452:	790e      	ldrb	r6, [r1, #4]
10008454:	b306      	cbz	r6, 10008498 <add_program_at_offset+0x58>
10008456:	6809      	ldr	r1, [r1, #0]
10008458:	46ac      	mov	ip, r5
1000845a:	4a18      	ldr	r2, [pc, #96]	@ (100084bc <add_program_at_offset+0x7c>)
1000845c:	eb01 0e46 	add.w	lr, r1, r6, lsl #1
10008460:	e00b      	b.n	1000847a <add_program_at_offset+0x3a>
10008462:	f5b3 5f00 	cmp.w	r3, #8192	@ 0x2000
10008466:	bf38      	it	cc
10008468:	195b      	addcc	r3, r3, r5
1000846a:	f10c 0012 	add.w	r0, ip, #18
1000846e:	458e      	cmp	lr, r1
10008470:	f844 3020 	str.w	r3, [r4, r0, lsl #2]
10008474:	f10c 0c01 	add.w	ip, ip, #1
10008478:	d00e      	beq.n	10008498 <add_program_at_offset+0x58>
1000847a:	f831 3b02 	ldrh.w	r3, [r1], #2
1000847e:	ea03 0002 	and.w	r0, r3, r2
10008482:	f5b0 5f00 	cmp.w	r0, #8192	@ 0x2000
10008486:	d1ec      	bne.n	10008462 <add_program_at_offset+0x22>
10008488:	f013 0f60 	tst.w	r3, #96	@ 0x60
1000848c:	d1ed      	bne.n	1000846a <add_program_at_offset+0x2a>
1000848e:	f8d4 0168 	ldr.w	r0, [r4, #360]	@ 0x168
10008492:	4043      	eors	r3, r0
10008494:	b29b      	uxth	r3, r3
10008496:	e7e4      	b.n	10008462 <add_program_at_offset+0x22>
10008498:	2301      	movs	r3, #1
1000849a:	4628      	mov	r0, r5
1000849c:	f104 442f 	add.w	r4, r4, #2936012800	@ 0xaf000000
100084a0:	4907      	ldr	r1, [pc, #28]	@ (100084c0 <add_program_at_offset+0x80>)
100084a2:	f504 0460 	add.w	r4, r4, #14680064	@ 0xe00000
100084a6:	0d24      	lsrs	r4, r4, #20
100084a8:	40b3      	lsls	r3, r6
100084aa:	f851 2024 	ldr.w	r2, [r1, r4, lsl #2]
100084ae:	3b01      	subs	r3, #1
100084b0:	40ab      	lsls	r3, r5
100084b2:	4313      	orrs	r3, r2
100084b4:	f841 3024 	str.w	r3, [r1, r4, lsl #2]
100084b8:	b002      	add	sp, #8
100084ba:	bd70      	pop	{r4, r5, r6, pc}
100084bc:	ffffe000 	.word	0xffffe000
100084c0:	2001131c 	.word	0x2001131c

100084c4 <find_offset_for_program.isra.0>:
100084c4:	2301      	movs	r3, #1
100084c6:	f100 402f 	add.w	r0, r0, #2936012800	@ 0xaf000000
100084ca:	f8df c050 	ldr.w	ip, [pc, #80]	@ 1000851c <find_offset_for_program.isra.0+0x58>
100084ce:	f500 0060 	add.w	r0, r0, #14680064	@ 0xe00000
100084d2:	408b      	lsls	r3, r1
100084d4:	0d00      	lsrs	r0, r0, #20
100084d6:	2a00      	cmp	r2, #0
100084d8:	f85c c020 	ldr.w	ip, [ip, r0, lsl #2]
100084dc:	f103 33ff 	add.w	r3, r3, #4294967295	@ 0xffffffff
100084e0:	f1c1 0120 	rsb	r1, r1, #32
100084e4:	db09      	blt.n	100084fa <find_offset_for_program.isra.0+0x36>
100084e6:	428a      	cmp	r2, r1
100084e8:	d815      	bhi.n	10008516 <find_offset_for_program.isra.0+0x52>
100084ea:	4093      	lsls	r3, r2
100084ec:	ea13 0f0c 	tst.w	r3, ip
100084f0:	bf0c      	ite	eq
100084f2:	4610      	moveq	r0, r2
100084f4:	f04f 30ff 	movne.w	r0, #4294967295	@ 0xffffffff
100084f8:	4770      	bx	lr
100084fa:	1e08      	subs	r0, r1, #0
100084fc:	da02      	bge.n	10008504 <find_offset_for_program.isra.0+0x40>
100084fe:	e007      	b.n	10008510 <find_offset_for_program.isra.0+0x4c>
10008500:	3801      	subs	r0, #1
10008502:	d305      	bcc.n	10008510 <find_offset_for_program.isra.0+0x4c>
10008504:	fa03 f200 	lsl.w	r2, r3, r0
10008508:	ea12 0f0c 	tst.w	r2, ip
1000850c:	d1f8      	bne.n	10008500 <find_offset_for_program.isra.0+0x3c>
1000850e:	4770      	bx	lr
10008510:	f06f 0008 	mvn.w	r0, #8
10008514:	4770      	bx	lr
10008516:	f04f 30ff 	mov.w	r0, #4294967295	@ 0xffffffff
1000851a:	4770      	bx	lr
1000851c:	2001131c 	.word	0x2001131c

10008520 <pio_claim_unused_sm>:
10008520:	b500      	push	{lr}
10008522:	f100 422f 	add.w	r2, r0, #2936012800	@ 0xaf000000
10008526:	f502 0260 	add.w	r2, r2, #14680064	@ 0xe00000
1000852a:	4b09      	ldr	r3, [pc, #36]	@ (10008550 <pio_claim_unused_sm+0x30>)
1000852c:	0d12      	lsrs	r2, r2, #20
1000852e:	b085      	sub	sp, #20
10008530:	0092      	lsls	r2, r2, #2
10008532:	9300      	str	r3, [sp, #0]
10008534:	4807      	ldr	r0, [pc, #28]	@ (10008554 <pio_claim_unused_sm+0x34>)
10008536:	1cd3      	adds	r3, r2, #3
10008538:	9203      	str	r2, [sp, #12]
1000853a:	f7f9 ffa9 	bl	10002490 <hw_claim_unused_from_range>
1000853e:	9a03      	ldr	r2, [sp, #12]
10008540:	4282      	cmp	r2, r0
10008542:	bfcc      	ite	gt
10008544:	f04f 30ff 	movgt.w	r0, #4294967295	@ 0xffffffff
10008548:	1a80      	suble	r0, r0, r2
1000854a:	b005      	add	sp, #20
1000854c:	bd00      	pop	{pc}
1000854e:	bf00      	nop
10008550:	1000901c 	.word	0x1000901c
10008554:	20012d64 	.word	0x20012d64

10008558 <pio_set_gpio_base>:
10008558:	b510      	push	{r4, lr}
1000855a:	b082      	sub	sp, #8
1000855c:	9101      	str	r1, [sp, #4]
1000855e:	4604      	mov	r4, r0
10008560:	f7f9 ff4e 	bl	10002400 <hw_claim_lock>
10008564:	9901      	ldr	r1, [sp, #4]
10008566:	f031 0310 	bics.w	r3, r1, #16
1000856a:	d007      	beq.n	1000857c <pio_set_gpio_base+0x24>
1000856c:	f06f 030a 	mvn.w	r3, #10
10008570:	9301      	str	r3, [sp, #4]
10008572:	f7f9 ff57 	bl	10002424 <hw_claim_unlock>
10008576:	9801      	ldr	r0, [sp, #4]
10008578:	b002      	add	sp, #8
1000857a:	bd10      	pop	{r4, pc}
1000857c:	f104 432f 	add.w	r3, r4, #2936012800	@ 0xaf000000
10008580:	4a06      	ldr	r2, [pc, #24]	@ (1000859c <pio_set_gpio_base+0x44>)
10008582:	f503 0360 	add.w	r3, r3, #14680064	@ 0xe00000
10008586:	0d1b      	lsrs	r3, r3, #20
10008588:	f852 3023 	ldr.w	r3, [r2, r3, lsl #2]
1000858c:	b913      	cbnz	r3, 10008594 <pio_set_gpio_base+0x3c>
1000858e:	f8c4 1168 	str.w	r1, [r4, #360]	@ 0x168
10008592:	e7ed      	b.n	10008570 <pio_set_gpio_base+0x18>
10008594:	f06f 030b 	mvn.w	r3, #11
10008598:	e7ea      	b.n	10008570 <pio_set_gpio_base+0x18>
1000859a:	bf00      	nop
1000859c:	2001131c 	.word	0x2001131c

100085a0 <pio_add_program>:
100085a0:	b570      	push	{r4, r5, r6, lr}
100085a2:	b082      	sub	sp, #8
100085a4:	460c      	mov	r4, r1
100085a6:	4605      	mov	r5, r0
100085a8:	f7f9 ff2a 	bl	10002400 <hw_claim_lock>
100085ac:	f994 2005 	ldrsb.w	r2, [r4, #5]
100085b0:	4606      	mov	r6, r0
100085b2:	7921      	ldrb	r1, [r4, #4]
100085b4:	4628      	mov	r0, r5
100085b6:	f7ff ff85 	bl	100084c4 <find_offset_for_program.isra.0>
100085ba:	1e02      	subs	r2, r0, #0
100085bc:	db04      	blt.n	100085c8 <pio_add_program+0x28>
100085be:	4621      	mov	r1, r4
100085c0:	4628      	mov	r0, r5
100085c2:	f7ff ff3d 	bl	10008440 <add_program_at_offset>
100085c6:	4602      	mov	r2, r0
100085c8:	4630      	mov	r0, r6
100085ca:	9201      	str	r2, [sp, #4]
100085cc:	f7f9 ff2a 	bl	10002424 <hw_claim_unlock>
100085d0:	9801      	ldr	r0, [sp, #4]
100085d2:	b002      	add	sp, #8
100085d4:	bd70      	pop	{r4, r5, r6, pc}
100085d6:	bf00      	nop

100085d8 <pio_sm_set_consecutive_pindirs>:
100085d8:	b5f0      	push	{r4, r5, r6, r7, lr}
100085da:	469e      	mov	lr, r3
100085dc:	f8d0 3168 	ldr.w	r3, [r0, #360]	@ 0x168
100085e0:	f89d 5014 	ldrb.w	r5, [sp, #20]
100085e4:	1ad2      	subs	r2, r2, r3
100085e6:	2a1f      	cmp	r2, #31
100085e8:	d839      	bhi.n	1000865e <pio_sm_set_consecutive_pindirs+0x86>
100085ea:	460c      	mov	r4, r1
100085ec:	f24e 0380 	movw	r3, #57472	@ 0xe080
100085f0:	f24e 019f 	movw	r1, #57503	@ 0xe09f
100085f4:	f44f 3700 	mov.w	r7, #131072	@ 0x20000
100085f8:	eb04 0c44 	add.w	ip, r4, r4, lsl #1
100085fc:	2d00      	cmp	r5, #0
100085fe:	bf08      	it	eq
10008600:	4619      	moveq	r1, r3
10008602:	eb00 03cc 	add.w	r3, r0, ip, lsl #3
10008606:	f503 5343 	add.w	r3, r3, #12480	@ 0x30c0
1000860a:	eb00 0ccc 	add.w	ip, r0, ip, lsl #3
1000860e:	f1be 0f05 	cmp.w	lr, #5
10008612:	f8dc 60dc 	ldr.w	r6, [ip, #220]	@ 0xdc
10008616:	f8dc 50cc 	ldr.w	r5, [ip, #204]	@ 0xcc
1000861a:	60df      	str	r7, [r3, #12]
1000861c:	d90e      	bls.n	1000863c <pio_sm_set_consecutive_pindirs+0x64>
1000861e:	0153      	lsls	r3, r2, #5
10008620:	f1ae 0e05 	sub.w	lr, lr, #5
10008624:	f043 53a0 	orr.w	r3, r3, #335544320	@ 0x14000000
10008628:	3205      	adds	r2, #5
1000862a:	f1be 0f05 	cmp.w	lr, #5
1000862e:	f8cc 30dc 	str.w	r3, [ip, #220]	@ 0xdc
10008632:	f002 021f 	and.w	r2, r2, #31
10008636:	f8cc 10d8 	str.w	r1, [ip, #216]	@ 0xd8
1000863a:	d8f0      	bhi.n	1000861e <pio_sm_set_consecutive_pindirs+0x46>
1000863c:	0152      	lsls	r2, r2, #5
1000863e:	eb04 0444 	add.w	r4, r4, r4, lsl #1
10008642:	ea42 638e 	orr.w	r3, r2, lr, lsl #26
10008646:	eb00 02c4 	add.w	r2, r0, r4, lsl #3
1000864a:	f8c2 30dc 	str.w	r3, [r2, #220]	@ 0xdc
1000864e:	2000      	movs	r0, #0
10008650:	f8c2 10d8 	str.w	r1, [r2, #216]	@ 0xd8
10008654:	f8c2 60dc 	str.w	r6, [r2, #220]	@ 0xdc
10008658:	f8c2 50cc 	str.w	r5, [r2, #204]	@ 0xcc
1000865c:	bdf0      	pop	{r4, r5, r6, r7, pc}
1000865e:	f06f 0004 	mvn.w	r0, #4
10008662:	bdf0      	pop	{r4, r5, r6, r7, pc}

10008664 <pio_sm_init>:
10008664:	f04f 0c01 	mov.w	ip, #1
10008668:	e92d 41f0 	stmdb	sp!, {r4, r5, r6, r7, r8, lr}
1000866c:	4690      	mov	r8, r2
1000866e:	6802      	ldr	r2, [r0, #0]
10008670:	fa0c fe01 	lsl.w	lr, ip, r1
10008674:	ea22 020e 	bic.w	r2, r2, lr
10008678:	6002      	str	r2, [r0, #0]
1000867a:	2b00      	cmp	r3, #0
1000867c:	d03d      	beq.n	100086fa <pio_sm_init+0x96>
1000867e:	691e      	ldr	r6, [r3, #16]
10008680:	f8df e104 	ldr.w	lr, [pc, #260]	@ 10008788 <pio_sm_init+0x124>
10008684:	43f2      	mvns	r2, r6
10008686:	689c      	ldr	r4, [r3, #8]
10008688:	681f      	ldr	r7, [r3, #0]
1000868a:	eb01 0541 	add.w	r5, r1, r1, lsl #1
1000868e:	ea0e 1e12 	and.w	lr, lr, r2, lsr #4
10008692:	eb00 05c5 	add.w	r5, r0, r5, lsl #3
10008696:	ea02 0252 	and.w	r2, r2, r2, lsr #1
1000869a:	f8c5 70c8 	str.w	r7, [r5, #200]	@ 0xc8
1000869e:	ea12 0f0e 	tst.w	r2, lr
100086a2:	f8c5 40d0 	str.w	r4, [r5, #208]	@ 0xd0
100086a6:	f8d0 4168 	ldr.w	r4, [r0, #360]	@ 0x168
100086aa:	fa01 fc0c 	lsl.w	ip, r1, ip
100086ae:	ea0e 0656 	and.w	r6, lr, r6, lsr #1
100086b2:	d00b      	beq.n	100086cc <pio_sm_init+0x68>
100086b4:	ea56 0204 	orrs.w	r2, r6, r4
100086b8:	d163      	bne.n	10008782 <pio_sm_init+0x11e>
100086ba:	685e      	ldr	r6, [r3, #4]
100086bc:	68da      	ldr	r2, [r3, #12]
100086be:	eb0c 0301 	add.w	r3, ip, r1
100086c2:	eb00 03c3 	add.w	r3, r0, r3, lsl #3
100086c6:	f8c3 60cc 	str.w	r6, [r3, #204]	@ 0xcc
100086ca:	e00f      	b.n	100086ec <pio_sm_init+0x88>
100086cc:	2e00      	cmp	r6, #0
100086ce:	d14e      	bne.n	1000876e <pio_sm_init+0x10a>
100086d0:	685e      	ldr	r6, [r3, #4]
100086d2:	2c00      	cmp	r4, #0
100086d4:	d0f2      	beq.n	100086bc <pio_sm_init+0x58>
100086d6:	68da      	ldr	r2, [r3, #12]
100086d8:	ea4f 531e 	mov.w	r3, lr, lsr #20
100086dc:	ea86 7603 	eor.w	r6, r6, r3, lsl #28
100086e0:	f8c5 60cc 	str.w	r6, [r5, #204]	@ 0xcc
100086e4:	ea4f 3e0e 	mov.w	lr, lr, lsl #12
100086e8:	ea82 221e 	eor.w	r2, r2, lr, lsr #8
100086ec:	eb0c 0301 	add.w	r3, ip, r1
100086f0:	eb00 03c3 	add.w	r3, r0, r3, lsl #3
100086f4:	f8c3 20dc 	str.w	r2, [r3, #220]	@ 0xdc
100086f8:	e015      	b.n	10008726 <pio_sm_init+0xc2>
100086fa:	f44f 2540 	mov.w	r5, #786432	@ 0xc0000
100086fe:	f44f 3680 	mov.w	r6, #65536	@ 0x10000
10008702:	f44f 34f8 	mov.w	r4, #126976	@ 0x1f000
10008706:	eb01 0241 	add.w	r2, r1, r1, lsl #1
1000870a:	eb00 02c2 	add.w	r2, r0, r2, lsl #3
1000870e:	f8c2 60c8 	str.w	r6, [r2, #200]	@ 0xc8
10008712:	f8c2 50d0 	str.w	r5, [r2, #208]	@ 0xd0
10008716:	f8d0 5168 	ldr.w	r5, [r0, #360]	@ 0x168
1000871a:	ea4f 0c41 	mov.w	ip, r1, lsl #1
1000871e:	f8c2 40cc 	str.w	r4, [r2, #204]	@ 0xcc
10008722:	f8c2 30dc 	str.w	r3, [r2, #220]	@ 0xdc
10008726:	f04f 3701 	mov.w	r7, #16843009	@ 0x1010101
1000872a:	2201      	movs	r2, #1
1000872c:	f04f 4400 	mov.w	r4, #2147483648	@ 0x80000000
10008730:	448c      	add	ip, r1
10008732:	eb00 03cc 	add.w	r3, r0, ip, lsl #3
10008736:	f503 5386 	add.w	r3, r3, #4288	@ 0x10c0
1000873a:	f101 0e04 	add.w	lr, r1, #4
1000873e:	f101 0508 	add.w	r5, r1, #8
10008742:	fa07 f101 	lsl.w	r1, r7, r1
10008746:	611c      	str	r4, [r3, #16]
10008748:	eb00 0ccc 	add.w	ip, r0, ip, lsl #3
1000874c:	611c      	str	r4, [r3, #16]
1000874e:	fa02 fe0e 	lsl.w	lr, r2, lr
10008752:	6081      	str	r1, [r0, #8]
10008754:	40aa      	lsls	r2, r5
10008756:	f500 5000 	add.w	r0, r0, #8192	@ 0x2000
1000875a:	f8c0 e000 	str.w	lr, [r0]
1000875e:	6002      	str	r2, [r0, #0]
10008760:	2000      	movs	r0, #0
10008762:	f008 061f 	and.w	r6, r8, #31
10008766:	f8cc 60d8 	str.w	r6, [ip, #216]	@ 0xd8
1000876a:	e8bd 81f0 	ldmia.w	sp!, {r4, r5, r6, r7, r8, pc}
1000876e:	b144      	cbz	r4, 10008782 <pio_sm_init+0x11e>
10008770:	685c      	ldr	r4, [r3, #4]
10008772:	68da      	ldr	r2, [r3, #12]
10008774:	ea4f 531e 	mov.w	r3, lr, lsr #20
10008778:	ea84 7303 	eor.w	r3, r4, r3, lsl #28
1000877c:	f8c5 30cc 	str.w	r3, [r5, #204]	@ 0xcc
10008780:	e7b0      	b.n	100086e4 <pio_sm_init+0x80>
10008782:	f06f 000a 	mvn.w	r0, #10
10008786:	e7f0      	b.n	1000876a <pio_sm_init+0x106>
10008788:	00108421 	.word	0x00108421

1000878c <memcmp>:
1000878c:	2a03      	cmp	r2, #3
1000878e:	d810      	bhi.n	100087b2 <memcmp+0x26>
10008790:	b3d2      	cbz	r2, 10008808 <memcmp+0x7c>
10008792:	3a01      	subs	r2, #1
10008794:	1e43      	subs	r3, r0, #1
10008796:	3901      	subs	r1, #1
10008798:	4402      	add	r2, r0
1000879a:	e001      	b.n	100087a0 <memcmp+0x14>
1000879c:	429a      	cmp	r2, r3
1000879e:	d033      	beq.n	10008808 <memcmp+0x7c>
100087a0:	f813 0f01 	ldrb.w	r0, [r3, #1]!
100087a4:	f811 cf01 	ldrb.w	ip, [r1, #1]!
100087a8:	4560      	cmp	r0, ip
100087aa:	d0f7      	beq.n	1000879c <memcmp+0x10>
100087ac:	eba0 000c 	sub.w	r0, r0, ip
100087b0:	4770      	bx	lr
100087b2:	b510      	push	{r4, lr}
100087b4:	ea41 0400 	orr.w	r4, r1, r0
100087b8:	4684      	mov	ip, r0
100087ba:	460b      	mov	r3, r1
100087bc:	07a4      	lsls	r4, r4, #30
100087be:	d00f      	beq.n	100087e0 <memcmp+0x54>
100087c0:	3a01      	subs	r2, #1
100087c2:	1e43      	subs	r3, r0, #1
100087c4:	3901      	subs	r1, #1
100087c6:	4402      	add	r2, r0
100087c8:	e001      	b.n	100087ce <memcmp+0x42>
100087ca:	429a      	cmp	r2, r3
100087cc:	d01a      	beq.n	10008804 <memcmp+0x78>
100087ce:	f813 0f01 	ldrb.w	r0, [r3, #1]!
100087d2:	f811 cf01 	ldrb.w	ip, [r1, #1]!
100087d6:	4560      	cmp	r0, ip
100087d8:	d0f7      	beq.n	100087ca <memcmp+0x3e>
100087da:	eba0 000c 	sub.w	r0, r0, ip
100087de:	bd10      	pop	{r4, pc}
100087e0:	f8dc 4000 	ldr.w	r4, [ip]
100087e4:	4619      	mov	r1, r3
100087e6:	f8d3 e000 	ldr.w	lr, [r3]
100087ea:	4660      	mov	r0, ip
100087ec:	3304      	adds	r3, #4
100087ee:	f10c 0c04 	add.w	ip, ip, #4
100087f2:	4574      	cmp	r4, lr
100087f4:	d1e4      	bne.n	100087c0 <memcmp+0x34>
100087f6:	3a04      	subs	r2, #4
100087f8:	2a03      	cmp	r2, #3
100087fa:	d8f1      	bhi.n	100087e0 <memcmp+0x54>
100087fc:	4660      	mov	r0, ip
100087fe:	4619      	mov	r1, r3
10008800:	2a00      	cmp	r2, #0
10008802:	d1dd      	bne.n	100087c0 <memcmp+0x34>
10008804:	2000      	movs	r0, #0
10008806:	bd10      	pop	{r4, pc}
10008808:	2000      	movs	r0, #0
1000880a:	4770      	bx	lr

1000880c <memset>:
1000880c:	b530      	push	{r4, r5, lr}
1000880e:	0784      	lsls	r4, r0, #30
10008810:	4686      	mov	lr, r0
10008812:	4603      	mov	r3, r0
10008814:	d006      	beq.n	10008824 <memset+0x18>
10008816:	b3a2      	cbz	r2, 10008882 <memset+0x76>
10008818:	f803 1b01 	strb.w	r1, [r3], #1
1000881c:	0798      	lsls	r0, r3, #30
1000881e:	f102 32ff 	add.w	r2, r2, #4294967295	@ 0xffffffff
10008822:	d1f8      	bne.n	10008816 <memset+0xa>
10008824:	2a03      	cmp	r2, #3
10008826:	d926      	bls.n	10008876 <memset+0x6a>
10008828:	fa5f fc81 	uxtb.w	ip, r1
1000882c:	2a0f      	cmp	r2, #15
1000882e:	eb0c 2c0c 	add.w	ip, ip, ip, lsl #8
10008832:	eb0c 400c 	add.w	r0, ip, ip, lsl #16
10008836:	d92a      	bls.n	1000888e <memset+0x82>
10008838:	f022 0c0f 	bic.w	ip, r2, #15
1000883c:	449c      	add	ip, r3
1000883e:	e9c3 0000 	strd	r0, r0, [r3]
10008842:	e9c3 0002 	strd	r0, r0, [r3, #8]
10008846:	3310      	adds	r3, #16
10008848:	4563      	cmp	r3, ip
1000884a:	d1f8      	bne.n	1000883e <memset+0x32>
1000884c:	f012 0f0c 	tst.w	r2, #12
10008850:	f002 050f 	and.w	r5, r2, #15
10008854:	d017      	beq.n	10008886 <memset+0x7a>
10008856:	ea4f 0c95 	mov.w	ip, r5, lsr #2
1000885a:	461a      	mov	r2, r3
1000885c:	f10c 34ff 	add.w	r4, ip, #4294967295	@ 0xffffffff
10008860:	eb03 0c8c 	add.w	ip, r3, ip, lsl #2
10008864:	f842 0b04 	str.w	r0, [r2], #4
10008868:	4562      	cmp	r2, ip
1000886a:	d1fb      	bne.n	10008864 <memset+0x58>
1000886c:	3304      	adds	r3, #4
1000886e:	f005 0203 	and.w	r2, r5, #3
10008872:	eb03 0384 	add.w	r3, r3, r4, lsl #2
10008876:	b122      	cbz	r2, 10008882 <memset+0x76>
10008878:	441a      	add	r2, r3
1000887a:	f803 1b01 	strb.w	r1, [r3], #1
1000887e:	429a      	cmp	r2, r3
10008880:	d1fb      	bne.n	1000887a <memset+0x6e>
10008882:	4670      	mov	r0, lr
10008884:	bd30      	pop	{r4, r5, pc}
10008886:	462a      	mov	r2, r5
10008888:	2a00      	cmp	r2, #0
1000888a:	d1f5      	bne.n	10008878 <memset+0x6c>
1000888c:	e7f9      	b.n	10008882 <memset+0x76>
1000888e:	4615      	mov	r5, r2
10008890:	e7e1      	b.n	10008856 <memset+0x4a>
10008892:	bf00      	nop

10008894 <strcmp>:
10008894:	ea80 0c01 	eor.w	ip, r0, r1
10008898:	f01c 0f03 	tst.w	ip, #3
1000889c:	d137      	bne.n	1000890e <strcmp+0x7a>
1000889e:	f010 0c03 	ands.w	ip, r0, #3
100088a2:	f020 0003 	bic.w	r0, r0, #3
100088a6:	f021 0103 	bic.w	r1, r1, #3
100088aa:	f850 2b04 	ldr.w	r2, [r0], #4
100088ae:	bf08      	it	eq
100088b0:	f851 3b04 	ldreq.w	r3, [r1], #4
100088b4:	d00e      	beq.n	100088d4 <strcmp+0x40>
100088b6:	f08c 0c03 	eor.w	ip, ip, #3
100088ba:	f06f 437f 	mvn.w	r3, #4278190080	@ 0xff000000
100088be:	ea4f 0ccc 	mov.w	ip, ip, lsl #3
100088c2:	fa23 fc0c 	lsr.w	ip, r3, ip
100088c6:	f851 3b04 	ldr.w	r3, [r1], #4
100088ca:	ea42 020c 	orr.w	r2, r2, ip
100088ce:	ea43 030c 	orr.w	r3, r3, ip
100088d2:	bf00      	nop
100088d4:	f1a2 3c01 	sub.w	ip, r2, #16843009	@ 0x1010101
100088d8:	429a      	cmp	r2, r3
100088da:	bf01      	itttt	eq
100088dc:	ea2c 0c02 	biceq.w	ip, ip, r2
100088e0:	f01c 3f80 	tsteq.w	ip, #2155905152	@ 0x80808080
100088e4:	f850 2b04 	ldreq.w	r2, [r0], #4
100088e8:	f851 3b04 	ldreq.w	r3, [r1], #4
100088ec:	d0f2      	beq.n	100088d4 <strcmp+0x40>
100088ee:	ea4f 6002 	mov.w	r0, r2, lsl #24
100088f2:	ea4f 2212 	mov.w	r2, r2, lsr #8
100088f6:	2801      	cmp	r0, #1
100088f8:	bf28      	it	cs
100088fa:	ebb0 6f03 	cmpcs.w	r0, r3, lsl #24
100088fe:	bf08      	it	eq
10008900:	0a1b      	lsreq	r3, r3, #8
10008902:	d0f4      	beq.n	100088ee <strcmp+0x5a>
10008904:	f003 03ff 	and.w	r3, r3, #255	@ 0xff
10008908:	0e00      	lsrs	r0, r0, #24
1000890a:	1ac0      	subs	r0, r0, r3
1000890c:	4770      	bx	lr
1000890e:	f010 0f03 	tst.w	r0, #3
10008912:	d00a      	beq.n	1000892a <strcmp+0x96>
10008914:	f810 2b01 	ldrb.w	r2, [r0], #1
10008918:	f811 3b01 	ldrb.w	r3, [r1], #1
1000891c:	2a01      	cmp	r2, #1
1000891e:	bf28      	it	cs
10008920:	429a      	cmpcs	r2, r3
10008922:	d0f4      	beq.n	1000890e <strcmp+0x7a>
10008924:	eba2 0003 	sub.w	r0, r2, r3
10008928:	4770      	bx	lr
1000892a:	b420      	push	{r5}
1000892c:	f850 2b04 	ldr.w	r2, [r0], #4
10008930:	f001 0503 	and.w	r5, r1, #3
10008934:	f021 0103 	bic.w	r1, r1, #3
10008938:	f851 3b04 	ldr.w	r3, [r1], #4
1000893c:	2d02      	cmp	r5, #2
1000893e:	d027      	beq.n	10008990 <strcmp+0xfc>
10008940:	d84e      	bhi.n	100089e0 <strcmp+0x14c>
10008942:	bf00      	nop
10008944:	f022 457f 	bic.w	r5, r2, #4278190080	@ 0xff000000
10008948:	ebb5 2f13 	cmp.w	r5, r3, lsr #8
1000894c:	f1a2 3c01 	sub.w	ip, r2, #16843009	@ 0x1010101
10008950:	ea2c 0c02 	bic.w	ip, ip, r2
10008954:	d10d      	bne.n	10008972 <strcmp+0xde>
10008956:	f01c 3c80 	ands.w	ip, ip, #2155905152	@ 0x80808080
1000895a:	bf08      	it	eq
1000895c:	f851 3b04 	ldreq.w	r3, [r1], #4
10008960:	d10a      	bne.n	10008978 <strcmp+0xe4>
10008962:	ea85 0502 	eor.w	r5, r5, r2
10008966:	ebb5 6f03 	cmp.w	r5, r3, lsl #24
1000896a:	d10c      	bne.n	10008986 <strcmp+0xf2>
1000896c:	f850 2b04 	ldr.w	r2, [r0], #4
10008970:	e7e8      	b.n	10008944 <strcmp+0xb0>
10008972:	ea4f 2313 	mov.w	r3, r3, lsr #8
10008976:	e05b      	b.n	10008a30 <strcmp+0x19c>
10008978:	f03c 4c7f 	bics.w	ip, ip, #4278190080	@ 0xff000000
1000897c:	d154      	bne.n	10008a28 <strcmp+0x194>
1000897e:	780b      	ldrb	r3, [r1, #0]
10008980:	ea4f 6512 	mov.w	r5, r2, lsr #24
10008984:	e054      	b.n	10008a30 <strcmp+0x19c>
10008986:	ea4f 6512 	mov.w	r5, r2, lsr #24
1000898a:	f003 03ff 	and.w	r3, r3, #255	@ 0xff
1000898e:	e04f      	b.n	10008a30 <strcmp+0x19c>
10008990:	ea4f 4502 	mov.w	r5, r2, lsl #16
10008994:	f1a2 3c01 	sub.w	ip, r2, #16843009	@ 0x1010101
10008998:	ea4f 4515 	mov.w	r5, r5, lsr #16
1000899c:	ea2c 0c02 	bic.w	ip, ip, r2
100089a0:	ebb5 4f13 	cmp.w	r5, r3, lsr #16
100089a4:	d118      	bne.n	100089d8 <strcmp+0x144>
100089a6:	f01c 3c80 	ands.w	ip, ip, #2155905152	@ 0x80808080
100089aa:	bf08      	it	eq
100089ac:	f851 3b04 	ldreq.w	r3, [r1], #4
100089b0:	d107      	bne.n	100089c2 <strcmp+0x12e>
100089b2:	ea85 0502 	eor.w	r5, r5, r2
100089b6:	ebb5 4f03 	cmp.w	r5, r3, lsl #16
100089ba:	d109      	bne.n	100089d0 <strcmp+0x13c>
100089bc:	f850 2b04 	ldr.w	r2, [r0], #4
100089c0:	e7e6      	b.n	10008990 <strcmp+0xfc>
100089c2:	ea5f 4c0c 	movs.w	ip, ip, lsl #16
100089c6:	d12f      	bne.n	10008a28 <strcmp+0x194>
100089c8:	880b      	ldrh	r3, [r1, #0]
100089ca:	ea4f 4512 	mov.w	r5, r2, lsr #16
100089ce:	e02f      	b.n	10008a30 <strcmp+0x19c>
100089d0:	ea4f 4303 	mov.w	r3, r3, lsl #16
100089d4:	ea4f 4512 	mov.w	r5, r2, lsr #16
100089d8:	ea4f 4313 	mov.w	r3, r3, lsr #16
100089dc:	e028      	b.n	10008a30 <strcmp+0x19c>
100089de:	bf00      	nop
100089e0:	f002 05ff 	and.w	r5, r2, #255	@ 0xff
100089e4:	ebb5 6f13 	cmp.w	r5, r3, lsr #24
100089e8:	f1a2 3c01 	sub.w	ip, r2, #16843009	@ 0x1010101
100089ec:	ea2c 0c02 	bic.w	ip, ip, r2
100089f0:	d10d      	bne.n	10008a0e <strcmp+0x17a>
100089f2:	f01c 3c80 	ands.w	ip, ip, #2155905152	@ 0x80808080
100089f6:	bf08      	it	eq
100089f8:	f851 3b04 	ldreq.w	r3, [r1], #4
100089fc:	d10a      	bne.n	10008a14 <strcmp+0x180>
100089fe:	ea85 0502 	eor.w	r5, r5, r2
10008a02:	ebb5 2f03 	cmp.w	r5, r3, lsl #8
10008a06:	d10a      	bne.n	10008a1e <strcmp+0x18a>
10008a08:	f850 2b04 	ldr.w	r2, [r0], #4
10008a0c:	e7e8      	b.n	100089e0 <strcmp+0x14c>
10008a0e:	ea4f 6313 	mov.w	r3, r3, lsr #24
10008a12:	e00d      	b.n	10008a30 <strcmp+0x19c>
10008a14:	f012 0fff 	tst.w	r2, #255	@ 0xff
10008a18:	d006      	beq.n	10008a28 <strcmp+0x194>
10008a1a:	f851 3b04 	ldr.w	r3, [r1], #4
10008a1e:	ea4f 2512 	mov.w	r5, r2, lsr #8
10008a22:	f023 437f 	bic.w	r3, r3, #4278190080	@ 0xff000000
10008a26:	e003      	b.n	10008a30 <strcmp+0x19c>
10008a28:	f04f 0000 	mov.w	r0, #0
10008a2c:	bc20      	pop	{r5}
10008a2e:	4770      	bx	lr
10008a30:	f005 02ff 	and.w	r2, r5, #255	@ 0xff
10008a34:	f003 00ff 	and.w	r0, r3, #255	@ 0xff
10008a38:	2801      	cmp	r0, #1
10008a3a:	bf28      	it	cs
10008a3c:	4290      	cmpcs	r0, r2
10008a3e:	bf04      	itt	eq
10008a40:	0a2d      	lsreq	r5, r5, #8
10008a42:	0a1b      	lsreq	r3, r3, #8
10008a44:	d0f4      	beq.n	10008a30 <strcmp+0x19c>
10008a46:	eba2 0000 	sub.w	r0, r2, r0
10008a4a:	bc20      	pop	{r5}
10008a4c:	4770      	bx	lr
10008a4e:	bf00      	nop

10008a50 <memchr>:
10008a50:	0783      	lsls	r3, r0, #30
10008a52:	b2c9      	uxtb	r1, r1
10008a54:	d00f      	beq.n	10008a76 <memchr+0x26>
10008a56:	4603      	mov	r3, r0
10008a58:	e007      	b.n	10008a6a <memchr+0x1a>
10008a5a:	f893 c000 	ldrb.w	ip, [r3]
10008a5e:	3a01      	subs	r2, #1
10008a60:	3301      	adds	r3, #1
10008a62:	458c      	cmp	ip, r1
10008a64:	d005      	beq.n	10008a72 <memchr+0x22>
10008a66:	0798      	lsls	r0, r3, #30
10008a68:	d004      	beq.n	10008a74 <memchr+0x24>
10008a6a:	4618      	mov	r0, r3
10008a6c:	2a00      	cmp	r2, #0
10008a6e:	d1f4      	bne.n	10008a5a <memchr+0xa>
10008a70:	2000      	movs	r0, #0
10008a72:	4770      	bx	lr
10008a74:	4618      	mov	r0, r3
10008a76:	2a03      	cmp	r2, #3
10008a78:	d80d      	bhi.n	10008a96 <memchr+0x46>
10008a7a:	2a00      	cmp	r2, #0
10008a7c:	d0f8      	beq.n	10008a70 <memchr+0x20>
10008a7e:	4603      	mov	r3, r0
10008a80:	4402      	add	r2, r0
10008a82:	e001      	b.n	10008a88 <memchr+0x38>
10008a84:	429a      	cmp	r2, r3
10008a86:	d0f3      	beq.n	10008a70 <memchr+0x20>
10008a88:	f893 c000 	ldrb.w	ip, [r3]
10008a8c:	4618      	mov	r0, r3
10008a8e:	3301      	adds	r3, #1
10008a90:	458c      	cmp	ip, r1
10008a92:	d1f7      	bne.n	10008a84 <memchr+0x34>
10008a94:	4770      	bx	lr
10008a96:	eb01 2301 	add.w	r3, r1, r1, lsl #8
10008a9a:	b510      	push	{r4, lr}
10008a9c:	4686      	mov	lr, r0
10008a9e:	eb03 4403 	add.w	r4, r3, r3, lsl #16
10008aa2:	f8de 3000 	ldr.w	r3, [lr]
10008aa6:	4670      	mov	r0, lr
10008aa8:	f10e 0e04 	add.w	lr, lr, #4
10008aac:	4063      	eors	r3, r4
10008aae:	f1a3 3c01 	sub.w	ip, r3, #16843009	@ 0x1010101
10008ab2:	ea2c 0303 	bic.w	r3, ip, r3
10008ab6:	f013 3f80 	tst.w	r3, #2155905152	@ 0x80808080
10008aba:	d104      	bne.n	10008ac6 <memchr+0x76>
10008abc:	3a04      	subs	r2, #4
10008abe:	2a03      	cmp	r2, #3
10008ac0:	d8ef      	bhi.n	10008aa2 <memchr+0x52>
10008ac2:	4670      	mov	r0, lr
10008ac4:	b15a      	cbz	r2, 10008ade <memchr+0x8e>
10008ac6:	4603      	mov	r3, r0
10008ac8:	4402      	add	r2, r0
10008aca:	e001      	b.n	10008ad0 <memchr+0x80>
10008acc:	429a      	cmp	r2, r3
10008ace:	d006      	beq.n	10008ade <memchr+0x8e>
10008ad0:	f893 c000 	ldrb.w	ip, [r3]
10008ad4:	4618      	mov	r0, r3
10008ad6:	3301      	adds	r3, #1
10008ad8:	458c      	cmp	ip, r1
10008ada:	d1f7      	bne.n	10008acc <memchr+0x7c>
10008adc:	bd10      	pop	{r4, pc}
10008ade:	2000      	movs	r0, #0
10008ae0:	bd10      	pop	{r4, pc}
10008ae2:	bf00      	nop

10008ae4 <memcpy>:
10008ae4:	4684      	mov	ip, r0
10008ae6:	ea41 0300 	orr.w	r3, r1, r0
10008aea:	f013 0303 	ands.w	r3, r3, #3
10008aee:	d149      	bne.n	10008b84 <memcpy+0xa0>
10008af0:	3a40      	subs	r2, #64	@ 0x40
10008af2:	d323      	bcc.n	10008b3c <memcpy+0x58>
10008af4:	680b      	ldr	r3, [r1, #0]
10008af6:	6003      	str	r3, [r0, #0]
10008af8:	684b      	ldr	r3, [r1, #4]
10008afa:	6043      	str	r3, [r0, #4]
10008afc:	688b      	ldr	r3, [r1, #8]
10008afe:	6083      	str	r3, [r0, #8]
10008b00:	68cb      	ldr	r3, [r1, #12]
10008b02:	60c3      	str	r3, [r0, #12]
10008b04:	690b      	ldr	r3, [r1, #16]
10008b06:	6103      	str	r3, [r0, #16]
10008b08:	694b      	ldr	r3, [r1, #20]
10008b0a:	6143      	str	r3, [r0, #20]
10008b0c:	698b      	ldr	r3, [r1, #24]
10008b0e:	6183      	str	r3, [r0, #24]
10008b10:	69cb      	ldr	r3, [r1, #28]
10008b12:	61c3      	str	r3, [r0, #28]
10008b14:	6a0b      	ldr	r3, [r1, #32]
10008b16:	6203      	str	r3, [r0, #32]
10008b18:	6a4b      	ldr	r3, [r1, #36]	@ 0x24
10008b1a:	6243      	str	r3, [r0, #36]	@ 0x24
10008b1c:	6a8b      	ldr	r3, [r1, #40]	@ 0x28
10008b1e:	6283      	str	r3, [r0, #40]	@ 0x28
10008b20:	6acb      	ldr	r3, [r1, #44]	@ 0x2c
10008b22:	62c3      	str	r3, [r0, #44]	@ 0x2c
10008b24:	6b0b      	ldr	r3, [r1, #48]	@ 0x30
10008b26:	6303      	str	r3, [r0, #48]	@ 0x30
10008b28:	6b4b      	ldr	r3, [r1, #52]	@ 0x34
10008b2a:	6343      	str	r3, [r0, #52]	@ 0x34
10008b2c:	6b8b      	ldr	r3, [r1, #56]	@ 0x38
10008b2e:	6383      	str	r3, [r0, #56]	@ 0x38
10008b30:	6bcb      	ldr	r3, [r1, #60]	@ 0x3c
10008b32:	63c3      	str	r3, [r0, #60]	@ 0x3c
10008b34:	3040      	adds	r0, #64	@ 0x40
10008b36:	3140      	adds	r1, #64	@ 0x40
10008b38:	3a40      	subs	r2, #64	@ 0x40
10008b3a:	d2db      	bcs.n	10008af4 <memcpy+0x10>
10008b3c:	3230      	adds	r2, #48	@ 0x30
10008b3e:	d30b      	bcc.n	10008b58 <memcpy+0x74>
10008b40:	680b      	ldr	r3, [r1, #0]
10008b42:	6003      	str	r3, [r0, #0]
10008b44:	684b      	ldr	r3, [r1, #4]
10008b46:	6043      	str	r3, [r0, #4]
10008b48:	688b      	ldr	r3, [r1, #8]
10008b4a:	6083      	str	r3, [r0, #8]
10008b4c:	68cb      	ldr	r3, [r1, #12]
10008b4e:	60c3      	str	r3, [r0, #12]
10008b50:	3010      	adds	r0, #16
10008b52:	3110      	adds	r1, #16
10008b54:	3a10      	subs	r2, #16
10008b56:	d2f3      	bcs.n	10008b40 <memcpy+0x5c>
10008b58:	320c      	adds	r2, #12
10008b5a:	d305      	bcc.n	10008b68 <memcpy+0x84>
10008b5c:	f851 3b04 	ldr.w	r3, [r1], #4
10008b60:	f840 3b04 	str.w	r3, [r0], #4
10008b64:	3a04      	subs	r2, #4
10008b66:	d2f9      	bcs.n	10008b5c <memcpy+0x78>
10008b68:	3204      	adds	r2, #4
10008b6a:	d008      	beq.n	10008b7e <memcpy+0x9a>
10008b6c:	07d2      	lsls	r2, r2, #31
10008b6e:	bf1c      	itt	ne
10008b70:	f811 3b01 	ldrbne.w	r3, [r1], #1
10008b74:	f800 3b01 	strbne.w	r3, [r0], #1
10008b78:	d301      	bcc.n	10008b7e <memcpy+0x9a>
10008b7a:	880b      	ldrh	r3, [r1, #0]
10008b7c:	8003      	strh	r3, [r0, #0]
10008b7e:	4660      	mov	r0, ip
10008b80:	4770      	bx	lr
10008b82:	bf00      	nop
10008b84:	2a08      	cmp	r2, #8
10008b86:	d313      	bcc.n	10008bb0 <memcpy+0xcc>
10008b88:	078b      	lsls	r3, r1, #30
10008b8a:	d0b1      	beq.n	10008af0 <memcpy+0xc>
10008b8c:	f010 0303 	ands.w	r3, r0, #3
10008b90:	d0ae      	beq.n	10008af0 <memcpy+0xc>
10008b92:	f1c3 0304 	rsb	r3, r3, #4
10008b96:	1ad2      	subs	r2, r2, r3
10008b98:	07db      	lsls	r3, r3, #31
10008b9a:	bf1c      	itt	ne
10008b9c:	f811 3b01 	ldrbne.w	r3, [r1], #1
10008ba0:	f800 3b01 	strbne.w	r3, [r0], #1
10008ba4:	d3a4      	bcc.n	10008af0 <memcpy+0xc>
10008ba6:	f831 3b02 	ldrh.w	r3, [r1], #2
10008baa:	f820 3b02 	strh.w	r3, [r0], #2
10008bae:	e79f      	b.n	10008af0 <memcpy+0xc>
10008bb0:	3a04      	subs	r2, #4
10008bb2:	d3d9      	bcc.n	10008b68 <memcpy+0x84>
10008bb4:	3a01      	subs	r2, #1
10008bb6:	f811 3b01 	ldrb.w	r3, [r1], #1
10008bba:	f800 3b01 	strb.w	r3, [r0], #1
10008bbe:	d2f9      	bcs.n	10008bb4 <memcpy+0xd0>
10008bc0:	780b      	ldrb	r3, [r1, #0]
10008bc2:	7003      	strb	r3, [r0, #0]
10008bc4:	784b      	ldrb	r3, [r1, #1]
10008bc6:	7043      	strb	r3, [r0, #1]
10008bc8:	788b      	ldrb	r3, [r1, #2]
10008bca:	7083      	strb	r3, [r0, #2]
10008bcc:	4660      	mov	r0, ip
10008bce:	4770      	bx	lr

10008bd0 <strlen>:
10008bd0:	f020 0103 	bic.w	r1, r0, #3
10008bd4:	f010 0003 	ands.w	r0, r0, #3
10008bd8:	f1c0 0000 	rsb	r0, r0, #0
10008bdc:	f851 3b04 	ldr.w	r3, [r1], #4
10008be0:	f100 0c04 	add.w	ip, r0, #4
10008be4:	ea4f 0ccc 	mov.w	ip, ip, lsl #3
10008be8:	f06f 0200 	mvn.w	r2, #0
10008bec:	bf1c      	itt	ne
10008bee:	fa22 f20c 	lsrne.w	r2, r2, ip
10008bf2:	4313      	orrne	r3, r2
10008bf4:	f04f 0c01 	mov.w	ip, #1
10008bf8:	ea4c 2c0c 	orr.w	ip, ip, ip, lsl #8
10008bfc:	ea4c 4c0c 	orr.w	ip, ip, ip, lsl #16
10008c00:	eba3 020c 	sub.w	r2, r3, ip
10008c04:	ea22 0203 	bic.w	r2, r2, r3
10008c08:	ea12 12cc 	ands.w	r2, r2, ip, lsl #7
10008c0c:	bf04      	itt	eq
10008c0e:	f851 3b04 	ldreq.w	r3, [r1], #4
10008c12:	3004      	addeq	r0, #4
10008c14:	d0f4      	beq.n	10008c00 <strlen+0x30>
10008c16:	f1c2 0100 	rsb	r1, r2, #0
10008c1a:	ea02 0201 	and.w	r2, r2, r1
10008c1e:	fab2 f282 	clz	r2, r2
10008c22:	f1c2 021f 	rsb	r2, r2, #31
10008c26:	eb00 00d2 	add.w	r0, r0, r2, lsr #3
10008c2a:	4770      	bx	lr
10008c2c:	0000      	movs	r0, r0
	...

10008c30 <__mutex_try_enter_veneer>:
10008c30:	f85f f000 	ldr.w	pc, [pc]	@ 10008c34 <__mutex_try_enter_veneer+0x4>
10008c34:	20000111 	.word	0x20000111

10008c38 <__e15_is_critical_frame_period_veneer>:
10008c38:	f85f f000 	ldr.w	pc, [pc]	@ 10008c3c <__e15_is_critical_frame_period_veneer+0x4>
10008c3c:	20000685 	.word	0x20000685

10008c40 <____aeabi_f2d_veneer>:
10008c40:	f85f f000 	ldr.w	pc, [pc]	@ 10008c44 <____aeabi_f2d_veneer+0x4>
10008c44:	20000c65 	.word	0x20000c65

10008c48 <____aeabi_uldivmod_veneer>:
10008c48:	f85f f000 	ldr.w	pc, [pc]	@ 10008c4c <____aeabi_uldivmod_veneer+0x4>
10008c4c:	20000d15 	.word	0x20000d15

10008c50 <__mutex_enter_timeout_ms_veneer>:
10008c50:	f85f f000 	ldr.w	pc, [pc]	@ 10008c54 <__mutex_enter_timeout_ms_veneer+0x4>
10008c54:	20000261 	.word	0x20000261

10008c58 <__mutex_try_enter_block_until_veneer>:
10008c58:	f85f f000 	ldr.w	pc, [pc]	@ 10008c5c <__mutex_try_enter_block_until_veneer+0x4>
10008c5c:	200001f9 	.word	0x200001f9

10008c60 <__reset_non_control_endpoints_veneer>:
10008c60:	f85f f000 	ldr.w	pc, [pc]	@ 10008c64 <__reset_non_control_endpoints_veneer+0x4>
10008c64:	200002e1 	.word	0x200002e1

10008c68 <___hw_endpoint_buffer_control_update32_veneer>:
10008c68:	f85f f000 	ldr.w	pc, [pc]	@ 10008c6c <___hw_endpoint_buffer_control_update32_veneer+0x4>
10008c6c:	200006b9 	.word	0x200006b9

10008c70 <__e15_is_bulkin_ep_veneer>:
10008c70:	f85f f000 	ldr.w	pc, [pc]	@ 10008c74 <__e15_is_bulkin_ep_veneer+0x4>
10008c74:	2000065d 	.word	0x2000065d

10008c78 <__hw_endpoint_start_next_buffer_veneer>:
10008c78:	f85f f000 	ldr.w	pc, [pc]	@ 10008c7c <__hw_endpoint_start_next_buffer_veneer+0x4>
10008c7c:	20000701 	.word	0x20000701

10008c80 <__mutex_exit_veneer>:
10008c80:	f85f f000 	ldr.w	pc, [pc]	@ 10008c84 <__mutex_exit_veneer+0x4>
10008c84:	20000299 	.word	0x20000299

10008c88 <__pre_init_runtime_init_bootrom_reset>:
10008c88:	10003651                                Q6..

10008c8c <__pre_init_runtime_init_early_resets>:
10008c8c:	100035c9                                .5..

10008c90 <__pre_init_runtime_init_usb_power_down>:
10008c90:	100035f9                                .5..

10008c94 <__pre_init_runtime_init_clocks>:
10008c94:	100036c9                                .6..

10008c98 <__pre_init_runtime_init_post_clock_resets>:
10008c98:	10003631                                16..

10008c9c <__pre_init_runtime_init_boot_locks_reset>:
10008c9c:	10003531                                15..

10008ca0 <__pre_init_runtime_init_spin_locks_reset>:
10008ca0:	10003679                                y6..

10008ca4 <__pre_init_runtime_init_bootrom_locking_enable>:
10008ca4:	1000351d                                .5..

10008ca8 <__pre_init_runtime_init_mutex>:
10008ca8:	10002929                                ))..

10008cac <__pre_init_runtime_init_install_ram_vector_table>:
10008cac:	1000367d                                }6..

10008cb0 <__pre_init_runtime_init_default_alarm_pool>:
10008cb0:	10002ce5                                .,..

10008cb4 <__pre_init_first_per_core_initializer>:
10008cb4:	10003579                                y5..

10008cb8 <__pre_init_runtime_init_per_core_bootrom_reset>:
10008cb8:	10003665                                e6..

10008cbc <__pre_init_runtime_init_per_core_enable_coprocessors>:
10008cbc:	10003615                                .6..

10008cc0 <__pre_init_spinlock_set_extexclall>:
10008cc0:	10002551                                Q%..

10008cc4 <__pre_init_runtime_init_per_core_irq_priorities>:
10008cc4:	10002579                                y%..

10008cc8 <__pre_init_runtime_init_per_core_tls_setup>:
10008cc8:	10007fc1                                ....

10008ccc <__init_array_start>:
10008ccc:	10006271 	.word	0x10006271

Disassembly of section .data:

20000110 <mutex_try_enter>:
20000110:	4603      	mov	r3, r0
20000112:	b500      	push	{lr}
20000114:	6802      	ldr	r2, [r0, #0]
20000116:	f3ef 8c10 	mrs	ip, PRIMASK
2000011a:	b672      	cpsid	i
2000011c:	e8d2 efcf 	ldaexb	lr, [r2]
20000120:	2001      	movs	r0, #1
20000122:	f1be 0f00 	cmp.w	lr, #0
20000126:	d1f9      	bne.n	2000011c <mutex_try_enter+0xc>
20000128:	e8c2 0f4e 	strexb	lr, r0, [r2]
2000012c:	f1be 0f00 	cmp.w	lr, #0
20000130:	d1f4      	bne.n	2000011c <mutex_try_enter+0xc>
20000132:	f3bf 8f5f 	dmb	sy
20000136:	f993 2004 	ldrsb.w	r2, [r3, #4]
2000013a:	2a00      	cmp	r2, #0
2000013c:	db09      	blt.n	20000152 <mutex_try_enter+0x42>
2000013e:	b101      	cbz	r1, 20000142 <mutex_try_enter+0x32>
20000140:	600a      	str	r2, [r1, #0]
20000142:	2000      	movs	r0, #0
20000144:	2200      	movs	r2, #0
20000146:	681b      	ldr	r3, [r3, #0]
20000148:	e8c3 2f8f 	stlb	r2, [r3]
2000014c:	f38c 8810 	msr	PRIMASK, ip
20000150:	bd00      	pop	{pc}
20000152:	f04f 4250 	mov.w	r2, #3489660928	@ 0xd0000000
20000156:	6812      	ldr	r2, [r2, #0]
20000158:	2001      	movs	r0, #1
2000015a:	711a      	strb	r2, [r3, #4]
2000015c:	e7f2      	b.n	20000144 <mutex_try_enter+0x34>
2000015e:	bf00      	nop

20000160 <mutex_enter_block_until>:
20000160:	f04f 4150 	mov.w	r1, #3489660928	@ 0xd0000000
20000164:	e92d 47f0 	stmdb	sp!, {r4, r5, r6, r7, r8, r9, sl, lr}
20000168:	4699      	mov	r9, r3
2000016a:	680b      	ldr	r3, [r1, #0]
2000016c:	4604      	mov	r4, r0
2000016e:	4617      	mov	r7, r2
20000170:	f04f 0800 	mov.w	r8, #0
20000174:	469a      	mov	sl, r3
20000176:	4d1e      	ldr	r5, [pc, #120]	@ (200001f0 <mutex_enter_block_until+0x90>)
20000178:	4e1e      	ldr	r6, [pc, #120]	@ (200001f4 <mutex_enter_block_until+0x94>)
2000017a:	6820      	ldr	r0, [r4, #0]
2000017c:	f3ef 8c10 	mrs	ip, PRIMASK
20000180:	b672      	cpsid	i
20000182:	e8d0 2fcf 	ldaexb	r2, [r0]
20000186:	2301      	movs	r3, #1
20000188:	2a00      	cmp	r2, #0
2000018a:	d1fa      	bne.n	20000182 <mutex_enter_block_until+0x22>
2000018c:	e8c0 3f42 	strexb	r2, r3, [r0]
20000190:	2a00      	cmp	r2, #0
20000192:	d1f6      	bne.n	20000182 <mutex_enter_block_until+0x22>
20000194:	f3bf 8f5f 	dmb	sy
20000198:	f994 2004 	ldrsb.w	r2, [r4, #4]
2000019c:	6823      	ldr	r3, [r4, #0]
2000019e:	2a00      	cmp	r2, #0
200001a0:	db1b      	blt.n	200001da <mutex_enter_block_until+0x7a>
200001a2:	7828      	ldrb	r0, [r5, #0]
200001a4:	b2c0      	uxtb	r0, r0
200001a6:	e8c3 8f8f 	stlb	r8, [r3]
200001aa:	bf20      	wfe
200001ac:	f38c 8810 	msr	PRIMASK, ip
200001b0:	782b      	ldrb	r3, [r5, #0]
200001b2:	4283      	cmp	r3, r0
200001b4:	d00a      	beq.n	200001cc <mutex_enter_block_until+0x6c>
200001b6:	6a73      	ldr	r3, [r6, #36]	@ 0x24
200001b8:	4599      	cmp	r9, r3
200001ba:	d8de      	bhi.n	2000017a <mutex_enter_block_until+0x1a>
200001bc:	6ab2      	ldr	r2, [r6, #40]	@ 0x28
200001be:	42ba      	cmp	r2, r7
200001c0:	d201      	bcs.n	200001c6 <mutex_enter_block_until+0x66>
200001c2:	4599      	cmp	r9, r3
200001c4:	d0d9      	beq.n	2000017a <mutex_enter_block_until+0x1a>
200001c6:	2000      	movs	r0, #0
200001c8:	e8bd 87f0 	ldmia.w	sp!, {r4, r5, r6, r7, r8, r9, sl, pc}
200001cc:	4638      	mov	r0, r7
200001ce:	4649      	mov	r1, r9
200001d0:	f000 ff6e 	bl	200010b0 <__best_effort_wfe_or_timeout_veneer>
200001d4:	2800      	cmp	r0, #0
200001d6:	d0d0      	beq.n	2000017a <mutex_enter_block_until+0x1a>
200001d8:	e7f5      	b.n	200001c6 <mutex_enter_block_until+0x66>
200001da:	2200      	movs	r2, #0
200001dc:	f884 a004 	strb.w	sl, [r4, #4]
200001e0:	e8c3 2f8f 	stlb	r2, [r3]
200001e4:	f38c 8810 	msr	PRIMASK, ip
200001e8:	2001      	movs	r0, #1
200001ea:	e8bd 87f0 	ldmia.w	sp!, {r4, r5, r6, r7, r8, r9, sl, pc}
200001ee:	bf00      	nop
200001f0:	20014854 	.word	0x20014854
200001f4:	400b0000 	.word	0x400b0000

200001f8 <mutex_try_enter_block_until>:
200001f8:	b510      	push	{r4, lr}
200001fa:	6801      	ldr	r1, [r0, #0]
200001fc:	f3ef 8e10 	mrs	lr, PRIMASK
20000200:	b672      	cpsid	i
20000202:	e8d1 cfcf 	ldaexb	ip, [r1]
20000206:	2401      	movs	r4, #1
20000208:	f1bc 0f00 	cmp.w	ip, #0
2000020c:	d1f9      	bne.n	20000202 <mutex_try_enter_block_until+0xa>
2000020e:	e8c1 4f4c 	strexb	ip, r4, [r1]
20000212:	f1bc 0f00 	cmp.w	ip, #0
20000216:	d1f4      	bne.n	20000202 <mutex_try_enter_block_until+0xa>
20000218:	f3bf 8f5f 	dmb	sy
2000021c:	f990 c004 	ldrsb.w	ip, [r0, #4]
20000220:	6804      	ldr	r4, [r0, #0]
20000222:	f1bc 0f00 	cmp.w	ip, #0
20000226:	db10      	blt.n	2000024a <mutex_try_enter_block_until+0x52>
20000228:	2100      	movs	r1, #0
2000022a:	e8c4 1f8f 	stlb	r1, [r4]
2000022e:	f38e 8810 	msr	PRIMASK, lr
20000232:	f04f 4450 	mov.w	r4, #3489660928	@ 0xd0000000
20000236:	f994 4000 	ldrsb.w	r4, [r4]
2000023a:	4564      	cmp	r4, ip
2000023c:	d101      	bne.n	20000242 <mutex_try_enter_block_until+0x4a>
2000023e:	4608      	mov	r0, r1
20000240:	bd10      	pop	{r4, pc}
20000242:	e8bd 4010 	ldmia.w	sp!, {r4, lr}
20000246:	f7ff bf8b 	b.w	20000160 <mutex_enter_block_until>
2000024a:	f04f 4250 	mov.w	r2, #3489660928	@ 0xd0000000
2000024e:	6812      	ldr	r2, [r2, #0]
20000250:	2300      	movs	r3, #0
20000252:	7102      	strb	r2, [r0, #4]
20000254:	e8c4 3f8f 	stlb	r3, [r4]
20000258:	f38e 8810 	msr	PRIMASK, lr
2000025c:	2001      	movs	r0, #1
2000025e:	bd10      	pop	{r4, pc}

20000260 <mutex_enter_timeout_ms>:
20000260:	b570      	push	{r4, r5, r6, lr}
20000262:	4605      	mov	r5, r0
20000264:	460c      	mov	r4, r1
20000266:	f000 ff0f 	bl	20001088 <__time_us_64_veneer>
2000026a:	4602      	mov	r2, r0
2000026c:	460b      	mov	r3, r1
2000026e:	f44f 707a 	mov.w	r0, #1000	@ 0x3e8
20000272:	f04f 3eff 	mov.w	lr, #4294967295	@ 0xffffffff
20000276:	f06f 4c00 	mvn.w	ip, #2147483648	@ 0x80000000
2000027a:	fbe4 2300 	umlal	r2, r3, r4, r0
2000027e:	4596      	cmp	lr, r2
20000280:	eb7c 0103 	sbcs.w	r1, ip, r3
20000284:	bf38      	it	cc
20000286:	4672      	movcc	r2, lr
20000288:	4628      	mov	r0, r5
2000028a:	e8bd 4070 	ldmia.w	sp!, {r4, r5, r6, lr}
2000028e:	bf38      	it	cc
20000290:	4663      	movcc	r3, ip
20000292:	f7ff bf65 	b.w	20000160 <mutex_enter_block_until>
20000296:	bf00      	nop

20000298 <mutex_exit>:
20000298:	6803      	ldr	r3, [r0, #0]
2000029a:	f3ef 8110 	mrs	r1, PRIMASK
2000029e:	b672      	cpsid	i
200002a0:	e8d3 cfcf 	ldaexb	ip, [r3]
200002a4:	2201      	movs	r2, #1
200002a6:	f1bc 0f00 	cmp.w	ip, #0
200002aa:	d1f9      	bne.n	200002a0 <mutex_exit+0x8>
200002ac:	e8c3 2f4c 	strexb	ip, r2, [r3]
200002b0:	f1bc 0f00 	cmp.w	ip, #0
200002b4:	d1f4      	bne.n	200002a0 <mutex_exit+0x8>
200002b6:	f3bf 8f5f 	dmb	sy
200002ba:	f04f 0cff 	mov.w	ip, #255	@ 0xff
200002be:	4a07      	ldr	r2, [pc, #28]	@ (200002dc <mutex_exit+0x44>)
200002c0:	f880 c004 	strb.w	ip, [r0, #4]
200002c4:	7813      	ldrb	r3, [r2, #0]
200002c6:	3301      	adds	r3, #1
200002c8:	7013      	strb	r3, [r2, #0]
200002ca:	2300      	movs	r3, #0
200002cc:	6802      	ldr	r2, [r0, #0]
200002ce:	e8c2 3f8f 	stlb	r3, [r2]
200002d2:	f381 8810 	msr	PRIMASK, r1
200002d6:	bf40      	sev
200002d8:	4770      	bx	lr
200002da:	bf00      	nop
200002dc:	20014854 	.word	0x20014854

200002e0 <reset_non_control_endpoints>:
200002e0:	2200      	movs	r2, #0
200002e2:	4611      	mov	r1, r2
200002e4:	b508      	push	{r3, lr}
200002e6:	00d3      	lsls	r3, r2, #3
200002e8:	f103 43a0 	add.w	r3, r3, #1342177280	@ 0x50000000
200002ec:	3201      	adds	r2, #1
200002ee:	f503 1380 	add.w	r3, r3, #1048576	@ 0x100000
200002f2:	2a0f      	cmp	r2, #15
200002f4:	6099      	str	r1, [r3, #8]
200002f6:	60d9      	str	r1, [r3, #12]
200002f8:	d1f5      	bne.n	200002e6 <reset_non_control_endpoints+0x6>
200002fa:	f44f 7270 	mov.w	r2, #960	@ 0x3c0
200002fe:	2100      	movs	r1, #0
20000300:	4803      	ldr	r0, [pc, #12]	@ (20000310 <reset_non_control_endpoints+0x30>)
20000302:	f000 fecd 	bl	200010a0 <__memset_veneer>
20000306:	4b03      	ldr	r3, [pc, #12]	@ (20000314 <reset_non_control_endpoints+0x34>)
20000308:	4a03      	ldr	r2, [pc, #12]	@ (20000318 <reset_non_control_endpoints+0x38>)
2000030a:	601a      	str	r2, [r3, #0]
2000030c:	bd08      	pop	{r3, pc}
2000030e:	bf00      	nop
20000310:	20012e08 	.word	0x20012e08
20000314:	200139f8 	.word	0x200139f8
20000318:	50100180 	.word	0x50100180

2000031c <hw_handle_buff_status>:
2000031c:	e92d 47f0 	stmdb	sp!, {r4, r5, r6, r7, r8, r9, sl, lr}
20000320:	4b1e      	ldr	r3, [pc, #120]	@ (2000039c <hw_handle_buff_status+0x80>)
20000322:	b084      	sub	sp, #16
20000324:	f8d3 a058 	ldr.w	sl, [r3, #88]	@ 0x58
20000328:	f1ba 0f00 	cmp.w	sl, #0
2000032c:	d021      	beq.n	20000372 <hw_handle_buff_status+0x56>
2000032e:	2400      	movs	r4, #0
20000330:	2501      	movs	r5, #1
20000332:	f44f 69e0 	mov.w	r9, #1792	@ 0x700
20000336:	f8df 806c 	ldr.w	r8, [pc, #108]	@ 200003a4 <hw_handle_buff_status+0x88>
2000033a:	4f19      	ldr	r7, [pc, #100]	@ (200003a0 <hw_handle_buff_status+0x84>)
2000033c:	e005      	b.n	2000034a <hw_handle_buff_status+0x2e>
2000033e:	3401      	adds	r4, #1
20000340:	b2e4      	uxtb	r4, r4
20000342:	2c20      	cmp	r4, #32
20000344:	ea4f 0545 	mov.w	r5, r5, lsl #1
20000348:	d013      	beq.n	20000372 <hw_handle_buff_status+0x56>
2000034a:	ea1a 0f05 	tst.w	sl, r5
2000034e:	d0f6      	beq.n	2000033e <hw_handle_buff_status+0x22>
20000350:	43e3      	mvns	r3, r4
20000352:	f004 06fe 	and.w	r6, r4, #254	@ 0xfe
20000356:	f003 0301 	and.w	r3, r3, #1
2000035a:	441e      	add	r6, r3
2000035c:	eb07 1646 	add.w	r6, r7, r6, lsl #5
20000360:	4630      	mov	r0, r6
20000362:	f8c8 5058 	str.w	r5, [r8, #88]	@ 0x58
20000366:	f000 f9fd 	bl	20000764 <hw_endpoint_xfer_continue>
2000036a:	b928      	cbnz	r0, 20000378 <hw_handle_buff_status+0x5c>
2000036c:	ea3a 0a05 	bics.w	sl, sl, r5
20000370:	d1e5      	bne.n	2000033e <hw_handle_buff_status+0x22>
20000372:	b004      	add	sp, #16
20000374:	e8bd 87f0 	ldmia.w	sp!, {r4, r5, r6, r7, r8, r9, sl, pc}
20000378:	78b3      	ldrb	r3, [r6, #2]
2000037a:	8af2      	ldrh	r2, [r6, #22]
2000037c:	f88d 3008 	strb.w	r3, [sp, #8]
20000380:	2300      	movs	r3, #0
20000382:	a801      	add	r0, sp, #4
20000384:	2101      	movs	r1, #1
20000386:	f8ad 9004 	strh.w	r9, [sp, #4]
2000038a:	9203      	str	r2, [sp, #12]
2000038c:	f88d 3009 	strb.w	r3, [sp, #9]
20000390:	f000 fa06 	bl	200007a0 <dcd_event_handler>
20000394:	4630      	mov	r0, r6
20000396:	f000 f989 	bl	200006ac <hw_endpoint_reset_transfer>
2000039a:	e7e7      	b.n	2000036c <hw_handle_buff_status+0x50>
2000039c:	50110000 	.word	0x50110000
200003a0:	20012dc8 	.word	0x20012dc8
200003a4:	50113000 	.word	0x50113000

200003a8 <dcd_rp2040_irq>:
200003a8:	b570      	push	{r4, r5, r6, lr}
200003aa:	4b61      	ldr	r3, [pc, #388]	@ (20000530 <dcd_rp2040_irq+0x188>)
200003ac:	b086      	sub	sp, #24
200003ae:	f8d3 4098 	ldr.w	r4, [r3, #152]	@ 0x98
200003b2:	f414 3500 	ands.w	r5, r4, #131072	@ 0x20000
200003b6:	d030      	beq.n	2000041a <dcd_rp2040_irq+0x72>
200003b8:	4a5e      	ldr	r2, [pc, #376]	@ (20000534 <dcd_rp2040_irq+0x18c>)
200003ba:	4b5f      	ldr	r3, [pc, #380]	@ (20000538 <dcd_rp2040_irq+0x190>)
200003bc:	6a92      	ldr	r2, [r2, #40]	@ 0x28
200003be:	485f      	ldr	r0, [pc, #380]	@ (2000053c <dcd_rp2040_irq+0x194>)
200003c0:	2100      	movs	r1, #0
200003c2:	601a      	str	r2, [r3, #0]
200003c4:	f500 6680 	add.w	r6, r0, #1024	@ 0x400
200003c8:	e002      	b.n	200003d0 <dcd_rp2040_irq+0x28>
200003ca:	3040      	adds	r0, #64	@ 0x40
200003cc:	42b0      	cmp	r0, r6
200003ce:	d00c      	beq.n	200003ea <dcd_rp2040_irq+0x42>
200003d0:	7ec3      	ldrb	r3, [r0, #27]
200003d2:	2b02      	cmp	r3, #2
200003d4:	d1f9      	bne.n	200003ca <dcd_rp2040_irq+0x22>
200003d6:	7e85      	ldrb	r5, [r0, #26]
200003d8:	2d00      	cmp	r5, #0
200003da:	d0f6      	beq.n	200003ca <dcd_rp2040_irq+0x22>
200003dc:	7f03      	ldrb	r3, [r0, #28]
200003de:	2b00      	cmp	r3, #0
200003e0:	d160      	bne.n	200004a4 <dcd_rp2040_irq+0xfc>
200003e2:	4629      	mov	r1, r5
200003e4:	3040      	adds	r0, #64	@ 0x40
200003e6:	42b0      	cmp	r0, r6
200003e8:	d1f2      	bne.n	200003d0 <dcd_rp2040_irq+0x28>
200003ea:	b939      	cbnz	r1, 200003fc <dcd_rp2040_irq+0x54>
200003ec:	4b54      	ldr	r3, [pc, #336]	@ (20000540 <dcd_rp2040_irq+0x198>)
200003ee:	781b      	ldrb	r3, [r3, #0]
200003f0:	b923      	cbnz	r3, 200003fc <dcd_rp2040_irq+0x54>
200003f2:	f44f 3200 	mov.w	r2, #131072	@ 0x20000
200003f6:	4b53      	ldr	r3, [pc, #332]	@ (20000544 <dcd_rp2040_irq+0x19c>)
200003f8:	f8c3 2090 	str.w	r2, [r3, #144]	@ 0x90
200003fc:	f44f 7240 	mov.w	r2, #768	@ 0x300
20000400:	4b4b      	ldr	r3, [pc, #300]	@ (20000530 <dcd_rp2040_irq+0x188>)
20000402:	2101      	movs	r1, #1
20000404:	6c9b      	ldr	r3, [r3, #72]	@ 0x48
20000406:	a803      	add	r0, sp, #12
20000408:	f3c3 030a 	ubfx	r3, r3, #0, #11
2000040c:	9304      	str	r3, [sp, #16]
2000040e:	f8ad 200c 	strh.w	r2, [sp, #12]
20000412:	f44f 3500 	mov.w	r5, #131072	@ 0x20000
20000416:	f000 f9c3 	bl	200007a0 <dcd_event_handler>
2000041a:	06e6      	lsls	r6, r4, #27
2000041c:	d47d      	bmi.n	2000051a <dcd_rp2040_irq+0x172>
2000041e:	03e0      	lsls	r0, r4, #15
20000420:	d51d      	bpl.n	2000045e <dcd_rp2040_irq+0xb6>
20000422:	4849      	ldr	r0, [pc, #292]	@ (20000548 <dcd_rp2040_irq+0x1a0>)
20000424:	2602      	movs	r6, #2
20000426:	7e83      	ldrb	r3, [r0, #26]
20000428:	f445 3580 	orr.w	r5, r5, #65536	@ 0x10000
2000042c:	bb2b      	cbnz	r3, 2000047a <dcd_rp2040_irq+0xd2>
2000042e:	f04f 0301 	mov.w	r3, #1
20000432:	2e01      	cmp	r6, #1
20000434:	70c3      	strb	r3, [r0, #3]
20000436:	f100 0020 	add.w	r0, r0, #32
2000043a:	d11a      	bne.n	20000472 <dcd_rp2040_irq+0xca>
2000043c:	f44f 62c0 	mov.w	r2, #1536	@ 0x600
20000440:	4b42      	ldr	r3, [pc, #264]	@ (2000054c <dcd_rp2040_irq+0x1a4>)
20000442:	f8ad 200c 	strh.w	r2, [sp, #12]
20000446:	e893 0003 	ldmia.w	r3, {r0, r1}
2000044a:	e9cd 0104 	strd	r0, r1, [sp, #16]
2000044e:	4631      	mov	r1, r6
20000450:	a803      	add	r0, sp, #12
20000452:	f000 f9a5 	bl	200007a0 <dcd_event_handler>
20000456:	f44f 3200 	mov.w	r2, #131072	@ 0x20000
2000045a:	4b3a      	ldr	r3, [pc, #232]	@ (20000544 <dcd_rp2040_irq+0x19c>)
2000045c:	651a      	str	r2, [r3, #80]	@ 0x50
2000045e:	04e1      	lsls	r1, r4, #19
20000460:	d445      	bmi.n	200004ee <dcd_rp2040_irq+0x146>
20000462:	0462      	lsls	r2, r4, #17
20000464:	d435      	bmi.n	200004d2 <dcd_rp2040_irq+0x12a>
20000466:	0423      	lsls	r3, r4, #16
20000468:	d424      	bmi.n	200004b4 <dcd_rp2040_irq+0x10c>
2000046a:	42a5      	cmp	r5, r4
2000046c:	d15a      	bne.n	20000524 <dcd_rp2040_irq+0x17c>
2000046e:	b006      	add	sp, #24
20000470:	bd70      	pop	{r4, r5, r6, pc}
20000472:	7e83      	ldrb	r3, [r0, #26]
20000474:	2601      	movs	r6, #1
20000476:	2b00      	cmp	r3, #0
20000478:	d0d9      	beq.n	2000042e <dcd_rp2040_irq+0x86>
2000047a:	4b35      	ldr	r3, [pc, #212]	@ (20000550 <dcd_rp2040_irq+0x1a8>)
2000047c:	4a2c      	ldr	r2, [pc, #176]	@ (20000530 <dcd_rp2040_irq+0x188>)
2000047e:	661e      	str	r6, [r3, #96]	@ 0x60
20000480:	6e53      	ldr	r3, [r2, #100]	@ 0x64
20000482:	ea36 0303 	bics.w	r3, r6, r3
20000486:	d1fb      	bne.n	20000480 <dcd_rp2040_irq+0xd8>
20000488:	f44f 5240 	mov.w	r2, #12288	@ 0x3000
2000048c:	2100      	movs	r1, #0
2000048e:	9001      	str	r0, [sp, #4]
20000490:	f000 f912 	bl	200006b8 <_hw_endpoint_buffer_control_update32>
20000494:	9801      	ldr	r0, [sp, #4]
20000496:	f000 f909 	bl	200006ac <hw_endpoint_reset_transfer>
2000049a:	4b2a      	ldr	r3, [pc, #168]	@ (20000544 <dcd_rp2040_irq+0x19c>)
2000049c:	9801      	ldr	r0, [sp, #4]
2000049e:	665e      	str	r6, [r3, #100]	@ 0x64
200004a0:	661e      	str	r6, [r3, #96]	@ 0x60
200004a2:	e7c4      	b.n	2000042e <dcd_rp2040_irq+0x86>
200004a4:	2300      	movs	r3, #0
200004a6:	7703      	strb	r3, [r0, #28]
200004a8:	9001      	str	r0, [sp, #4]
200004aa:	f000 f929 	bl	20000700 <hw_endpoint_start_next_buffer>
200004ae:	4629      	mov	r1, r5
200004b0:	9801      	ldr	r0, [sp, #4]
200004b2:	e797      	b.n	200003e4 <dcd_rp2040_irq+0x3c>
200004b4:	f44f 63a0 	mov.w	r3, #1280	@ 0x500
200004b8:	2101      	movs	r1, #1
200004ba:	a803      	add	r0, sp, #12
200004bc:	f8ad 300c 	strh.w	r3, [sp, #12]
200004c0:	f000 f96e 	bl	200007a0 <dcd_event_handler>
200004c4:	f44f 6200 	mov.w	r2, #2048	@ 0x800
200004c8:	4b1e      	ldr	r3, [pc, #120]	@ (20000544 <dcd_rp2040_irq+0x19c>)
200004ca:	f445 4500 	orr.w	r5, r5, #32768	@ 0x8000
200004ce:	651a      	str	r2, [r3, #80]	@ 0x50
200004d0:	e7cb      	b.n	2000046a <dcd_rp2040_irq+0xc2>
200004d2:	f44f 6380 	mov.w	r3, #1024	@ 0x400
200004d6:	2101      	movs	r1, #1
200004d8:	a803      	add	r0, sp, #12
200004da:	f8ad 300c 	strh.w	r3, [sp, #12]
200004de:	f000 f95f 	bl	200007a0 <dcd_event_handler>
200004e2:	2210      	movs	r2, #16
200004e4:	4b17      	ldr	r3, [pc, #92]	@ (20000544 <dcd_rp2040_irq+0x19c>)
200004e6:	f445 4580 	orr.w	r5, r5, #16384	@ 0x4000
200004ea:	651a      	str	r2, [r3, #80]	@ 0x50
200004ec:	e7bb      	b.n	20000466 <dcd_rp2040_irq+0xbe>
200004ee:	2600      	movs	r6, #0
200004f0:	4b0f      	ldr	r3, [pc, #60]	@ (20000530 <dcd_rp2040_irq+0x188>)
200004f2:	f445 5580 	orr.w	r5, r5, #4096	@ 0x1000
200004f6:	601e      	str	r6, [r3, #0]
200004f8:	f7ff fef2 	bl	200002e0 <reset_non_control_endpoints>
200004fc:	f44f 7380 	mov.w	r3, #256	@ 0x100
20000500:	2101      	movs	r1, #1
20000502:	a803      	add	r0, sp, #12
20000504:	f8ad 300c 	strh.w	r3, [sp, #12]
20000508:	f88d 6010 	strb.w	r6, [sp, #16]
2000050c:	f000 f948 	bl	200007a0 <dcd_event_handler>
20000510:	f44f 2200 	mov.w	r2, #524288	@ 0x80000
20000514:	4b0b      	ldr	r3, [pc, #44]	@ (20000544 <dcd_rp2040_irq+0x19c>)
20000516:	651a      	str	r2, [r3, #80]	@ 0x50
20000518:	e7a3      	b.n	20000462 <dcd_rp2040_irq+0xba>
2000051a:	f045 0510 	orr.w	r5, r5, #16
2000051e:	f7ff fefd 	bl	2000031c <hw_handle_buff_status>
20000522:	e77c      	b.n	2000041e <dcd_rp2040_irq+0x76>
20000524:	480b      	ldr	r0, [pc, #44]	@ (20000554 <dcd_rp2040_irq+0x1ac>)
20000526:	ea85 0104 	eor.w	r1, r5, r4
2000052a:	f000 fdb1 	bl	20001090 <__panic_veneer>
2000052e:	bf00      	nop
20000530:	50110000 	.word	0x50110000
20000534:	400b0000 	.word	0x400b0000
20000538:	20012dc0 	.word	0x20012dc0
2000053c:	20012de8 	.word	0x20012de8
20000540:	2001484f 	.word	0x2001484f
20000544:	50113000 	.word	0x50113000
20000548:	20012dc8 	.word	0x20012dc8
2000054c:	50100000 	.word	0x50100000
20000550:	50112000 	.word	0x50112000
20000554:	10008fa0 	.word	0x10008fa0

20000558 <prepare_ep_buffer>:
20000558:	b530      	push	{r4, r5, lr}
2000055a:	8a82      	ldrh	r2, [r0, #20]
2000055c:	460c      	mov	r4, r1
2000055e:	8b01      	ldrh	r1, [r0, #24]
20000560:	78c3      	ldrb	r3, [r0, #3]
20000562:	4291      	cmp	r1, r2
20000564:	bf28      	it	cs
20000566:	4611      	movcs	r1, r2
20000568:	f1b3 0e00 	subs.w	lr, r3, #0
2000056c:	bf18      	it	ne
2000056e:	f04f 0e01 	movne.w	lr, #1
20000572:	1a52      	subs	r2, r2, r1
20000574:	7845      	ldrb	r5, [r0, #1]
20000576:	f083 0301 	eor.w	r3, r3, #1
2000057a:	b292      	uxth	r2, r2
2000057c:	4684      	mov	ip, r0
2000057e:	70c3      	strb	r3, [r0, #3]
20000580:	8282      	strh	r2, [r0, #20]
20000582:	f441 6080 	orr.w	r0, r1, #1024	@ 0x400
20000586:	ea40 304e 	orr.w	r0, r0, lr, lsl #13
2000058a:	b9bd      	cbnz	r5, 200005bc <prepare_ep_buffer+0x64>
2000058c:	f8dc 3010 	ldr.w	r3, [ip, #16]
20000590:	b179      	cbz	r1, 200005b2 <prepare_ep_buffer+0x5a>
20000592:	f8dc 200c 	ldr.w	r2, [ip, #12]
20000596:	185d      	adds	r5, r3, r1
20000598:	eb02 1284 	add.w	r2, r2, r4, lsl #6
2000059c:	3a01      	subs	r2, #1
2000059e:	f813 eb01 	ldrb.w	lr, [r3], #1
200005a2:	42ab      	cmp	r3, r5
200005a4:	f802 ef01 	strb.w	lr, [r2, #1]!
200005a8:	d1f9      	bne.n	2000059e <prepare_ep_buffer+0x46>
200005aa:	f8dc 3010 	ldr.w	r3, [ip, #16]
200005ae:	f8bc 2014 	ldrh.w	r2, [ip, #20]
200005b2:	440b      	add	r3, r1
200005b4:	f8cc 3010 	str.w	r3, [ip, #16]
200005b8:	f440 4000 	orr.w	r0, r0, #32768	@ 0x8000
200005bc:	b90a      	cbnz	r2, 200005c2 <prepare_ep_buffer+0x6a>
200005be:	f440 4080 	orr.w	r0, r0, #16384	@ 0x4000
200005c2:	b104      	cbz	r4, 200005c6 <prepare_ep_buffer+0x6e>
200005c4:	0400      	lsls	r0, r0, #16
200005c6:	bd30      	pop	{r4, r5, pc}

200005c8 <sync_ep_buffer>:
200005c8:	6883      	ldr	r3, [r0, #8]
200005ca:	b500      	push	{lr}
200005cc:	4686      	mov	lr, r0
200005ce:	6818      	ldr	r0, [r3, #0]
200005d0:	b101      	cbz	r1, 200005d4 <sync_ep_buffer+0xc>
200005d2:	0c00      	lsrs	r0, r0, #16
200005d4:	f89e 2001 	ldrb.w	r2, [lr, #1]
200005d8:	f3c0 0009 	ubfx	r0, r0, #0, #10
200005dc:	b962      	cbnz	r2, 200005f8 <sync_ep_buffer+0x30>
200005de:	f8be 3016 	ldrh.w	r3, [lr, #22]
200005e2:	4403      	add	r3, r0
200005e4:	f8ae 3016 	strh.w	r3, [lr, #22]
200005e8:	f8be 3018 	ldrh.w	r3, [lr, #24]
200005ec:	4283      	cmp	r3, r0
200005ee:	bf84      	itt	hi
200005f0:	2300      	movhi	r3, #0
200005f2:	f8ae 3014 	strhhi.w	r3, [lr, #20]
200005f6:	bd00      	pop	{pc}
200005f8:	f8de 2010 	ldr.w	r2, [lr, #16]
200005fc:	b170      	cbz	r0, 2000061c <sync_ep_buffer+0x54>
200005fe:	f8de 300c 	ldr.w	r3, [lr, #12]
20000602:	3a01      	subs	r2, #1
20000604:	eb03 1181 	add.w	r1, r3, r1, lsl #6
20000608:	eb01 0c00 	add.w	ip, r1, r0
2000060c:	f811 3b01 	ldrb.w	r3, [r1], #1
20000610:	4561      	cmp	r1, ip
20000612:	f802 3f01 	strb.w	r3, [r2, #1]!
20000616:	d1f9      	bne.n	2000060c <sync_ep_buffer+0x44>
20000618:	f8de 2010 	ldr.w	r2, [lr, #16]
2000061c:	f8be 3016 	ldrh.w	r3, [lr, #22]
20000620:	4402      	add	r2, r0
20000622:	4403      	add	r3, r0
20000624:	f8ae 3016 	strh.w	r3, [lr, #22]
20000628:	f8ce 2010 	str.w	r2, [lr, #16]
2000062c:	e7dc      	b.n	200005e8 <sync_ep_buffer+0x20>
2000062e:	bf00      	nop

20000630 <_hw_endpoint_xfer_sync>:
20000630:	b510      	push	{r4, lr}
20000632:	4604      	mov	r4, r0
20000634:	6883      	ldr	r3, [r0, #8]
20000636:	2100      	movs	r1, #0
20000638:	681b      	ldr	r3, [r3, #0]
2000063a:	f7ff ffc5 	bl	200005c8 <sync_ep_buffer>
2000063e:	6863      	ldr	r3, [r4, #4]
20000640:	681b      	ldr	r3, [r3, #0]
20000642:	005b      	lsls	r3, r3, #1
20000644:	d502      	bpl.n	2000064c <_hw_endpoint_xfer_sync+0x1c>
20000646:	8b23      	ldrh	r3, [r4, #24]
20000648:	4283      	cmp	r3, r0
2000064a:	d000      	beq.n	2000064e <_hw_endpoint_xfer_sync+0x1e>
2000064c:	bd10      	pop	{r4, pc}
2000064e:	4620      	mov	r0, r4
20000650:	e8bd 4010 	ldmia.w	sp!, {r4, lr}
20000654:	2101      	movs	r1, #1
20000656:	f7ff bfb7 	b.w	200005c8 <sync_ep_buffer>
2000065a:	bf00      	nop

2000065c <e15_is_bulkin_ep>:
2000065c:	4b08      	ldr	r3, [pc, #32]	@ (20000680 <e15_is_bulkin_ep+0x24>)
2000065e:	6c1b      	ldr	r3, [r3, #64]	@ 0x40
20000660:	f013 0302 	ands.w	r3, r3, #2
20000664:	d102      	bne.n	2000066c <e15_is_bulkin_ep+0x10>
20000666:	7882      	ldrb	r2, [r0, #2]
20000668:	09d2      	lsrs	r2, r2, #7
2000066a:	d101      	bne.n	20000670 <e15_is_bulkin_ep+0x14>
2000066c:	2000      	movs	r0, #0
2000066e:	4770      	bx	lr
20000670:	7ec0      	ldrb	r0, [r0, #27]
20000672:	f1a0 0002 	sub.w	r0, r0, #2
20000676:	fab0 f080 	clz	r0, r0
2000067a:	0940      	lsrs	r0, r0, #5
2000067c:	4770      	bx	lr
2000067e:	bf00      	nop
20000680:	50110000 	.word	0x50110000

20000684 <e15_is_critical_frame_period>:
20000684:	b508      	push	{r3, lr}
20000686:	f7ff ffe9 	bl	2000065c <e15_is_bulkin_ep>
2000068a:	b150      	cbz	r0, 200006a2 <e15_is_critical_frame_period+0x1e>
2000068c:	4a05      	ldr	r2, [pc, #20]	@ (200006a4 <e15_is_critical_frame_period+0x20>)
2000068e:	4b06      	ldr	r3, [pc, #24]	@ (200006a8 <e15_is_critical_frame_period+0x24>)
20000690:	6a90      	ldr	r0, [r2, #40]	@ 0x28
20000692:	681b      	ldr	r3, [r3, #0]
20000694:	f5a0 7048 	sub.w	r0, r0, #800	@ 0x320
20000698:	1ac0      	subs	r0, r0, r3
2000069a:	28c6      	cmp	r0, #198	@ 0xc6
2000069c:	bf8c      	ite	hi
2000069e:	2000      	movhi	r0, #0
200006a0:	2001      	movls	r0, #1
200006a2:	bd08      	pop	{r3, pc}
200006a4:	400b0000 	.word	0x400b0000
200006a8:	20012dc0 	.word	0x20012dc0

200006ac <hw_endpoint_reset_transfer>:
200006ac:	2300      	movs	r3, #0
200006ae:	e9c0 3304 	strd	r3, r3, [r0, #16]
200006b2:	7683      	strb	r3, [r0, #26]
200006b4:	4770      	bx	lr
200006b6:	bf00      	nop

200006b8 <_hw_endpoint_buffer_control_update32>:
200006b8:	b508      	push	{r3, lr}
200006ba:	6883      	ldr	r3, [r0, #8]
200006bc:	b119      	cbz	r1, 200006c6 <_hw_endpoint_buffer_control_update32+0xe>
200006be:	f8d3 c000 	ldr.w	ip, [r3]
200006c2:	ea01 010c 	and.w	r1, r1, ip
200006c6:	b18a      	cbz	r2, 200006ec <_hw_endpoint_buffer_control_update32+0x34>
200006c8:	4311      	orrs	r1, r2
200006ca:	0552      	lsls	r2, r2, #21
200006cc:	d50e      	bpl.n	200006ec <_hw_endpoint_buffer_control_update32+0x34>
200006ce:	681a      	ldr	r2, [r3, #0]
200006d0:	0552      	lsls	r2, r2, #21
200006d2:	d40d      	bmi.n	200006f0 <_hw_endpoint_buffer_control_update32+0x38>
200006d4:	4a08      	ldr	r2, [pc, #32]	@ (200006f8 <_hw_endpoint_buffer_control_update32+0x40>)
200006d6:	f421 6c80 	bic.w	ip, r1, #1024	@ 0x400
200006da:	f8c3 c000 	str.w	ip, [r3]
200006de:	6c12      	ldr	r2, [r2, #64]	@ 0x40
200006e0:	0792      	lsls	r2, r2, #30
200006e2:	d403      	bmi.n	200006ec <_hw_endpoint_buffer_control_update32+0x34>
200006e4:	230c      	movs	r3, #12
200006e6:	3b03      	subs	r3, #3
200006e8:	d2fd      	bcs.n	200006e6 <_hw_endpoint_buffer_control_update32+0x2e>
200006ea:	6883      	ldr	r3, [r0, #8]
200006ec:	6019      	str	r1, [r3, #0]
200006ee:	bd08      	pop	{r3, pc}
200006f0:	7881      	ldrb	r1, [r0, #2]
200006f2:	4802      	ldr	r0, [pc, #8]	@ (200006fc <_hw_endpoint_buffer_control_update32+0x44>)
200006f4:	f000 fccc 	bl	20001090 <__panic_veneer>
200006f8:	50110000 	.word	0x50110000
200006fc:	10008fb4 	.word	0x10008fb4

20000700 <hw_endpoint_start_next_buffer>:
20000700:	b530      	push	{r4, r5, lr}
20000702:	6843      	ldr	r3, [r0, #4]
20000704:	2100      	movs	r1, #0
20000706:	b083      	sub	sp, #12
20000708:	4605      	mov	r5, r0
2000070a:	681c      	ldr	r4, [r3, #0]
2000070c:	f7ff ff24 	bl	20000558 <prepare_ep_buffer>
20000710:	4b13      	ldr	r3, [pc, #76]	@ (20000760 <hw_endpoint_start_next_buffer+0x60>)
20000712:	f440 5280 	orr.w	r2, r0, #4096	@ 0x1000
20000716:	6c19      	ldr	r1, [r3, #64]	@ 0x40
20000718:	78ab      	ldrb	r3, [r5, #2]
2000071a:	0789      	lsls	r1, r1, #30
2000071c:	d50e      	bpl.n	2000073c <hw_endpoint_start_next_buffer+0x3c>
2000071e:	065b      	lsls	r3, r3, #25
20000720:	d00e      	beq.n	20000740 <hw_endpoint_start_next_buffer+0x40>
20000722:	f024 44a0 	bic.w	r4, r4, #1342177280	@ 0x50000000
20000726:	f044 5400 	orr.w	r4, r4, #536870912	@ 0x20000000
2000072a:	2100      	movs	r1, #0
2000072c:	4628      	mov	r0, r5
2000072e:	686b      	ldr	r3, [r5, #4]
20000730:	601c      	str	r4, [r3, #0]
20000732:	b003      	add	sp, #12
20000734:	e8bd 4030 	ldmia.w	sp!, {r4, r5, lr}
20000738:	f7ff bfbe 	b.w	200006b8 <_hw_endpoint_buffer_control_update32>
2000073c:	09db      	lsrs	r3, r3, #7
2000073e:	d0f0      	beq.n	20000722 <hw_endpoint_start_next_buffer+0x22>
20000740:	8aab      	ldrh	r3, [r5, #20]
20000742:	2b00      	cmp	r3, #0
20000744:	d0ed      	beq.n	20000722 <hw_endpoint_start_next_buffer+0x22>
20000746:	2101      	movs	r1, #1
20000748:	4628      	mov	r0, r5
2000074a:	9201      	str	r2, [sp, #4]
2000074c:	f7ff ff04 	bl	20000558 <prepare_ep_buffer>
20000750:	9a01      	ldr	r2, [sp, #4]
20000752:	f024 5400 	bic.w	r4, r4, #536870912	@ 0x20000000
20000756:	4302      	orrs	r2, r0
20000758:	f044 44a0 	orr.w	r4, r4, #1342177280	@ 0x50000000
2000075c:	e7e5      	b.n	2000072a <hw_endpoint_start_next_buffer+0x2a>
2000075e:	bf00      	nop
20000760:	50110000 	.word	0x50110000

20000764 <hw_endpoint_xfer_continue>:
20000764:	b538      	push	{r3, r4, r5, lr}
20000766:	7e85      	ldrb	r5, [r0, #26]
20000768:	4604      	mov	r4, r0
2000076a:	b195      	cbz	r5, 20000792 <hw_endpoint_xfer_continue+0x2e>
2000076c:	f7ff ff60 	bl	20000630 <_hw_endpoint_xfer_sync>
20000770:	8aa3      	ldrh	r3, [r4, #20]
20000772:	b90b      	cbnz	r3, 20000778 <hw_endpoint_xfer_continue+0x14>
20000774:	4628      	mov	r0, r5
20000776:	bd38      	pop	{r3, r4, r5, pc}
20000778:	4620      	mov	r0, r4
2000077a:	f7ff ff83 	bl	20000684 <e15_is_critical_frame_period>
2000077e:	b120      	cbz	r0, 2000078a <hw_endpoint_xfer_continue+0x26>
20000780:	2301      	movs	r3, #1
20000782:	7723      	strb	r3, [r4, #28]
20000784:	2500      	movs	r5, #0
20000786:	4628      	mov	r0, r5
20000788:	bd38      	pop	{r3, r4, r5, pc}
2000078a:	4620      	mov	r0, r4
2000078c:	f7ff ffb8 	bl	20000700 <hw_endpoint_start_next_buffer>
20000790:	e7f8      	b.n	20000784 <hw_endpoint_xfer_continue+0x20>
20000792:	7881      	ldrb	r1, [r0, #2]
20000794:	4801      	ldr	r0, [pc, #4]	@ (2000079c <hw_endpoint_xfer_continue+0x38>)
20000796:	f000 fc7b 	bl	20001090 <__panic_veneer>
2000079a:	bf00      	nop
2000079c:	10008fd4 	.word	0x10008fd4

200007a0 <dcd_event_handler>:
200007a0:	b5f0      	push	{r4, r5, r6, r7, lr}
200007a2:	7843      	ldrb	r3, [r0, #1]
200007a4:	4604      	mov	r4, r0
200007a6:	3b02      	subs	r3, #2
200007a8:	460f      	mov	r7, r1
200007aa:	b087      	sub	sp, #28
200007ac:	2b04      	cmp	r3, #4
200007ae:	d813      	bhi.n	200007d8 <dcd_event_handler+0x38>
200007b0:	e8df f003 	tbb	[pc, r3]
200007b4:	6a614503 	.word	0x6a614503
200007b8:	40          	.byte	0x40
200007b9:	00          	.byte	0x00
200007ba:	2100      	movs	r1, #0
200007bc:	4b71      	ldr	r3, [pc, #452]	@ (20000984 <dcd_event_handler+0x1e4>)
200007be:	781a      	ldrb	r2, [r3, #0]
200007c0:	f022 0201 	bic.w	r2, r2, #1
200007c4:	701a      	strb	r2, [r3, #0]
200007c6:	781a      	ldrb	r2, [r3, #0]
200007c8:	f022 0202 	bic.w	r2, r2, #2
200007cc:	701a      	strb	r2, [r3, #0]
200007ce:	7059      	strb	r1, [r3, #1]
200007d0:	781a      	ldrb	r2, [r3, #0]
200007d2:	f361 0282 	bfi	r2, r1, #2, #1
200007d6:	701a      	strb	r2, [r3, #0]
200007d8:	4b6b      	ldr	r3, [pc, #428]	@ (20000988 <dcd_event_handler+0x1e8>)
200007da:	681d      	ldr	r5, [r3, #0]
200007dc:	696b      	ldr	r3, [r5, #20]
200007de:	f3ef 8210 	mrs	r2, PRIMASK
200007e2:	b672      	cpsid	i
200007e4:	e8d3 0fcf 	ldaexb	r0, [r3]
200007e8:	2101      	movs	r1, #1
200007ea:	2800      	cmp	r0, #0
200007ec:	d1fa      	bne.n	200007e4 <dcd_event_handler+0x44>
200007ee:	e8c3 1f40 	strexb	r0, r1, [r3]
200007f2:	2800      	cmp	r0, #0
200007f4:	d1f6      	bne.n	200007e4 <dcd_event_handler+0x44>
200007f6:	f3bf 8f5f 	dmb	sy
200007fa:	61aa      	str	r2, [r5, #24]
200007fc:	4621      	mov	r1, r4
200007fe:	4628      	mov	r0, r5
20000800:	f000 fc4a 	bl	20001098 <__tu_fifo_write_veneer>
20000804:	2300      	movs	r3, #0
20000806:	696a      	ldr	r2, [r5, #20]
20000808:	e8c2 3f8f 	stlb	r3, [r2]
2000080c:	69ab      	ldr	r3, [r5, #24]
2000080e:	f383 8810 	msr	PRIMASK, r3
20000812:	b940      	cbnz	r0, 20000826 <dcd_event_handler+0x86>
20000814:	f04f 23e0 	mov.w	r3, #3758153728	@ 0xe000e000
20000818:	f8d3 3df0 	ldr.w	r3, [r3, #3568]	@ 0xdf0
2000081c:	07db      	lsls	r3, r3, #31
2000081e:	d507      	bpl.n	20000830 <dcd_event_handler+0x90>
20000820:	be00      	bkpt	0x0000
20000822:	b007      	add	sp, #28
20000824:	bdf0      	pop	{r4, r5, r6, r7, pc}
20000826:	463a      	mov	r2, r7
20000828:	7861      	ldrb	r1, [r4, #1]
2000082a:	7820      	ldrb	r0, [r4, #0]
2000082c:	f000 fc3c 	bl	200010a8 <__tud_event_hook_cb_veneer>
20000830:	b007      	add	sp, #28
20000832:	bdf0      	pop	{r4, r5, r6, r7, pc}
20000834:	4a55      	ldr	r2, [pc, #340]	@ (2000098c <dcd_event_handler+0x1ec>)
20000836:	7813      	ldrb	r3, [r2, #0]
20000838:	3301      	adds	r3, #1
2000083a:	7013      	strb	r3, [r2, #0]
2000083c:	e7cc      	b.n	200007d8 <dcd_event_handler+0x38>
2000083e:	2500      	movs	r5, #0
20000840:	4b53      	ldr	r3, [pc, #332]	@ (20000990 <dcd_event_handler+0x1f0>)
20000842:	781a      	ldrb	r2, [r3, #0]
20000844:	462b      	mov	r3, r5
20000846:	e00f      	b.n	20000868 <dcd_event_handler+0xc8>
20000848:	4a52      	ldr	r2, [pc, #328]	@ (20000994 <dcd_event_handler+0x1f4>)
2000084a:	6812      	ldr	r2, [r2, #0]
2000084c:	eb12 1343 	adds.w	r3, r2, r3, lsl #5
20000850:	d004      	beq.n	2000085c <dcd_event_handler+0xbc>
20000852:	69db      	ldr	r3, [r3, #28]
20000854:	b113      	cbz	r3, 2000085c <dcd_event_handler+0xbc>
20000856:	6861      	ldr	r1, [r4, #4]
20000858:	7820      	ldrb	r0, [r4, #0]
2000085a:	4798      	blx	r3
2000085c:	4b4c      	ldr	r3, [pc, #304]	@ (20000990 <dcd_event_handler+0x1f0>)
2000085e:	3501      	adds	r5, #1
20000860:	781a      	ldrb	r2, [r3, #0]
20000862:	b2eb      	uxtb	r3, r5
20000864:	429a      	cmp	r2, r3
20000866:	d318      	bcc.n	2000089a <dcd_event_handler+0xfa>
20000868:	429a      	cmp	r2, r3
2000086a:	d8ed      	bhi.n	20000848 <dcd_event_handler+0xa8>
2000086c:	1a9b      	subs	r3, r3, r2
2000086e:	4a4a      	ldr	r2, [pc, #296]	@ (20000998 <dcd_event_handler+0x1f8>)
20000870:	eb02 1343 	add.w	r3, r2, r3, lsl #5
20000874:	e7ed      	b.n	20000852 <dcd_event_handler+0xb2>
20000876:	4b43      	ldr	r3, [pc, #268]	@ (20000984 <dcd_event_handler+0x1e4>)
20000878:	781a      	ldrb	r2, [r3, #0]
2000087a:	07d6      	lsls	r6, r2, #31
2000087c:	d5d8      	bpl.n	20000830 <dcd_event_handler+0x90>
2000087e:	781a      	ldrb	r2, [r3, #0]
20000880:	f042 0204 	orr.w	r2, r2, #4
20000884:	701a      	strb	r2, [r3, #0]
20000886:	e7a7      	b.n	200007d8 <dcd_event_handler+0x38>
20000888:	4b3e      	ldr	r3, [pc, #248]	@ (20000984 <dcd_event_handler+0x1e4>)
2000088a:	781a      	ldrb	r2, [r3, #0]
2000088c:	07d5      	lsls	r5, r2, #31
2000088e:	d5cf      	bpl.n	20000830 <dcd_event_handler+0x90>
20000890:	781a      	ldrb	r2, [r3, #0]
20000892:	f022 0204 	bic.w	r2, r2, #4
20000896:	701a      	strb	r2, [r3, #0]
20000898:	e79e      	b.n	200007d8 <dcd_event_handler+0x38>
2000089a:	4d3a      	ldr	r5, [pc, #232]	@ (20000984 <dcd_event_handler+0x1e4>)
2000089c:	782b      	ldrb	r3, [r5, #0]
2000089e:	0758      	lsls	r0, r3, #29
200008a0:	d431      	bmi.n	20000906 <dcd_event_handler+0x166>
200008a2:	78eb      	ldrb	r3, [r5, #3]
200008a4:	07da      	lsls	r2, r3, #31
200008a6:	d5c3      	bpl.n	20000830 <dcd_event_handler+0x90>
200008a8:	2303      	movs	r3, #3
200008aa:	4a37      	ldr	r2, [pc, #220]	@ (20000988 <dcd_event_handler+0x1e8>)
200008ac:	7821      	ldrb	r1, [r4, #0]
200008ae:	6815      	ldr	r5, [r2, #0]
200008b0:	6862      	ldr	r2, [r4, #4]
200008b2:	f88d 100c 	strb.w	r1, [sp, #12]
200008b6:	f88d 300d 	strb.w	r3, [sp, #13]
200008ba:	696b      	ldr	r3, [r5, #20]
200008bc:	9204      	str	r2, [sp, #16]
200008be:	f3ef 8210 	mrs	r2, PRIMASK
200008c2:	b672      	cpsid	i
200008c4:	e8d3 0fcf 	ldaexb	r0, [r3]
200008c8:	2101      	movs	r1, #1
200008ca:	2800      	cmp	r0, #0
200008cc:	d1fa      	bne.n	200008c4 <dcd_event_handler+0x124>
200008ce:	e8c3 1f40 	strexb	r0, r1, [r3]
200008d2:	2800      	cmp	r0, #0
200008d4:	d1f6      	bne.n	200008c4 <dcd_event_handler+0x124>
200008d6:	f3bf 8f5f 	dmb	sy
200008da:	61aa      	str	r2, [r5, #24]
200008dc:	4628      	mov	r0, r5
200008de:	a903      	add	r1, sp, #12
200008e0:	f000 fbda 	bl	20001098 <__tu_fifo_write_veneer>
200008e4:	2300      	movs	r3, #0
200008e6:	696a      	ldr	r2, [r5, #20]
200008e8:	e8c2 3f8f 	stlb	r3, [r2]
200008ec:	69ab      	ldr	r3, [r5, #24]
200008ee:	f383 8810 	msr	PRIMASK, r3
200008f2:	2800      	cmp	r0, #0
200008f4:	d08e      	beq.n	20000814 <dcd_event_handler+0x74>
200008f6:	463a      	mov	r2, r7
200008f8:	f89d 100d 	ldrb.w	r1, [sp, #13]
200008fc:	f89d 000c 	ldrb.w	r0, [sp, #12]
20000900:	f000 fbd2 	bl	200010a8 <__tud_event_hook_cb_veneer>
20000904:	e794      	b.n	20000830 <dcd_event_handler+0x90>
20000906:	2600      	movs	r6, #0
20000908:	2105      	movs	r1, #5
2000090a:	782a      	ldrb	r2, [r5, #0]
2000090c:	e9cd 6604 	strd	r6, r6, [sp, #16]
20000910:	f022 0204 	bic.w	r2, r2, #4
20000914:	9603      	str	r6, [sp, #12]
20000916:	702a      	strb	r2, [r5, #0]
20000918:	f88d 100d 	strb.w	r1, [sp, #13]
2000091c:	4b1a      	ldr	r3, [pc, #104]	@ (20000988 <dcd_event_handler+0x1e8>)
2000091e:	7822      	ldrb	r2, [r4, #0]
20000920:	681b      	ldr	r3, [r3, #0]
20000922:	f88d 200c 	strb.w	r2, [sp, #12]
20000926:	695a      	ldr	r2, [r3, #20]
20000928:	f3ef 8110 	mrs	r1, PRIMASK
2000092c:	b672      	cpsid	i
2000092e:	e8d2 cfcf 	ldaexb	ip, [r2]
20000932:	2001      	movs	r0, #1
20000934:	f1bc 0f00 	cmp.w	ip, #0
20000938:	d1f9      	bne.n	2000092e <dcd_event_handler+0x18e>
2000093a:	e8c2 0f4c 	strexb	ip, r0, [r2]
2000093e:	f1bc 0f00 	cmp.w	ip, #0
20000942:	d1f4      	bne.n	2000092e <dcd_event_handler+0x18e>
20000944:	f3bf 8f5f 	dmb	sy
20000948:	6199      	str	r1, [r3, #24]
2000094a:	4618      	mov	r0, r3
2000094c:	a903      	add	r1, sp, #12
2000094e:	9301      	str	r3, [sp, #4]
20000950:	f000 fba2 	bl	20001098 <__tu_fifo_write_veneer>
20000954:	9b01      	ldr	r3, [sp, #4]
20000956:	695a      	ldr	r2, [r3, #20]
20000958:	e8c2 6f8f 	stlb	r6, [r2]
2000095c:	699b      	ldr	r3, [r3, #24]
2000095e:	f383 8810 	msr	PRIMASK, r3
20000962:	b938      	cbnz	r0, 20000974 <dcd_event_handler+0x1d4>
20000964:	f04f 23e0 	mov.w	r3, #3758153728	@ 0xe000e000
20000968:	f8d3 3df0 	ldr.w	r3, [r3, #3568]	@ 0xdf0
2000096c:	07d9      	lsls	r1, r3, #31
2000096e:	d598      	bpl.n	200008a2 <dcd_event_handler+0x102>
20000970:	be00      	bkpt	0x0000
20000972:	e796      	b.n	200008a2 <dcd_event_handler+0x102>
20000974:	463a      	mov	r2, r7
20000976:	f89d 100d 	ldrb.w	r1, [sp, #13]
2000097a:	f89d 000c 	ldrb.w	r0, [sp, #12]
2000097e:	f000 fb93 	bl	200010a8 <__tud_event_hook_cb_veneer>
20000982:	e78e      	b.n	200008a2 <dcd_event_handler+0x102>
20000984:	20011200 	.word	0x20011200
20000988:	20011258 	.word	0x20011258
2000098c:	20014850 	.word	0x20014850
20000990:	2001484e 	.word	0x2001484e
20000994:	200110f8 	.word	0x200110f8
20000998:	1000970c 	.word	0x1000970c

2000099c <__aeabi_drsub>:
2000099c:	f081 4100 	eor.w	r1, r1, #2147483648	@ 0x80000000
200009a0:	e002      	b.n	200009a8 <__adddf3>
200009a2:	bf00      	nop

200009a4 <__aeabi_dsub>:
200009a4:	f083 4300 	eor.w	r3, r3, #2147483648	@ 0x80000000

200009a8 <__adddf3>:
200009a8:	b530      	push	{r4, r5, lr}
200009aa:	ea4f 0441 	mov.w	r4, r1, lsl #1
200009ae:	ea4f 0543 	mov.w	r5, r3, lsl #1
200009b2:	ea94 0f05 	teq	r4, r5
200009b6:	bf08      	it	eq
200009b8:	ea90 0f02 	teqeq	r0, r2
200009bc:	bf1f      	itttt	ne
200009be:	ea54 0c00 	orrsne.w	ip, r4, r0
200009c2:	ea55 0c02 	orrsne.w	ip, r5, r2
200009c6:	ea7f 5c64 	mvnsne.w	ip, r4, asr #21
200009ca:	ea7f 5c65 	mvnsne.w	ip, r5, asr #21
200009ce:	f000 80e2 	beq.w	20000b96 <__adddf3+0x1ee>
200009d2:	ea4f 5454 	mov.w	r4, r4, lsr #21
200009d6:	ebd4 5555 	rsbs	r5, r4, r5, lsr #21
200009da:	bfb8      	it	lt
200009dc:	426d      	neglt	r5, r5
200009de:	dd0c      	ble.n	200009fa <__adddf3+0x52>
200009e0:	442c      	add	r4, r5
200009e2:	ea80 0202 	eor.w	r2, r0, r2
200009e6:	ea81 0303 	eor.w	r3, r1, r3
200009ea:	ea82 0000 	eor.w	r0, r2, r0
200009ee:	ea83 0101 	eor.w	r1, r3, r1
200009f2:	ea80 0202 	eor.w	r2, r0, r2
200009f6:	ea81 0303 	eor.w	r3, r1, r3
200009fa:	2d36      	cmp	r5, #54	@ 0x36
200009fc:	bf88      	it	hi
200009fe:	bd30      	pophi	{r4, r5, pc}
20000a00:	f011 4f00 	tst.w	r1, #2147483648	@ 0x80000000
20000a04:	ea4f 3101 	mov.w	r1, r1, lsl #12
20000a08:	f44f 1c80 	mov.w	ip, #1048576	@ 0x100000
20000a0c:	ea4c 3111 	orr.w	r1, ip, r1, lsr #12
20000a10:	d002      	beq.n	20000a18 <__adddf3+0x70>
20000a12:	4240      	negs	r0, r0
20000a14:	eb61 0141 	sbc.w	r1, r1, r1, lsl #1
20000a18:	f013 4f00 	tst.w	r3, #2147483648	@ 0x80000000
20000a1c:	ea4f 3303 	mov.w	r3, r3, lsl #12
20000a20:	ea4c 3313 	orr.w	r3, ip, r3, lsr #12
20000a24:	d002      	beq.n	20000a2c <__adddf3+0x84>
20000a26:	4252      	negs	r2, r2
20000a28:	eb63 0343 	sbc.w	r3, r3, r3, lsl #1
20000a2c:	ea94 0f05 	teq	r4, r5
20000a30:	f000 80a7 	beq.w	20000b82 <__adddf3+0x1da>
20000a34:	f1a4 0401 	sub.w	r4, r4, #1
20000a38:	f1d5 0e20 	rsbs	lr, r5, #32
20000a3c:	db0d      	blt.n	20000a5a <__adddf3+0xb2>
20000a3e:	fa02 fc0e 	lsl.w	ip, r2, lr
20000a42:	fa22 f205 	lsr.w	r2, r2, r5
20000a46:	1880      	adds	r0, r0, r2
20000a48:	f141 0100 	adc.w	r1, r1, #0
20000a4c:	fa03 f20e 	lsl.w	r2, r3, lr
20000a50:	1880      	adds	r0, r0, r2
20000a52:	fa43 f305 	asr.w	r3, r3, r5
20000a56:	4159      	adcs	r1, r3
20000a58:	e00e      	b.n	20000a78 <__adddf3+0xd0>
20000a5a:	f1a5 0520 	sub.w	r5, r5, #32
20000a5e:	f10e 0e20 	add.w	lr, lr, #32
20000a62:	2a01      	cmp	r2, #1
20000a64:	fa03 fc0e 	lsl.w	ip, r3, lr
20000a68:	bf28      	it	cs
20000a6a:	f04c 0c02 	orrcs.w	ip, ip, #2
20000a6e:	fa43 f305 	asr.w	r3, r3, r5
20000a72:	18c0      	adds	r0, r0, r3
20000a74:	eb51 71e3 	adcs.w	r1, r1, r3, asr #31
20000a78:	f001 4500 	and.w	r5, r1, #2147483648	@ 0x80000000
20000a7c:	d507      	bpl.n	20000a8e <__adddf3+0xe6>
20000a7e:	f04f 0e00 	mov.w	lr, #0
20000a82:	f1dc 0c00 	rsbs	ip, ip, #0
20000a86:	eb7e 0000 	sbcs.w	r0, lr, r0
20000a8a:	eb6e 0101 	sbc.w	r1, lr, r1
20000a8e:	f5b1 1f80 	cmp.w	r1, #1048576	@ 0x100000
20000a92:	d31b      	bcc.n	20000acc <__adddf3+0x124>
20000a94:	f5b1 1f00 	cmp.w	r1, #2097152	@ 0x200000
20000a98:	d30c      	bcc.n	20000ab4 <__adddf3+0x10c>
20000a9a:	0849      	lsrs	r1, r1, #1
20000a9c:	ea5f 0030 	movs.w	r0, r0, rrx
20000aa0:	ea4f 0c3c 	mov.w	ip, ip, rrx
20000aa4:	f104 0401 	add.w	r4, r4, #1
20000aa8:	ea4f 5244 	mov.w	r2, r4, lsl #21
20000aac:	f512 0f80 	cmn.w	r2, #4194304	@ 0x400000
20000ab0:	f080 809a 	bcs.w	20000be8 <__adddf3+0x240>
20000ab4:	f1bc 4f00 	cmp.w	ip, #2147483648	@ 0x80000000
20000ab8:	bf08      	it	eq
20000aba:	ea5f 0c50 	movseq.w	ip, r0, lsr #1
20000abe:	f150 0000 	adcs.w	r0, r0, #0
20000ac2:	eb41 5104 	adc.w	r1, r1, r4, lsl #20
20000ac6:	ea41 0105 	orr.w	r1, r1, r5
20000aca:	bd30      	pop	{r4, r5, pc}
20000acc:	ea5f 0c4c 	movs.w	ip, ip, lsl #1
20000ad0:	4140      	adcs	r0, r0
20000ad2:	eb41 0101 	adc.w	r1, r1, r1
20000ad6:	3c01      	subs	r4, #1
20000ad8:	bf28      	it	cs
20000ada:	f5b1 1f80 	cmpcs.w	r1, #1048576	@ 0x100000
20000ade:	d2e9      	bcs.n	20000ab4 <__adddf3+0x10c>
20000ae0:	f091 0f00 	teq	r1, #0
20000ae4:	bf04      	itt	eq
20000ae6:	4601      	moveq	r1, r0
20000ae8:	2000      	moveq	r0, #0
20000aea:	fab1 f381 	clz	r3, r1
20000aee:	bf08      	it	eq
20000af0:	3320      	addeq	r3, #32
20000af2:	f1a3 030b 	sub.w	r3, r3, #11
20000af6:	f1b3 0220 	subs.w	r2, r3, #32
20000afa:	da0c      	bge.n	20000b16 <__adddf3+0x16e>
20000afc:	320c      	adds	r2, #12
20000afe:	dd08      	ble.n	20000b12 <__adddf3+0x16a>
20000b00:	f102 0c14 	add.w	ip, r2, #20
20000b04:	f1c2 020c 	rsb	r2, r2, #12
20000b08:	fa01 f00c 	lsl.w	r0, r1, ip
20000b0c:	fa21 f102 	lsr.w	r1, r1, r2
20000b10:	e00c      	b.n	20000b2c <__adddf3+0x184>
20000b12:	f102 0214 	add.w	r2, r2, #20
20000b16:	bfd8      	it	le
20000b18:	f1c2 0c20 	rsble	ip, r2, #32
20000b1c:	fa01 f102 	lsl.w	r1, r1, r2
20000b20:	fa20 fc0c 	lsr.w	ip, r0, ip
20000b24:	bfdc      	itt	le
20000b26:	ea41 010c 	orrle.w	r1, r1, ip
20000b2a:	4090      	lslle	r0, r2
20000b2c:	1ae4      	subs	r4, r4, r3
20000b2e:	bfa2      	ittt	ge
20000b30:	eb01 5104 	addge.w	r1, r1, r4, lsl #20
20000b34:	4329      	orrge	r1, r5
20000b36:	bd30      	popge	{r4, r5, pc}
20000b38:	ea6f 0404 	mvn.w	r4, r4
20000b3c:	3c1f      	subs	r4, #31
20000b3e:	da1c      	bge.n	20000b7a <__adddf3+0x1d2>
20000b40:	340c      	adds	r4, #12
20000b42:	dc0e      	bgt.n	20000b62 <__adddf3+0x1ba>
20000b44:	f104 0414 	add.w	r4, r4, #20
20000b48:	f1c4 0220 	rsb	r2, r4, #32
20000b4c:	fa20 f004 	lsr.w	r0, r0, r4
20000b50:	fa01 f302 	lsl.w	r3, r1, r2
20000b54:	ea40 0003 	orr.w	r0, r0, r3
20000b58:	fa21 f304 	lsr.w	r3, r1, r4
20000b5c:	ea45 0103 	orr.w	r1, r5, r3
20000b60:	bd30      	pop	{r4, r5, pc}
20000b62:	f1c4 040c 	rsb	r4, r4, #12
20000b66:	f1c4 0220 	rsb	r2, r4, #32
20000b6a:	fa20 f002 	lsr.w	r0, r0, r2
20000b6e:	fa01 f304 	lsl.w	r3, r1, r4
20000b72:	ea40 0003 	orr.w	r0, r0, r3
20000b76:	4629      	mov	r1, r5
20000b78:	bd30      	pop	{r4, r5, pc}
20000b7a:	fa21 f004 	lsr.w	r0, r1, r4
20000b7e:	4629      	mov	r1, r5
20000b80:	bd30      	pop	{r4, r5, pc}
20000b82:	f094 0f00 	teq	r4, #0
20000b86:	f483 1380 	eor.w	r3, r3, #1048576	@ 0x100000
20000b8a:	bf06      	itte	eq
20000b8c:	f481 1180 	eoreq.w	r1, r1, #1048576	@ 0x100000
20000b90:	3401      	addeq	r4, #1
20000b92:	3d01      	subne	r5, #1
20000b94:	e74e      	b.n	20000a34 <__adddf3+0x8c>
20000b96:	ea7f 5c64 	mvns.w	ip, r4, asr #21
20000b9a:	bf18      	it	ne
20000b9c:	ea7f 5c65 	mvnsne.w	ip, r5, asr #21
20000ba0:	d029      	beq.n	20000bf6 <__adddf3+0x24e>
20000ba2:	ea94 0f05 	teq	r4, r5
20000ba6:	bf08      	it	eq
20000ba8:	ea90 0f02 	teqeq	r0, r2
20000bac:	d005      	beq.n	20000bba <__adddf3+0x212>
20000bae:	ea54 0c00 	orrs.w	ip, r4, r0
20000bb2:	bf04      	itt	eq
20000bb4:	4619      	moveq	r1, r3
20000bb6:	4610      	moveq	r0, r2
20000bb8:	bd30      	pop	{r4, r5, pc}
20000bba:	ea91 0f03 	teq	r1, r3
20000bbe:	bf1e      	ittt	ne
20000bc0:	2100      	movne	r1, #0
20000bc2:	2000      	movne	r0, #0
20000bc4:	bd30      	popne	{r4, r5, pc}
20000bc6:	ea5f 5c54 	movs.w	ip, r4, lsr #21
20000bca:	d105      	bne.n	20000bd8 <__adddf3+0x230>
20000bcc:	0040      	lsls	r0, r0, #1
20000bce:	4149      	adcs	r1, r1
20000bd0:	bf28      	it	cs
20000bd2:	f041 4100 	orrcs.w	r1, r1, #2147483648	@ 0x80000000
20000bd6:	bd30      	pop	{r4, r5, pc}
20000bd8:	f514 0480 	adds.w	r4, r4, #4194304	@ 0x400000
20000bdc:	bf3c      	itt	cc
20000bde:	f501 1180 	addcc.w	r1, r1, #1048576	@ 0x100000
20000be2:	bd30      	popcc	{r4, r5, pc}
20000be4:	f001 4500 	and.w	r5, r1, #2147483648	@ 0x80000000
20000be8:	f045 41fe 	orr.w	r1, r5, #2130706432	@ 0x7f000000
20000bec:	f441 0170 	orr.w	r1, r1, #15728640	@ 0xf00000
20000bf0:	f04f 0000 	mov.w	r0, #0
20000bf4:	bd30      	pop	{r4, r5, pc}
20000bf6:	ea7f 5c64 	mvns.w	ip, r4, asr #21
20000bfa:	bf1a      	itte	ne
20000bfc:	4619      	movne	r1, r3
20000bfe:	4610      	movne	r0, r2
20000c00:	ea7f 5c65 	mvnseq.w	ip, r5, asr #21
20000c04:	bf1c      	itt	ne
20000c06:	460b      	movne	r3, r1
20000c08:	4602      	movne	r2, r0
20000c0a:	ea50 3401 	orrs.w	r4, r0, r1, lsl #12
20000c0e:	bf06      	itte	eq
20000c10:	ea52 3503 	orrseq.w	r5, r2, r3, lsl #12
20000c14:	ea91 0f03 	teqeq	r1, r3
20000c18:	f441 2100 	orrne.w	r1, r1, #524288	@ 0x80000
20000c1c:	bd30      	pop	{r4, r5, pc}
20000c1e:	bf00      	nop

20000c20 <__aeabi_ui2d>:
20000c20:	f090 0f00 	teq	r0, #0
20000c24:	bf04      	itt	eq
20000c26:	2100      	moveq	r1, #0
20000c28:	4770      	bxeq	lr
20000c2a:	b530      	push	{r4, r5, lr}
20000c2c:	f44f 6480 	mov.w	r4, #1024	@ 0x400
20000c30:	f104 0432 	add.w	r4, r4, #50	@ 0x32
20000c34:	f04f 0500 	mov.w	r5, #0
20000c38:	f04f 0100 	mov.w	r1, #0
20000c3c:	e750      	b.n	20000ae0 <__adddf3+0x138>
20000c3e:	bf00      	nop

20000c40 <__aeabi_i2d>:
20000c40:	f090 0f00 	teq	r0, #0
20000c44:	bf04      	itt	eq
20000c46:	2100      	moveq	r1, #0
20000c48:	4770      	bxeq	lr
20000c4a:	b530      	push	{r4, r5, lr}
20000c4c:	f44f 6480 	mov.w	r4, #1024	@ 0x400
20000c50:	f104 0432 	add.w	r4, r4, #50	@ 0x32
20000c54:	f010 4500 	ands.w	r5, r0, #2147483648	@ 0x80000000
20000c58:	bf48      	it	mi
20000c5a:	4240      	negmi	r0, r0
20000c5c:	f04f 0100 	mov.w	r1, #0
20000c60:	e73e      	b.n	20000ae0 <__adddf3+0x138>
20000c62:	bf00      	nop

20000c64 <__aeabi_f2d>:
20000c64:	0042      	lsls	r2, r0, #1
20000c66:	ea4f 01e2 	mov.w	r1, r2, asr #3
20000c6a:	ea4f 0131 	mov.w	r1, r1, rrx
20000c6e:	ea4f 7002 	mov.w	r0, r2, lsl #28
20000c72:	bf1f      	itttt	ne
20000c74:	f012 437f 	andsne.w	r3, r2, #4278190080	@ 0xff000000
20000c78:	f093 4f7f 	teqne	r3, #4278190080	@ 0xff000000
20000c7c:	f081 5160 	eorne.w	r1, r1, #939524096	@ 0x38000000
20000c80:	4770      	bxne	lr
20000c82:	f032 427f 	bics.w	r2, r2, #4278190080	@ 0xff000000
20000c86:	bf08      	it	eq
20000c88:	4770      	bxeq	lr
20000c8a:	f093 4f7f 	teq	r3, #4278190080	@ 0xff000000
20000c8e:	bf04      	itt	eq
20000c90:	f441 2100 	orreq.w	r1, r1, #524288	@ 0x80000
20000c94:	4770      	bxeq	lr
20000c96:	b530      	push	{r4, r5, lr}
20000c98:	f44f 7460 	mov.w	r4, #896	@ 0x380
20000c9c:	f001 4500 	and.w	r5, r1, #2147483648	@ 0x80000000
20000ca0:	f021 4100 	bic.w	r1, r1, #2147483648	@ 0x80000000
20000ca4:	e71c      	b.n	20000ae0 <__adddf3+0x138>
20000ca6:	bf00      	nop

20000ca8 <__aeabi_ul2d>:
20000ca8:	ea50 0201 	orrs.w	r2, r0, r1
20000cac:	bf08      	it	eq
20000cae:	4770      	bxeq	lr
20000cb0:	b530      	push	{r4, r5, lr}
20000cb2:	f04f 0500 	mov.w	r5, #0
20000cb6:	e00a      	b.n	20000cce <__aeabi_l2d+0x16>

20000cb8 <__aeabi_l2d>:
20000cb8:	ea50 0201 	orrs.w	r2, r0, r1
20000cbc:	bf08      	it	eq
20000cbe:	4770      	bxeq	lr
20000cc0:	b530      	push	{r4, r5, lr}
20000cc2:	f011 4500 	ands.w	r5, r1, #2147483648	@ 0x80000000
20000cc6:	d502      	bpl.n	20000cce <__aeabi_l2d+0x16>
20000cc8:	4240      	negs	r0, r0
20000cca:	eb61 0141 	sbc.w	r1, r1, r1, lsl #1
20000cce:	f44f 6480 	mov.w	r4, #1024	@ 0x400
20000cd2:	f104 0432 	add.w	r4, r4, #50	@ 0x32
20000cd6:	ea5f 5c91 	movs.w	ip, r1, lsr #22
20000cda:	f43f aed8 	beq.w	20000a8e <__adddf3+0xe6>
20000cde:	f04f 0203 	mov.w	r2, #3
20000ce2:	ea5f 0cdc 	movs.w	ip, ip, lsr #3
20000ce6:	bf18      	it	ne
20000ce8:	3203      	addne	r2, #3
20000cea:	ea5f 0cdc 	movs.w	ip, ip, lsr #3
20000cee:	bf18      	it	ne
20000cf0:	3203      	addne	r2, #3
20000cf2:	eb02 02dc 	add.w	r2, r2, ip, lsr #3
20000cf6:	f1c2 0320 	rsb	r3, r2, #32
20000cfa:	fa00 fc03 	lsl.w	ip, r0, r3
20000cfe:	fa20 f002 	lsr.w	r0, r0, r2
20000d02:	fa01 fe03 	lsl.w	lr, r1, r3
20000d06:	ea40 000e 	orr.w	r0, r0, lr
20000d0a:	fa21 f102 	lsr.w	r1, r1, r2
20000d0e:	4414      	add	r4, r2
20000d10:	e6bd      	b.n	20000a8e <__adddf3+0xe6>
20000d12:	bf00      	nop

20000d14 <__aeabi_uldivmod>:
20000d14:	b953      	cbnz	r3, 20000d2c <__aeabi_uldivmod+0x18>
20000d16:	b94a      	cbnz	r2, 20000d2c <__aeabi_uldivmod+0x18>
20000d18:	2900      	cmp	r1, #0
20000d1a:	bf08      	it	eq
20000d1c:	2800      	cmpeq	r0, #0
20000d1e:	bf1c      	itt	ne
20000d20:	f04f 31ff 	movne.w	r1, #4294967295	@ 0xffffffff
20000d24:	f04f 30ff 	movne.w	r0, #4294967295	@ 0xffffffff
20000d28:	f000 b9ac 	b.w	20001084 <__aeabi_idiv0>
20000d2c:	f1ad 0c08 	sub.w	ip, sp, #8
20000d30:	e96d ce04 	strd	ip, lr, [sp, #-16]!
20000d34:	f000 f806 	bl	20000d44 <__udivmoddi4>
20000d38:	f8dd e004 	ldr.w	lr, [sp, #4]
20000d3c:	e9dd 2302 	ldrd	r2, r3, [sp, #8]
20000d40:	b004      	add	sp, #16
20000d42:	4770      	bx	lr

20000d44 <__udivmoddi4>:
20000d44:	e92d 47f0 	stmdb	sp!, {r4, r5, r6, r7, r8, r9, sl, lr}
20000d48:	4606      	mov	r6, r0
20000d4a:	b082      	sub	sp, #8
20000d4c:	4617      	mov	r7, r2
20000d4e:	4608      	mov	r0, r1
20000d50:	9a0a      	ldr	r2, [sp, #40]	@ 0x28
20000d52:	46b4      	mov	ip, r6
20000d54:	460d      	mov	r5, r1
20000d56:	2b00      	cmp	r3, #0
20000d58:	d14d      	bne.n	20000df6 <__udivmoddi4+0xb2>
20000d5a:	428f      	cmp	r7, r1
20000d5c:	46be      	mov	lr, r7
20000d5e:	d965      	bls.n	20000e2c <__udivmoddi4+0xe8>
20000d60:	fab7 f187 	clz	r1, r7
20000d64:	b149      	cbz	r1, 20000d7a <__udivmoddi4+0x36>
20000d66:	f1c1 0320 	rsb	r3, r1, #32
20000d6a:	408d      	lsls	r5, r1
20000d6c:	fa07 fe01 	lsl.w	lr, r7, r1
20000d70:	fa06 fc01 	lsl.w	ip, r6, r1
20000d74:	fa26 f303 	lsr.w	r3, r6, r3
20000d78:	431d      	orrs	r5, r3
20000d7a:	ea4f 461e 	mov.w	r6, lr, lsr #16
20000d7e:	fa1f f08e 	uxth.w	r0, lr
20000d82:	ea4f 431c 	mov.w	r3, ip, lsr #16
20000d86:	fbb5 f4f6 	udiv	r4, r5, r6
20000d8a:	fb06 5514 	mls	r5, r6, r4, r5
20000d8e:	ea43 4305 	orr.w	r3, r3, r5, lsl #16
20000d92:	fb04 f500 	mul.w	r5, r4, r0
20000d96:	429d      	cmp	r5, r3
20000d98:	d906      	bls.n	20000da8 <__udivmoddi4+0x64>
20000d9a:	eb1e 0303 	adds.w	r3, lr, r3
20000d9e:	d202      	bcs.n	20000da6 <__udivmoddi4+0x62>
20000da0:	429d      	cmp	r5, r3
20000da2:	f200 814c 	bhi.w	2000103e <__udivmoddi4+0x2fa>
20000da6:	3c01      	subs	r4, #1
20000da8:	1b5b      	subs	r3, r3, r5
20000daa:	fa1f fc8c 	uxth.w	ip, ip
20000dae:	fbb3 f5f6 	udiv	r5, r3, r6
20000db2:	fb06 3315 	mls	r3, r6, r5, r3
20000db6:	fb05 f000 	mul.w	r0, r5, r0
20000dba:	ea4c 4c03 	orr.w	ip, ip, r3, lsl #16
20000dbe:	4560      	cmp	r0, ip
20000dc0:	d90a      	bls.n	20000dd8 <__udivmoddi4+0x94>
20000dc2:	eb1e 0c0c 	adds.w	ip, lr, ip
20000dc6:	bf2c      	ite	cs
20000dc8:	2301      	movcs	r3, #1
20000dca:	2300      	movcc	r3, #0
20000dcc:	4560      	cmp	r0, ip
20000dce:	d902      	bls.n	20000dd6 <__udivmoddi4+0x92>
20000dd0:	2b00      	cmp	r3, #0
20000dd2:	f000 8137 	beq.w	20001044 <__udivmoddi4+0x300>
20000dd6:	3d01      	subs	r5, #1
20000dd8:	ebac 0c00 	sub.w	ip, ip, r0
20000ddc:	ea45 4004 	orr.w	r0, r5, r4, lsl #16
20000de0:	2400      	movs	r4, #0
20000de2:	b122      	cbz	r2, 20000dee <__udivmoddi4+0xaa>
20000de4:	fa2c f301 	lsr.w	r3, ip, r1
20000de8:	2100      	movs	r1, #0
20000dea:	e9c2 3100 	strd	r3, r1, [r2]
20000dee:	4621      	mov	r1, r4
20000df0:	b002      	add	sp, #8
20000df2:	e8bd 87f0 	ldmia.w	sp!, {r4, r5, r6, r7, r8, r9, sl, pc}
20000df6:	428b      	cmp	r3, r1
20000df8:	d908      	bls.n	20000e0c <__udivmoddi4+0xc8>
20000dfa:	b10a      	cbz	r2, 20000e00 <__udivmoddi4+0xbc>
20000dfc:	e9c2 6100 	strd	r6, r1, [r2]
20000e00:	2400      	movs	r4, #0
20000e02:	4620      	mov	r0, r4
20000e04:	4621      	mov	r1, r4
20000e06:	b002      	add	sp, #8
20000e08:	e8bd 87f0 	ldmia.w	sp!, {r4, r5, r6, r7, r8, r9, sl, pc}
20000e0c:	fab3 f483 	clz	r4, r3
20000e10:	2c00      	cmp	r4, #0
20000e12:	d14d      	bne.n	20000eb0 <__udivmoddi4+0x16c>
20000e14:	428b      	cmp	r3, r1
20000e16:	f0c0 8105 	bcc.w	20001024 <__udivmoddi4+0x2e0>
20000e1a:	42b7      	cmp	r7, r6
20000e1c:	f240 8102 	bls.w	20001024 <__udivmoddi4+0x2e0>
20000e20:	4620      	mov	r0, r4
20000e22:	2a00      	cmp	r2, #0
20000e24:	d0e3      	beq.n	20000dee <__udivmoddi4+0xaa>
20000e26:	e9c2 c500 	strd	ip, r5, [r2]
20000e2a:	e7e0      	b.n	20000dee <__udivmoddi4+0xaa>
20000e2c:	2f00      	cmp	r7, #0
20000e2e:	f000 80a2 	beq.w	20000f76 <__udivmoddi4+0x232>
20000e32:	4619      	mov	r1, r3
20000e34:	fab7 f387 	clz	r3, r7
20000e38:	2b00      	cmp	r3, #0
20000e3a:	f040 80b4 	bne.w	20000fa6 <__udivmoddi4+0x262>
20000e3e:	1bc3      	subs	r3, r0, r7
20000e40:	fa1f f88e 	uxth.w	r8, lr
20000e44:	0c3f      	lsrs	r7, r7, #16
20000e46:	2401      	movs	r4, #1
20000e48:	ea4f 401c 	mov.w	r0, ip, lsr #16
20000e4c:	fbb3 f5f7 	udiv	r5, r3, r7
20000e50:	fb07 3315 	mls	r3, r7, r5, r3
20000e54:	ea40 4303 	orr.w	r3, r0, r3, lsl #16
20000e58:	fb08 f005 	mul.w	r0, r8, r5
20000e5c:	4298      	cmp	r0, r3
20000e5e:	d90a      	bls.n	20000e76 <__udivmoddi4+0x132>
20000e60:	eb1e 0303 	adds.w	r3, lr, r3
20000e64:	bf2c      	ite	cs
20000e66:	2601      	movcs	r6, #1
20000e68:	2600      	movcc	r6, #0
20000e6a:	4298      	cmp	r0, r3
20000e6c:	d902      	bls.n	20000e74 <__udivmoddi4+0x130>
20000e6e:	2e00      	cmp	r6, #0
20000e70:	f000 80e2 	beq.w	20001038 <__udivmoddi4+0x2f4>
20000e74:	3d01      	subs	r5, #1
20000e76:	1a1b      	subs	r3, r3, r0
20000e78:	fa1f fc8c 	uxth.w	ip, ip
20000e7c:	fbb3 f0f7 	udiv	r0, r3, r7
20000e80:	fb07 3310 	mls	r3, r7, r0, r3
20000e84:	ea4c 4c03 	orr.w	ip, ip, r3, lsl #16
20000e88:	fb08 f300 	mul.w	r3, r8, r0
20000e8c:	4563      	cmp	r3, ip
20000e8e:	d90a      	bls.n	20000ea6 <__udivmoddi4+0x162>
20000e90:	eb1e 0c0c 	adds.w	ip, lr, ip
20000e94:	bf2c      	ite	cs
20000e96:	2601      	movcs	r6, #1
20000e98:	2600      	movcc	r6, #0
20000e9a:	4563      	cmp	r3, ip
20000e9c:	d902      	bls.n	20000ea4 <__udivmoddi4+0x160>
20000e9e:	2e00      	cmp	r6, #0
20000ea0:	f000 80c7 	beq.w	20001032 <__udivmoddi4+0x2ee>
20000ea4:	3801      	subs	r0, #1
20000ea6:	ebac 0c03 	sub.w	ip, ip, r3
20000eaa:	ea40 4005 	orr.w	r0, r0, r5, lsl #16
20000eae:	e798      	b.n	20000de2 <__udivmoddi4+0x9e>
20000eb0:	f1c4 0820 	rsb	r8, r4, #32
20000eb4:	40a3      	lsls	r3, r4
20000eb6:	fa06 fa04 	lsl.w	sl, r6, r4
20000eba:	40a1      	lsls	r1, r4
20000ebc:	fa27 fc08 	lsr.w	ip, r7, r8
20000ec0:	fa20 f008 	lsr.w	r0, r0, r8
20000ec4:	fa07 f904 	lsl.w	r9, r7, r4
20000ec8:	ea4c 0c03 	orr.w	ip, ip, r3
20000ecc:	fa26 f308 	lsr.w	r3, r6, r8
20000ed0:	ea4f 461c 	mov.w	r6, ip, lsr #16
20000ed4:	430b      	orrs	r3, r1
20000ed6:	fa1f fe8c 	uxth.w	lr, ip
20000eda:	0c19      	lsrs	r1, r3, #16
20000edc:	fbb0 f7f6 	udiv	r7, r0, r6
20000ee0:	fb06 0017 	mls	r0, r6, r7, r0
20000ee4:	ea41 4100 	orr.w	r1, r1, r0, lsl #16
20000ee8:	fb07 f00e 	mul.w	r0, r7, lr
20000eec:	4288      	cmp	r0, r1
20000eee:	d90a      	bls.n	20000f06 <__udivmoddi4+0x1c2>
20000ef0:	eb1c 0101 	adds.w	r1, ip, r1
20000ef4:	bf2c      	ite	cs
20000ef6:	2501      	movcs	r5, #1
20000ef8:	2500      	movcc	r5, #0
20000efa:	4288      	cmp	r0, r1
20000efc:	d902      	bls.n	20000f04 <__udivmoddi4+0x1c0>
20000efe:	2d00      	cmp	r5, #0
20000f00:	f000 80b2 	beq.w	20001068 <__udivmoddi4+0x324>
20000f04:	3f01      	subs	r7, #1
20000f06:	1a09      	subs	r1, r1, r0
20000f08:	b29b      	uxth	r3, r3
20000f0a:	fbb1 f0f6 	udiv	r0, r1, r6
20000f0e:	fb06 1110 	mls	r1, r6, r0, r1
20000f12:	fb00 fe0e 	mul.w	lr, r0, lr
20000f16:	ea43 4301 	orr.w	r3, r3, r1, lsl #16
20000f1a:	459e      	cmp	lr, r3
20000f1c:	d90a      	bls.n	20000f34 <__udivmoddi4+0x1f0>
20000f1e:	eb1c 0303 	adds.w	r3, ip, r3
20000f22:	bf2c      	ite	cs
20000f24:	2101      	movcs	r1, #1
20000f26:	2100      	movcc	r1, #0
20000f28:	459e      	cmp	lr, r3
20000f2a:	d902      	bls.n	20000f32 <__udivmoddi4+0x1ee>
20000f2c:	2900      	cmp	r1, #0
20000f2e:	f000 809e 	beq.w	2000106e <__udivmoddi4+0x32a>
20000f32:	3801      	subs	r0, #1
20000f34:	ea40 4007 	orr.w	r0, r0, r7, lsl #16
20000f38:	eba3 030e 	sub.w	r3, r3, lr
20000f3c:	fba0 e109 	umull	lr, r1, r0, r9
20000f40:	428b      	cmp	r3, r1
20000f42:	4676      	mov	r6, lr
20000f44:	460f      	mov	r7, r1
20000f46:	d302      	bcc.n	20000f4e <__udivmoddi4+0x20a>
20000f48:	d107      	bne.n	20000f5a <__udivmoddi4+0x216>
20000f4a:	45f2      	cmp	sl, lr
20000f4c:	d205      	bcs.n	20000f5a <__udivmoddi4+0x216>
20000f4e:	ebbe 0609 	subs.w	r6, lr, r9
20000f52:	eb61 010c 	sbc.w	r1, r1, ip
20000f56:	3801      	subs	r0, #1
20000f58:	460f      	mov	r7, r1
20000f5a:	b152      	cbz	r2, 20000f72 <__udivmoddi4+0x22e>
20000f5c:	ebba 0106 	subs.w	r1, sl, r6
20000f60:	eb63 0307 	sbc.w	r3, r3, r7
20000f64:	fa03 f508 	lsl.w	r5, r3, r8
20000f68:	40e1      	lsrs	r1, r4
20000f6a:	40e3      	lsrs	r3, r4
20000f6c:	430d      	orrs	r5, r1
20000f6e:	e9c2 5300 	strd	r5, r3, [r2]
20000f72:	2400      	movs	r4, #0
20000f74:	e73b      	b.n	20000dee <__udivmoddi4+0xaa>
20000f76:	0873      	lsrs	r3, r6, #1
20000f78:	46b8      	mov	r8, r7
20000f7a:	0849      	lsrs	r1, r1, #1
20000f7c:	9701      	str	r7, [sp, #4]
20000f7e:	ea43 73c0 	orr.w	r3, r3, r0, lsl #31
20000f82:	ea4f 7cc6 	mov.w	ip, r6, lsl #31
20000f86:	0c1c      	lsrs	r4, r3, #16
20000f88:	b29b      	uxth	r3, r3
20000f8a:	ea44 4401 	orr.w	r4, r4, r1, lsl #16
20000f8e:	ea43 4304 	orr.w	r3, r3, r4, lsl #16
20000f92:	fbb4 f4f7 	udiv	r4, r4, r7
20000f96:	fbb1 f5f7 	udiv	r5, r1, r7
20000f9a:	211f      	movs	r1, #31
20000f9c:	9801      	ldr	r0, [sp, #4]
20000f9e:	ea44 4405 	orr.w	r4, r4, r5, lsl #16
20000fa2:	1a1b      	subs	r3, r3, r0
20000fa4:	e750      	b.n	20000e48 <__udivmoddi4+0x104>
20000fa6:	4619      	mov	r1, r3
20000fa8:	fa07 fe03 	lsl.w	lr, r7, r3
20000fac:	f1c3 0320 	rsb	r3, r3, #32
20000fb0:	fa00 f401 	lsl.w	r4, r0, r1
20000fb4:	ea4f 471e 	mov.w	r7, lr, lsr #16
20000fb8:	40d8      	lsrs	r0, r3
20000fba:	fa26 f303 	lsr.w	r3, r6, r3
20000fbe:	fa1f f88e 	uxth.w	r8, lr
20000fc2:	fa06 fc01 	lsl.w	ip, r6, r1
20000fc6:	4323      	orrs	r3, r4
20000fc8:	fbb0 f5f7 	udiv	r5, r0, r7
20000fcc:	0c1c      	lsrs	r4, r3, #16
20000fce:	fb07 0015 	mls	r0, r7, r5, r0
20000fd2:	ea44 4000 	orr.w	r0, r4, r0, lsl #16
20000fd6:	fb05 f408 	mul.w	r4, r5, r8
20000fda:	4284      	cmp	r4, r0
20000fdc:	d94a      	bls.n	20001074 <__udivmoddi4+0x330>
20000fde:	eb1e 0000 	adds.w	r0, lr, r0
20000fe2:	bf2c      	ite	cs
20000fe4:	2601      	movcs	r6, #1
20000fe6:	2600      	movcc	r6, #0
20000fe8:	4284      	cmp	r4, r0
20000fea:	d900      	bls.n	20000fee <__udivmoddi4+0x2aa>
20000fec:	b38e      	cbz	r6, 20001052 <__udivmoddi4+0x30e>
20000fee:	1b00      	subs	r0, r0, r4
20000ff0:	3d01      	subs	r5, #1
20000ff2:	fbb0 f4f7 	udiv	r4, r0, r7
20000ff6:	fb04 f608 	mul.w	r6, r4, r8
20000ffa:	46a1      	mov	r9, r4
20000ffc:	9601      	str	r6, [sp, #4]
20000ffe:	fb07 0019 	mls	r0, r7, r9, r0
20001002:	b29b      	uxth	r3, r3
20001004:	9e01      	ldr	r6, [sp, #4]
20001006:	ea43 4300 	orr.w	r3, r3, r0, lsl #16
2000100a:	42b3      	cmp	r3, r6
2000100c:	d2c6      	bcs.n	20000f9c <__udivmoddi4+0x258>
2000100e:	eb1e 0303 	adds.w	r3, lr, r3
20001012:	bf2c      	ite	cs
20001014:	2001      	movcs	r0, #1
20001016:	2000      	movcc	r0, #0
20001018:	42b3      	cmp	r3, r6
2000101a:	d200      	bcs.n	2000101e <__udivmoddi4+0x2da>
2000101c:	b1a8      	cbz	r0, 2000104a <__udivmoddi4+0x306>
2000101e:	f109 34ff 	add.w	r4, r9, #4294967295	@ 0xffffffff
20001022:	e7bb      	b.n	20000f9c <__udivmoddi4+0x258>
20001024:	ebb6 0c07 	subs.w	ip, r6, r7
20001028:	eb60 0303 	sbc.w	r3, r0, r3
2000102c:	2001      	movs	r0, #1
2000102e:	461d      	mov	r5, r3
20001030:	e6f7      	b.n	20000e22 <__udivmoddi4+0xde>
20001032:	44f4      	add	ip, lr
20001034:	3802      	subs	r0, #2
20001036:	e736      	b.n	20000ea6 <__udivmoddi4+0x162>
20001038:	3d02      	subs	r5, #2
2000103a:	4473      	add	r3, lr
2000103c:	e71b      	b.n	20000e76 <__udivmoddi4+0x132>
2000103e:	3c02      	subs	r4, #2
20001040:	4473      	add	r3, lr
20001042:	e6b1      	b.n	20000da8 <__udivmoddi4+0x64>
20001044:	44f4      	add	ip, lr
20001046:	3d02      	subs	r5, #2
20001048:	e6c6      	b.n	20000dd8 <__udivmoddi4+0x94>
2000104a:	f1a9 0402 	sub.w	r4, r9, #2
2000104e:	4473      	add	r3, lr
20001050:	e7a4      	b.n	20000f9c <__udivmoddi4+0x258>
20001052:	ebae 0404 	sub.w	r4, lr, r4
20001056:	3d02      	subs	r5, #2
20001058:	4420      	add	r0, r4
2000105a:	fbb0 f4f7 	udiv	r4, r0, r7
2000105e:	fb04 f608 	mul.w	r6, r4, r8
20001062:	46a1      	mov	r9, r4
20001064:	9601      	str	r6, [sp, #4]
20001066:	e7ca      	b.n	20000ffe <__udivmoddi4+0x2ba>
20001068:	3f02      	subs	r7, #2
2000106a:	4461      	add	r1, ip
2000106c:	e74b      	b.n	20000f06 <__udivmoddi4+0x1c2>
2000106e:	3802      	subs	r0, #2
20001070:	4463      	add	r3, ip
20001072:	e75f      	b.n	20000f34 <__udivmoddi4+0x1f0>
20001074:	1b00      	subs	r0, r0, r4
20001076:	fbb0 f4f7 	udiv	r4, r0, r7
2000107a:	fb04 f608 	mul.w	r6, r4, r8
2000107e:	46a1      	mov	r9, r4
20001080:	9601      	str	r6, [sp, #4]
20001082:	e7bc      	b.n	20000ffe <__udivmoddi4+0x2ba>

20001084 <__aeabi_idiv0>:
20001084:	4770      	bx	lr
20001086:	bf00      	nop

20001088 <__time_us_64_veneer>:
20001088:	f85f f000 	ldr.w	pc, [pc]	@ 2000108c <__time_us_64_veneer+0x4>
2000108c:	1000310d 	.word	0x1000310d

20001090 <__panic_veneer>:
20001090:	f85f f000 	ldr.w	pc, [pc]	@ 20001094 <__panic_veneer+0x4>
20001094:	100023d1 	.word	0x100023d1

20001098 <__tu_fifo_write_veneer>:
20001098:	f85f f000 	ldr.w	pc, [pc]	@ 2000109c <__tu_fifo_write_veneer+0x4>
2000109c:	10007d55 	.word	0x10007d55

200010a0 <__memset_veneer>:
200010a0:	f85f f000 	ldr.w	pc, [pc]	@ 200010a4 <__memset_veneer+0x4>
200010a4:	1000880d 	.word	0x1000880d

200010a8 <__tud_event_hook_cb_veneer>:
200010a8:	f85f f000 	ldr.w	pc, [pc]	@ 200010ac <__tud_event_hook_cb_veneer+0x4>
200010ac:	10006781 	.word	0x10006781

200010b0 <__best_effort_wfe_or_timeout_veneer>:
200010b0:	f85f f000 	ldr.w	pc, [pc]	@ 200010b4 <__best_effort_wfe_or_timeout_veneer+0x4>
200010b4:	10002fc5 	.word	0x10002fc5

200010b8 <audio_dma>:
200010b8:	ffffffff ffffffff                       ........

200010c0 <lcd_dma_slot>:
200010c0:	ffffffff                                ....

200010c4 <striped_spin_lock_num>:
200010c4:	00000010                                ....

200010c8 <irq_handler_chain_slots>:
200010c8:	00000000 	.word	0x00000000
200010cc:	00010000 	.word	0x00010000
	...
200010d8:	00020000 	.word	0x00020000
	...
200010e4:	00030000 	.word	0x00030000
	...
200010f0:	00040000 	.word	0x00040000
	...
200010fc:	00050000 	.word	0x00050000
	...
20001108:	00ff0000 	.word	0x00ff0000
2000110c:	00000000 	.word	0x00000000

20001110 <irq_handler_chain_first_slot>:
20001110:	b501      	push	{r0, lr}
20001112:	6848      	ldr	r0, [r1, #4]
20001114:	3101      	adds	r1, #1
20001116:	468e      	mov	lr, r1
20001118:	4700      	bx	r0

2000111a <irq_handler_chain_remove_tail>:
2000111a:	4670      	mov	r0, lr
2000111c:	3809      	subs	r0, #9
2000111e:	4901      	ldr	r1, [pc, #4]	@ (20001124 <irq_handler_chain_remove_tail+0xa>)
20001120:	4788      	blx	r1
20001122:	bd01      	pop	{r0, pc}
20001124:	10002845 	.word	0x10002845

20001128 <default_alarm_pool>:
	...
2000113c:	20001260                                `.. 

20001140 <stdio_usb>:
20001140:	10005f19 10005ec5 10005e3d 10005dad     ._...^..=^...]..
20001150:	00000000 00000100                       ........

20001158 <_usbd_qdef>:
20001158:	2001125c 000c0010 00000000 00000000     \.. ............
	...

20001174 <_usbd_rhport>:
20001174:	000000ff                                ....

20001178 <i2c1_inst>:
20001178:	40098000 00000000                       ...@....

20001180 <i2c0_inst>:
20001180:	40090000 00000000                       ...@....

20001188 <malloc_mutex>:
	...

20001190 <print_mutex>:
	...
